{"type": "FeatureCollection", "features": [{"type": "Feature", "properties": {"route_short_name": "Cranbourne", "route_long_name": "Cranbourne - City", "route_type": "train", "color": "#4d7cff"}, "geometry": {"type": "LineString", "coordinates": [[144.96692546, -37.81602935], [144.96731315, -37.81688297], [144.96752068, -37.81733083], [144.96808535, -37.8185997], [144.96878916, -37.81953042], [144.97039609, -37.82137526], [144.97081105, -37.82209848], [144.97154663, -37.82453902], [144.97167756, -37.82527159], [144.97170695, -37.82591589], [144.97166382, -37.8266697], [144.97160565, -37.82706774], [144.97151185, -37.82755573], [144.97143851, -37.82801821], [144.97124422, -37.82927534], [144.97121516, -37.82956916], [144.97118981, -37.82999246], [144.97122912, -37.83069767], [144.97128602, -37.83098478], [144.9715148, -37.83153844], [144.97174488, -37.83200344], [144.97190541, -37.83223646], [144.97205012, -37.83236647], [144.97227128, -37.83252257], [144.97247387, -37.83267602], [144.97285734, -37.83304147], [144.97390395, -37.83403753], [144.97433093, -37.83445807], [144.97523198, -37.83537222], [144.97559265, -37.83597851], [144.97592605, -37.83629389], [144.97635575, -37.83661579], [144.97710465, -37.8370742], [144.97743815, -37.83722412], [144.9777545, -37.83733661], [144.97807506, -37.83743179], [144.97840018, -37.83750189], [144.97879159, -37.83757836], [144.97933107, -37.83766729], [144.97980706, -37.83773854], [144.98064264, -37.83783669], [144.98250542, -37.83806517], [144.98291161, -37.83810863], [144.98320821, -37.83813263], [144.98355261, -37.83815403], [144.98431661, -37.83818983], [144.98505887, -37.83821858], [144.98625563, -37.8382523], [144.98647273, -37.83826674], [144.98671282, -37.83829229], [144.98732317, -37.83839573], [144.98761089, -37.83844976], [144.98874654, -37.83871294], [144.98975162, -37.8390311], [144.990821, -37.83944659], [144.99140565, -37.83966853], [144.99208116, -37.839976], [144.99226109, -37.84009171], [144.99260247, -37.84040114], [144.99289195, -37.84070923], [144.9930133, -37.84080637], [144.99322604, -37.84095671], [144.99330685, -37.84100666], [144.99351557, -37.84112503], [144.99381992, -37.84126639], [144.9940569, -37.84136126], [144.99432149, -37.84145589], [144.99480239, -37.84161989], [144.99603955, -37.84205271], [144.99664173, -37.84227933], [144.99700539, -37.84243394], [144.99885295, -37.84326128], [145.00002737, -37.8437932], [145.00025862, -37.84389013], [145.00051765, -37.84399799], [145.00077142, -37.84409449], [145.00108698, -37.84420042], [145.00134915, -37.8442803], [145.00162002, -37.84437087], [145.00188874, -37.84446924], [145.00205248, -37.84453294], [145.00225045, -37.84461686], [145.00244576, -37.84470687], [145.0027258, -37.84484482], [145.00314761, -37.84506087], [145.00331654, -37.84513871], [145.0036307, -37.84526326], [145.00551701, -37.84593589], [145.0070829, -37.84649798], [145.00730063, -37.84657412], [145.00917311, -37.84727781], [145.00945317, -37.84738618], [145.0096654, -37.84747304], [145.01001039, -37.84762657], [145.01017914, -37.84770756], [145.01034596, -37.84779256], [145.01067329, -37.84796923], [145.01083492, -37.84806127], [145.01099237, -37.84815693], [145.01143891, -37.84844808], [145.01163621, -37.84859163], [145.01183003, -37.84873801], [145.01201872, -37.84889341], [145.01220572, -37.84905229], [145.01262599, -37.8494459], [145.01272416, -37.8495402], [145.01386722, -37.85068443], [145.01442148, -37.85123584], [145.01503475, -37.85185466], [145.01738966, -37.85428067], [145.0183684, -37.855298], [145.01849318, -37.8554177], [145.01863698, -37.85554818], [145.01904775, -37.8558961], [145.01914061, -37.8559812], [145.01932528, -37.85615616], [145.01951177, -37.85635269], [145.01967036, -37.85653406], [145.01993026, -37.85686277], [145.02006968, -37.85703409], [145.02016588, -37.85714736], [145.02048955, -37.85749714], [145.02425515, -37.86142674], [145.02460261, -37.86178096], [145.0248471, -37.86202424], [145.02510819, -37.86226734], [145.02579093, -37.86289169], [145.02781774, -37.86473974], [145.02846163, -37.86533521], [145.02880973, -37.86564978], [145.02930575, -37.86610444], [145.02949053, -37.86626443], [145.03013778, -37.8668285], [145.03075527, -37.86736233], [145.0312545, -37.86779964], [145.03529382, -37.87142472], [145.03538213, -37.87150658], [145.03897122, -37.87473173], [145.03952009, -37.87521724], [145.0396858, -37.8753604], [145.03997528, -37.87560386], [145.04034398, -37.87590838], [145.04048913, -37.87602551], [145.04070322, -37.87618399], [145.04093133, -37.87634108], [145.04122879, -37.87652807], [145.04137434, -37.87660871], [145.04166733, -37.87675904], [145.04202165, -37.8769458], [145.04235216, -37.87714298], [145.04243469, -37.877195], [145.04307266, -37.87761429], [145.04349115, -37.87789422], [145.04366194, -37.87802241], [145.04468784, -37.87887657], [145.04480513, -37.87895998], [145.04606171, -37.87979813], [145.0464644, -37.88008292], [145.04720257, -37.88063227], [145.04755434, -37.88087386], [145.04787838, -37.88108479], [145.04824702, -37.88130358], [145.04914413, -37.88181113], [145.04970918, -37.88213573], [145.05008191, -37.88234611], [145.05026875, -37.88244852], [145.05064719, -37.88264088], [145.05104255, -37.88282559], [145.05123848, -37.88291103], [145.05244627, -37.88340991], [145.05284545, -37.88358377], [145.05640447, -37.88518353], [145.05856914, -37.88615964], [145.05965851, -37.88664704], [145.06480657, -37.8889944], [145.06560755, -37.88933316], [145.06738847, -37.89013492], [145.06862515, -37.89069422], [145.06928806, -37.89099194], [145.07006491, -37.89133353], [145.07263458, -37.89249148], [145.0738161, -37.89303243], [145.07581332, -37.89393204], [145.07803737, -37.89493617], [145.07831122, -37.89506681], [145.07927615, -37.89554361], [145.07982092, -37.89579555], [145.08460825, -37.89795539], [145.08551746, -37.89836887], [145.08582516, -37.89851986], [145.08603698, -37.89863578], [145.08624986, -37.89876387], [145.08653954, -37.89895648], [145.08701097, -37.89930218], [145.08739902, -37.89960038], [145.08834829, -37.90031774], [145.08884194, -37.90068893], [145.08960532, -37.90126826], [145.08986586, -37.90147129], [145.09064942, -37.90209789], [145.09097504, -37.90234857], [145.09356135, -37.9043084], [145.09432438, -37.90488246], [145.09579535, -37.90599797], [145.10055983, -37.90960284], [145.10089939, -37.90984947], [145.10141753, -37.91021083], [145.10162504, -37.91035972], [145.10248256, -37.91100609], [145.10353712, -37.9117936], [145.10483936, -37.91278399], [145.10769449, -37.91494448], [145.10999657, -37.91667913], [145.11132517, -37.91768618], [145.11343932, -37.91928067], [145.11481434, -37.9203224], [145.11505195, -37.92049761], [145.11534441, -37.92070317], [145.11555569, -37.92084489], [145.11636904, -37.92136816], [145.11659507, -37.92151606], [145.11680545, -37.92165758], [145.11703204, -37.92181882], [145.11717978, -37.92192744], [145.11794836, -37.92252109], [145.11831888, -37.92280287], [145.11859671, -37.92300737], [145.11944944, -37.92361651], [145.11973738, -37.9238264], [145.12095345, -37.9247417], [145.12385754, -37.92693691], [145.12431776, -37.92729463], [145.12468734, -37.9275926], [145.12661866, -37.92917322], [145.12699323, -37.92946793], [145.12756875, -37.92990109], [145.12897078, -37.93093894], [145.12960608, -37.93140243], [145.12987703, -37.93160734], [145.13013944, -37.93180779], [145.13218454, -37.93343348], [145.13254064, -37.93370886], [145.13649462, -37.93669329], [145.13811702, -37.9379226], [145.13890051, -37.93851563], [145.13916054, -37.93870863], [145.14302317, -37.94162264], [145.14595555, -37.9438448], [145.14721765, -37.94478371], [145.14913783, -37.94622366], [145.15051396, -37.94717939], [145.15077336, -37.94736379], [145.15138972, -37.94778559], [145.15244177, -37.94853334], [145.15303962, -37.94898629], [145.15330321, -37.94918112], [145.15394251, -37.94966536], [145.15474987, -37.95026956], [145.15540806, -37.95077779], [145.1555818, -37.95092948], [145.15587642, -37.95117643], [145.15656525, -37.95176173], [145.15796507, -37.95289311], [145.15860575, -37.95340681], [145.15948755, -37.95405018], [145.16066646, -37.9549389], [145.16130405, -37.95538594], [145.16169245, -37.95564362], [145.16223869, -37.95599839], [145.16276292, -37.95636426], [145.16336712, -37.95683682], [145.16377786, -37.95715801], [145.16544213, -37.95853396], [145.16602264, -37.95897198], [145.16649783, -37.95932048], [145.16687416, -37.95957544], [145.16732932, -37.95987379], [145.16812527, -37.96040059], [145.16843346, -37.96061789], [145.1687385, -37.9608382], [145.17070404, -37.96231393], [145.17207615, -37.96334927], [145.17288032, -37.96395204], [145.17406307, -37.9648314], [145.17432847, -37.96501747], [145.17544248, -37.96583808], [145.17596689, -37.96623859], [145.17670872, -37.96680513], [145.17685776, -37.9669099], [145.17816135, -37.96794258], [145.1795656, -37.96902619], [145.18340211, -37.97219974], [145.18407397, -37.97272307], [145.18514284, -37.97350864], [145.18648397, -37.97451496], [145.18742224, -37.97521117], [145.18833262, -37.97581052], [145.18875379, -37.97609096], [145.18990522, -37.97684739], [145.19149591, -37.97796086], [145.1931677, -37.9791307], [145.19811872, -37.98257403], [145.20002869, -37.98388333], [145.20059124, -37.98428531], [145.20138116, -37.98484216], [145.20314365, -37.98606407], [145.20407744, -37.98671773], [145.20436815, -37.98691367], [145.20511556, -37.98743686], [145.20605657, -37.9880853], [145.20635186, -37.98829437], [145.20665338, -37.98850038], [145.20675665, -37.98856612], [145.20694052, -37.98867473], [145.20703595, -37.98872584], [145.20737375, -37.9888914], [145.20979475, -37.99000844], [145.21002039, -37.99011389], [145.2110531, -37.99058624], [145.21116091, -37.99063862], [145.21175235, -37.99091112], [145.21240545, -37.99120898], [145.21283859, -37.99141662], [145.21293516, -37.99146801], [145.21314428, -37.99158798], [145.21325076, -37.99165809], [145.2134074, -37.99177249], [145.21349152, -37.99183964], [145.21355067, -37.99188921], [145.21363045, -37.99196161], [145.21370708, -37.99204136], [145.21385451, -37.99220239], [145.21392612, -37.99229251], [145.2140524, -37.99246629], [145.21445632, -37.99308099], [145.21451649, -37.99317806], [145.2148343, -37.99366214], [145.21579668, -37.99514207], [145.21639609, -37.99605082], [145.21655815, -37.99628551], [145.21674623, -37.9965415], [145.21691015, -37.99674658], [145.21706283, -37.99692643], [145.21728525, -37.99716582], [145.21757035, -37.99744581], [145.21771503, -37.99758003], [145.21796537, -37.99779533], [145.2181778, -37.9979632], [145.21841956, -37.99814268], [145.21870152, -37.99833593], [145.21886225, -37.99843768], [145.21908828, -37.99857538], [145.21929163, -37.99869057], [145.21950618, -37.99880854], [145.21985276, -37.99898141], [145.22059125, -37.99932233], [145.22135728, -37.99970728], [145.22184085, -37.99992808], [145.22213775, -38.00007902], [145.22239348, -38.00021788], [145.2225285, -38.00029553], [145.22270026, -38.00040312], [145.22282694, -38.000491], [145.22295567, -38.00058848], [145.22305962, -38.00067494], [145.22317695, -38.00078233], [145.22329634, -38.00090787], [145.22340632, -38.00103227], [145.22348229, -38.00113084], [145.22354647, -38.00122274], [145.22361718, -38.00133654], [145.22370296, -38.00149131], [145.22376856, -38.00162351], [145.22383135, -38.00177289], [145.22429396, -38.00298187], [145.22443613, -38.00332503], [145.22540601, -38.00552216], [145.22561698, -38.00600703], [145.22611694, -38.00709113], [145.2265838, -38.00812146], [145.22684805, -38.0087214], [145.22711913, -38.00935037], [145.22741382, -38.01005828], [145.22767041, -38.01070262], [145.22800915, -38.01158286], [145.22829834, -38.01232124], [145.22852528, -38.01287302], [145.22878116, -38.01347202], [145.22954979, -38.01519098], [145.22979164, -38.01570604], [145.23015267, -38.01653759], [145.23110624, -38.01870163], [145.23126589, -38.01906919], [145.23205228, -38.02073136], [145.23227791, -38.02124013], [145.23288978, -38.02259606], [145.23313132, -38.02316852], [145.23368321, -38.02441404], [145.23405199, -38.025263], [145.23432872, -38.02588447], [145.23463875, -38.02660412], [145.23510152, -38.02762968], [145.23531732, -38.0281273], [145.23613999, -38.02988056], [145.23638486, -38.03039709], [145.23670069, -38.03109538], [145.23701775, -38.03181829], [145.238026, -38.03408942], [145.23833345, -38.03475811], [145.23848091, -38.03509024], [145.23886489, -38.03597014], [145.23935345, -38.03710358], [145.23959755, -38.03765876], [145.24003493, -38.03864147], [145.24067566, -38.04006456], [145.24100085, -38.04077947], [145.2413135, -38.041433], [145.24200936, -38.042816], [145.24241361, -38.04363329], [145.24292368, -38.04463356], [145.24357264, -38.04594051], [145.24439211, -38.04748585], [145.2454587, -38.0496081], [145.24579972, -38.0502797], [145.24604021, -38.05077516], [145.24634217, -38.05138796], [145.24678381, -38.05226599], [145.24747637, -38.05365242], [145.24784505, -38.05437913], [145.24801295, -38.05468407], [145.24844874, -38.0554408], [145.24860675, -38.05572126], [145.24877954, -38.05604096], [145.24885166, -38.05617613], [145.24933755, -38.05715088], [145.24956279, -38.05759455], [145.24967775, -38.0578211], [145.25043341, -38.05934769], [145.25062547, -38.05975887], [145.25119506, -38.0610737], [145.25215711, -38.06302122], [145.25303347, -38.06475361], [145.25341748, -38.06549207], [145.25356933, -38.06575504], [145.25380273, -38.06613115], [145.25402497, -38.06647293], [145.25431365, -38.06688302], [145.25539941, -38.06831264], [145.25703756, -38.07054664], [145.25750357, -38.07114761], [145.25802787, -38.07185254], [145.25825516, -38.07214158], [145.25865933, -38.07267819], [145.25966151, -38.07398568], [145.2604316, -38.0750047], [145.26123614, -38.07604818], [145.26227945, -38.07743791], [145.26247941, -38.07769329], [145.26291022, -38.07826263], [145.2632074, -38.07864506], [145.26345722, -38.07897616], [145.26424384, -38.08001467], [145.26438592, -38.08019674], [145.27655672, -38.09619644], [145.27732144, -38.09719697], [145.27754244, -38.09746416], [145.27768555, -38.0976054], [145.27787681, -38.09777961], [145.27799426, -38.09787722], [145.27844182, -38.09818981], [145.27854356, -38.09826673], [145.278741, -38.09842526], [145.27884579, -38.09850367], [145.27924213, -38.09876387], [145.27945535, -38.09891587], [145.27951309, -38.09895808], [145.27980707, -38.0991875], [145.28009994, -38.09940077], [145.28037542, -38.09957774], [145.28071977, -38.0997942]]}}, {"type": "Feature", "properties": {"route_short_name": "Replacement Bus", "route_long_name": "Sunbury - City", "route_type": "train", "color": "#4d7cff"}, "geometry": {"type": "LineString", "coordinates": [[144.83280363, -37.78929707], [144.83270205, -37.78931467], [144.83266719, -37.78931853], [144.8326419, -37.78931752], [144.83258995, -37.78930774], [144.83256287, -37.78929787], [144.83254934, -37.78929059], [144.83253213, -37.78927721], [144.83251597, -37.78925906], [144.83227985, -37.78894193], [144.8322509, -37.78888732], [144.83222816, -37.78883004], [144.83221985, -37.78880348], [144.83221614, -37.788779], [144.83221456, -37.78873968], [144.83211725, -37.78869301], [144.83199755, -37.78868576], [144.8318563, -37.78870478], [144.83171942, -37.78873353], [144.83162483, -37.78885029], [144.83161078, -37.78887239], [144.8315742, -37.78896606], [144.83155765, -37.78901947], [144.83153145, -37.78907693], [144.83151417, -37.7892016], [144.83141445, -37.78979678], [144.83128646, -37.79049607], [144.83109419, -37.79164214], [144.83107612, -37.79179807], [144.83104374, -37.79200059], [144.83099246, -37.7922864], [144.83083587, -37.79305473], [144.8305358, -37.79467867], [144.83045909, -37.7950689], [144.83045393, -37.79510549], [144.83030115, -37.79591408], [144.83323934, -37.79625402], [144.83422815, -37.79636296], [144.83555949, -37.79651783], [144.83878637, -37.79687899], [144.83914925, -37.79692449], [144.84009062, -37.79702908], [144.84160694, -37.79720494], [144.8422575, -37.79727724], [144.84403641, -37.79748429], [144.84501461, -37.79759213], [144.84537969, -37.79763639], [144.84577865, -37.79767947], [144.84657438, -37.79775872], [144.84749265, -37.79786563], [144.84926526, -37.79809086], [144.84974663, -37.79814354], [144.84991104, -37.79816421], [144.85105975, -37.79828277], [144.8515873, -37.79834466], [144.85226931, -37.79843001], [144.85476109, -37.79870567], [144.85533204, -37.79877086], [144.85610605, -37.79886399], [144.8578372, -37.79905212], [144.85910141, -37.79920307], [144.86196612, -37.79951348], [144.86276933, -37.79960647], [144.86529997, -37.79990028], [144.87167824, -37.80062365], [144.87400858, -37.80088293], [144.87623492, -37.80113362], [144.87887236, -37.80142158], [144.87980377, -37.80152929], [144.88028215, -37.80158061], [144.88043521, -37.80159364], [144.88050172, -37.80160331], [144.88053253, -37.80161017], [144.88059585, -37.80163204], [144.88065882, -37.80166174], [144.88076835, -37.80173571], [144.88082589, -37.80178514], [144.88094139, -37.8018923], [144.88099255, -37.80193052], [144.88103848, -37.80195649], [144.88110955, -37.80198931], [144.88114563, -37.8020024], [144.88121225, -37.80202], [144.88144514, -37.8020496], [144.88181758, -37.80208442], [144.88218835, -37.80212993], [144.88224525, -37.80214194], [144.88227774, -37.80215379], [144.88234208, -37.80218361], [144.88337252, -37.80230351], [144.88382859, -37.8023492], [144.88399095, -37.80236266], [144.88413275, -37.80236863], [144.88421605, -37.80237103], [144.88435228, -37.80236897], [144.88454959, -37.80234828], [144.88472172, -37.80231821], [144.8853052, -37.80219685], [144.88547464, -37.80216979], [144.88562765, -37.80215298], [144.88578225, -37.80214792], [144.88611776, -37.80215953], [144.88657429, -37.80220088], [144.88773583, -37.80232013], [144.88786086, -37.8023367], [144.8879525, -37.80235322], [144.88808715, -37.80238672], [144.88824806, -37.80243944], [144.88836689, -37.80248618], [144.8886167, -37.80259997], [144.88885489, -37.80270283], [144.88896172, -37.80274413], [144.88903784, -37.80276342], [144.88914663, -37.8027797], [144.89122147, -37.80301018], [144.89142468, -37.80303716], [144.89183057, -37.80310219], [144.89196087, -37.80312543], [144.89205507, -37.80315568], [144.89210626, -37.80317678], [144.89220505, -37.80322541], [144.89242185, -37.80332193], [144.8924723, -37.80333708], [144.89253503, -37.80334784], [144.89283993, -37.80338961], [144.89443349, -37.80358709], [144.89508394, -37.80367514], [144.8961411, -37.80380776], [144.89727073, -37.80395662], [144.89803583, -37.80404706], [144.89863905, -37.80413487], [144.89878478, -37.80415063], [144.899124, -37.80228838], [144.89919714, -37.80227662], [144.89927803, -37.80225553], [144.89944715, -37.80219114], [144.89954875, -37.80215682], [144.89972086, -37.80207923], [144.89990854, -37.80200526], [144.90050661, -37.80175315], [144.90079916, -37.80162526], [144.90089683, -37.80158537], [144.90137445, -37.80137913]]}}, {"type": "Feature", "properties": {"route_short_name": "Sandringham", "route_long_name": "Sandringham - City", "route_type": "train", "color": "#4d7cff"}, "geometry": {"type": "LineString", "coordinates": [[145.00450534, -37.95028507], [145.00473235, -37.94909993], [145.00477655, -37.94885024], [145.00479416, -37.94876718], [145.00500883, -37.94764662], [145.005041, -37.94746694], [145.0054709, -37.94522123], [145.00555967, -37.94474133], [145.00558269, -37.94459673], [145.0056093, -37.94437873], [145.00562625, -37.9442105], [145.0056333, -37.94402129], [145.00563458, -37.94385613], [145.00563239, -37.94377291], [145.00562864, -37.94368453], [145.00561627, -37.94351491], [145.00558949, -37.94329313], [145.00555799, -37.94310731], [145.00551338, -37.94290109], [145.005473, -37.94274486], [145.00541745, -37.9425563], [145.00533784, -37.94233146], [145.00527644, -37.94218254], [145.00524551, -37.94211434], [145.0052039, -37.9420246], [145.00511367, -37.94184337], [145.00504658, -37.94171959], [145.00494044, -37.94153764], [145.00482476, -37.94135914], [145.00474771, -37.941246], [145.00468087, -37.94115502], [145.00459077, -37.94103652], [145.00452492, -37.94095547], [145.00439356, -37.94080158], [145.0042641, -37.94066123], [145.00407344, -37.94047028], [145.00398388, -37.94038649], [145.00361035, -37.94004429], [145.00255859, -37.93909481], [145.0022637, -37.93882413], [145.00215585, -37.93873101], [145.00150951, -37.93814806], [144.99892843, -37.93581811], [144.99868503, -37.93560066], [144.99758226, -37.93460269], [144.99740745, -37.93444931], [144.99732485, -37.93438176], [144.99717116, -37.93426334], [144.99708525, -37.93420087], [144.99687375, -37.93406191], [144.99669613, -37.9339576], [144.99656224, -37.9338853], [144.9962737, -37.93374259], [144.99605603, -37.93363822], [144.99500687, -37.93314444], [144.9947204, -37.93300096], [144.99461602, -37.93294421], [144.99450221, -37.93287846], [144.99430539, -37.93275643], [144.99413267, -37.93263498], [144.99406826, -37.93258549], [144.99388998, -37.93243871], [144.99381645, -37.93237284], [144.99368668, -37.93224933], [144.9936211, -37.93218414], [144.99344369, -37.93199692], [144.99210499, -37.9305378], [144.9919489, -37.93037031], [144.99178831, -37.93020518], [144.99168944, -37.93010896], [144.99145246, -37.9298871], [144.99025317, -37.92880541], [144.99007728, -37.92864226], [144.98992537, -37.92848863], [144.98985656, -37.92841266], [144.98974905, -37.92828304], [144.98968135, -37.92819582], [144.98957557, -37.92804442], [144.98952705, -37.9279669], [144.98944915, -37.92783202], [144.98941843, -37.92777391], [144.9893451, -37.92760882], [144.98930955, -37.92751062], [144.9892819, -37.92742336], [144.98926494, -37.92736089], [144.98925225, -37.92730057], [144.98922775, -37.92713893], [144.98922009, -37.92704851], [144.98921338, -37.92687302], [144.9892175, -37.92670503], [144.98922464, -37.92659764], [144.98924615, -37.92642616], [144.9892583, -37.92635166], [144.98927653, -37.9262505], [144.98931529, -37.92609319], [144.989373, -37.9259043], [144.98940533, -37.92581554], [144.98947475, -37.92564371], [144.98964435, -37.92525208], [144.98970452, -37.9251355], [144.99031498, -37.92413708], [144.99035592, -37.92405821], [144.99043284, -37.92388623], [144.99045476, -37.9238419], [144.99051192, -37.92373943], [144.9928238, -37.91995399], [144.99463898, -37.91697424], [144.99475058, -37.91679798], [144.99483256, -37.9166779], [144.99494605, -37.91651573], [144.99505286, -37.91637364], [144.99521058, -37.91618284], [144.99539377, -37.91597572], [144.99546669, -37.91589586], [144.99562405, -37.91573083], [144.99578455, -37.91557199], [144.99587586, -37.91548514], [144.99602906, -37.91534744], [144.99634635, -37.91507366], [144.99940245, -37.91244263], [144.9997053, -37.91217598], [144.99986345, -37.91203133], [144.99997123, -37.91192854], [145.0002255, -37.91167044], [145.00029673, -37.91159397], [145.00039169, -37.91148528], [145.00055635, -37.91128937], [145.0007104, -37.91109454], [145.00088024, -37.91085871], [145.00100987, -37.91066257], [145.00110515, -37.91050837], [145.00120826, -37.91032962], [145.00134569, -37.91007233], [145.00144333, -37.90987294], [145.00155693, -37.90961749], [145.00162192, -37.90945206], [145.00170939, -37.90920392], [145.00174215, -37.90910283], [145.00181569, -37.90883571], [145.00186216, -37.90864013], [145.00190388, -37.90844763], [145.00196525, -37.90813813], [145.00209444, -37.9074704], [145.00227349, -37.90651477], [145.00242846, -37.90571798], [145.00246478, -37.90551051], [145.00262085, -37.90470193], [145.00276787, -37.90394177], [145.00284077, -37.90354253], [145.00291619, -37.9031591], [145.00371904, -37.89893704], [145.00406248, -37.89715269], [145.00415946, -37.89661886], [145.00422248, -37.89626866], [145.00426475, -37.89600912], [145.00459582, -37.89426457], [145.00465137, -37.893951], [145.00467093, -37.89383283], [145.00469936, -37.8935972], [145.00472461, -37.89322617], [145.00473135, -37.89299351], [145.00473235, -37.89288079], [145.00472701, -37.89256484], [145.00471135, -37.89227719], [145.00468205, -37.89194723], [145.00464152, -37.89165411], [145.00459798, -37.89139654], [145.0045463, -37.89114189], [145.00450984, -37.89098447], [145.00446225, -37.89080117], [145.00441461, -37.89062833], [145.00431485, -37.8902969], [145.00409185, -37.88961526], [145.00400181, -37.88936618], [145.00388965, -37.88909834], [145.00383496, -37.88898423], [145.0037274, -37.88877757], [145.00359882, -37.88855793], [145.00349168, -37.88839048], [145.00337141, -37.88821217], [145.00300698, -37.88768601], [145.00257973, -37.8870902], [145.0022508, -37.88664332], [145.00206531, -37.88639649], [145.00196923, -37.88627437], [145.00182143, -37.88609721], [145.00159365, -37.88583309], [145.00140342, -37.88560186], [145.0011899, -37.88531932], [145.0009692, -37.88501656], [145.00085084, -37.88485243], [145.00076066, -37.88472275], [145.00056646, -37.88442414], [145.00035846, -37.88411024], [145.00029398, -37.88401804], [144.99909657, -37.88238441], [144.99775834, -37.88056561], [144.99746098, -37.88013934], [144.99721997, -37.87978126], [144.99713923, -37.87965616], [144.99704165, -37.87950184], [144.99688135, -37.87922876], [144.99676756, -37.87902226], [144.99666042, -37.87881812], [144.99650564, -37.87851359], [144.99590815, -37.87731919], [144.99580676, -37.87712128], [144.99516627, -37.87584449], [144.99381489, -37.87315652], [144.99372987, -37.87297582], [144.99365679, -37.87281174], [144.99361115, -37.87270029], [144.99355433, -37.87255297], [144.99351755, -37.87245051], [144.99345723, -37.87226006], [144.99339984, -37.87204974], [144.9933605, -37.87187397], [144.99334357, -37.87178573], [144.99331591, -37.87160691], [144.99330587, -37.87152032], [144.99329826, -37.87143638], [144.9932907, -37.87125413], [144.99328824, -37.87108061], [144.99329072, -37.87093484], [144.99330954, -37.87066436], [144.99331777, -37.87058303], [144.99334009, -37.87040976], [144.99336202, -37.87027198], [144.99352819, -37.86936409], [144.99361156, -37.86892223], [144.99380226, -37.86787651], [144.99391398, -37.86728238], [144.9941202, -37.86613753], [144.99450674, -37.86406457], [144.9947896, -37.86251153], [144.99487006, -37.86208854], [144.99493624, -37.86171433], [144.99496027, -37.86153234], [144.99497373, -37.86139649], [144.9949786, -37.86132592], [144.9949835, -37.86118263], [144.99498453, -37.86102737], [144.99498275, -37.86094624], [144.99497492, -37.86079038], [144.99496057, -37.86063631], [144.9949306, -37.86041681], [144.99491725, -37.86033899], [144.99490286, -37.86026197], [144.99486935, -37.86011441], [144.99481428, -37.85989819], [144.99479581, -37.85983731], [144.9947489, -37.85969341], [144.99469721, -37.85955014], [144.99466597, -37.85946949], [144.99461141, -37.8593397], [144.99454842, -37.85920191], [144.99449521, -37.8590935], [144.9944105, -37.85893534], [144.99433237, -37.85879856], [144.99418731, -37.85856881], [144.99396412, -37.85823599], [144.99354568, -37.85762174], [144.99343636, -37.85746586], [144.99326644, -37.85724326], [144.99304847, -37.85697838], [144.99283296, -37.85674401], [144.99271565, -37.85662711], [144.99261281, -37.85653001], [144.99233767, -37.85629822], [144.99194633, -37.85600542], [144.99134864, -37.85556428], [144.99125435, -37.85549148], [144.99117433, -37.85542451], [144.99106603, -37.85532759], [144.99094484, -37.85521143], [144.99081671, -37.85507479], [144.99069222, -37.85492947], [144.99062684, -37.85484662], [144.99054766, -37.85474073], [144.99041347, -37.85454667], [144.99028855, -37.85435051], [144.99014713, -37.85411307], [144.99005628, -37.85394687], [144.98993795, -37.85370487], [144.98985103, -37.85349882], [144.98979356, -37.8533468], [144.98974405, -37.85319474], [144.98966895, -37.85292157], [144.98963595, -37.85277268], [144.98960686, -37.85261339], [144.98957955, -37.85243476], [144.98955214, -37.85217584], [144.98954144, -37.85199659], [144.98953646, -37.85177437], [144.98953906, -37.85162419], [144.98954636, -37.85144759], [144.98956584, -37.85125742], [144.98958125, -37.85114197], [144.98961276, -37.85092758], [144.98981432, -37.84970794], [144.98995404, -37.84887359], [144.9901077, -37.8480866], [144.99156357, -37.84093467], [144.99165892, -37.84047354], [144.99170136, -37.84027889], [144.99210533, -37.8385193], [144.99252546, -37.83668238], [144.99262444, -37.83624583], [144.99272375, -37.83579351], [144.99277353, -37.83552472], [144.99281976, -37.83520686], [144.99287755, -37.83477221], [144.99292106, -37.83447079], [144.99297762, -37.83418266], [144.99326893, -37.8327871], [144.99358565, -37.83130898], [144.99373963, -37.83051983], [144.99381073, -37.83009289], [144.99405067, -37.82869682], [144.99408434, -37.82833882], [144.99406283, -37.82792463], [144.99399445, -37.82755912], [144.99392234, -37.8273061], [144.99388575, -37.82720554], [144.99380264, -37.82702307], [144.99369135, -37.82681976], [144.99358546, -37.82663538], [144.99346939, -37.82646578], [144.99319379, -37.82614603], [144.99291616, -37.82589708], [144.99250163, -37.82557703], [144.99226445, -37.8254161], [144.99200377, -37.82524637], [144.99133973, -37.82483907], [144.9911247, -37.82471599], [144.99094625, -37.82462698], [144.99079877, -37.82456453], [144.99060438, -37.8244893], [144.99040186, -37.82442889], [144.99001016, -37.82431866], [144.98952451, -37.82418781], [144.98914385, -37.82408533], [144.98722619, -37.82355556], [144.98686013, -37.82344747], [144.98659863, -37.82336279], [144.98630888, -37.82325997], [144.98620428, -37.82322511], [144.98615039, -37.82320166], [144.98586227, -37.82306408], [144.9856962, -37.82298797], [144.98533792, -37.82281089], [144.98516222, -37.82273777], [144.98480545, -37.82261397], [144.98459159, -37.82252812], [144.98409106, -37.82231417], [144.98350955, -37.82205801], [144.9833355, -37.82197483], [144.98320289, -37.82190506], [144.98302699, -37.82181012], [144.98274815, -37.82165368], [144.98229748, -37.82138642], [144.98201241, -37.82120797], [144.98175883, -37.82101681], [144.98139254, -37.82071764], [144.98121535, -37.8205788], [144.98108912, -37.82049183], [144.98082241, -37.82032352], [144.98057695, -37.82018052], [144.97984612, -37.8198478], [144.97950281, -37.8196477], [144.97919427, -37.81946434], [144.97901192, -37.81938172], [144.9789073, -37.81933117], [144.97879315, -37.81927217], [144.97858359, -37.81914583], [144.97825808, -37.81895992], [144.97811362, -37.81887931], [144.977764, -37.81869027], [144.97719083, -37.81838412], [144.97671913, -37.818119], [144.97612261, -37.81777378], [144.97599849, -37.81770568], [144.97586811, -37.81763801], [144.97575042, -37.81757958], [144.97546598, -37.81745456], [144.97525555, -37.81737299], [144.97510247, -37.81732088], [144.97497993, -37.81728237], [144.97481283, -37.81723218], [144.97467228, -37.81719597], [144.97439022, -37.81713344], [144.97424202, -37.81710674], [144.97404644, -37.81707607], [144.97369203, -37.81703798], [144.97356469, -37.81702957], [144.97337245, -37.81702248], [144.97323765, -37.81702088], [144.97311779, -37.81702143], [144.97292801, -37.81702807], [144.97263897, -37.81705446], [144.97253693, -37.81706793], [144.97237548, -37.81709381], [144.97216695, -37.8171341], [144.97178759, -37.81721904], [144.9711077, -37.81738071], [144.97086879, -37.81744319], [144.97048019, -37.81755428], [144.96999635, -37.81769589], [144.96976138, -37.81776808], [144.96927745, -37.81790879], [144.96859824, -37.81815292], [144.96840208, -37.81821802], [144.96818196, -37.81828704], [144.96769798, -37.8184254], [144.96701436, -37.8186105], [144.96694181, -37.81862971], [144.9667517, -37.8186732]]}}, {"type": "Feature", "properties": {"route_short_name": "Craigieburn", "route_long_name": "Craigieburn - City", "route_type": "train", "color": "#4d7cff"}, "geometry": {"type": "LineString", "coordinates": [[144.9666109, -37.81835193], [144.96623294, -37.81845562], [144.96541092, -37.818675], [144.96452556, -37.81891698], [144.96434991, -37.81896748], [144.96410717, -37.81904114], [144.96330732, -37.8192344], [144.96304402, -37.81929527], [144.96278988, -37.81934954], [144.9624108, -37.81943571], [144.96224691, -37.81946739], [144.96207731, -37.81949194], [144.96184544, -37.81951271], [144.96152024, -37.81953168], [144.96134892, -37.8195443], [144.96120609, -37.81955787], [144.96108411, -37.81957324], [144.96092623, -37.81959709], [144.96076937, -37.81962493], [144.96054826, -37.81967174], [144.96039395, -37.81971034], [144.95942274, -37.81999144], [144.95926727, -37.82003894], [144.95913764, -37.82008058], [144.95891334, -37.82016069], [144.95871444, -37.82024231], [144.95861691, -37.82028568], [144.95846789, -37.82035879], [144.95840614, -37.82039016], [144.95823541, -37.82048426], [144.95753403, -37.8209207], [144.95741312, -37.82098763], [144.95726889, -37.8210602], [144.95719955, -37.82109044], [144.95699354, -37.82117032], [144.95688659, -37.82120514], [144.9567026, -37.82125692], [144.95661709, -37.82127616], [144.95642246, -37.82131388], [144.95630515, -37.82132887], [144.95610923, -37.82134764], [144.95594684, -37.82135347], [144.95579109, -37.82135338], [144.95564294, -37.82134558], [144.95547134, -37.82133116], [144.95535444, -37.82131471], [144.95519581, -37.82128699], [144.95510855, -37.821267], [144.95500361, -37.82124112], [144.95484855, -37.82119526], [144.95475075, -37.82116202], [144.95463585, -37.8211183], [144.95451055, -37.82106458], [144.95437881, -37.82100146], [144.95425212, -37.8209323], [144.9541807, -37.82088969], [144.9540647, -37.82081189], [144.95388628, -37.82068641], [144.95371472, -37.8205597], [144.95323193, -37.8202131], [144.95307765, -37.82006938], [144.95300143, -37.81999127], [144.95292904, -37.81990567], [144.95286708, -37.81982502], [144.95281801, -37.81975099], [144.95259342, -37.81936039], [144.95255027, -37.81928133], [144.9524982, -37.81920049], [144.95245426, -37.81913817], [144.95227773, -37.81891594], [144.95190548, -37.81843409], [144.95166445, -37.81812918], [144.95147757, -37.81788279], [144.95122529, -37.81756533], [144.95107145, -37.81738981], [144.95088088, -37.81714958], [144.95069232, -37.81689433], [144.9506048, -37.81679376], [144.95035438, -37.81654068], [144.95022483, -37.81639469], [144.94990686, -37.81599678], [144.94985155, -37.81593463], [144.94975908, -37.81581974], [144.94968876, -37.81573786], [144.94960816, -37.81565364], [144.94928632, -37.81533019], [144.94914572, -37.81517707], [144.94902902, -37.81503508], [144.94873506, -37.81466481], [144.94858018, -37.81446556], [144.94841495, -37.81425839], [144.94813725, -37.8139002], [144.94783608, -37.8135361], [144.94751657, -37.81318646], [144.94729115, -37.81295057], [144.94714068, -37.81279754], [144.94696034, -37.81263192], [144.94668955, -37.81236901], [144.9465072, -37.81220218], [144.94643671, -37.81213877], [144.94623505, -37.81196808], [144.94574928, -37.81160103], [144.9454764, -37.8113853], [144.94531575, -37.81124318], [144.94516073, -37.81109448], [144.94478303, -37.81072616], [144.94459241, -37.81053449], [144.94438365, -37.81029627], [144.94355203, -37.80922927], [144.94301666, -37.80855098], [144.94287104, -37.80836306], [144.94282724, -37.80830399], [144.94276724, -37.8082149], [144.94271395, -37.80813376], [144.9426272, -37.80799383], [144.94253569, -37.80786138], [144.94213799, -37.80735554], [144.94156558, -37.80662973], [144.94129845, -37.80631001], [144.94114555, -37.80611448], [144.94102617, -37.80596749], [144.94075634, -37.8056552], [144.94043056, -37.80530066], [144.9400237, -37.80494163], [144.93967766, -37.80458854], [144.93936243, -37.80425932], [144.93912091, -37.80403241], [144.93908003, -37.80399114], [144.93891906, -37.80380449], [144.93883039, -37.80372534], [144.93868058, -37.8035989], [144.93858095, -37.80352218], [144.93847607, -37.80344627], [144.93831898, -37.80334466], [144.93819908, -37.8032738], [144.93810722, -37.80322389], [144.93771169, -37.80302168], [144.93675624, -37.80254967], [144.93481207, -37.80158233], [144.93464379, -37.80149548], [144.9344188, -37.80137294], [144.93421284, -37.80124848], [144.93413354, -37.80119626], [144.93397915, -37.8010919], [144.93379036, -37.80095044], [144.93363374, -37.80081991], [144.93350321, -37.8007029], [144.93335424, -37.80055501], [144.93326834, -37.80046258], [144.93318375, -37.80036422], [144.93305767, -37.80020177], [144.93291607, -37.80000121], [144.93276088, -37.7997668], [144.93250291, -37.79936521], [144.93243046, -37.79924669], [144.93234342, -37.79908953], [144.93229498, -37.79898982], [144.93221672, -37.79880686], [144.93216743, -37.79867244], [144.93207912, -37.79841424], [144.93158416, -37.79693303], [144.93149346, -37.79665496], [144.93137369, -37.7963032], [144.93093136, -37.79498007], [144.93078975, -37.79467849], [144.9307327, -37.7945132], [144.93059525, -37.79408732], [144.93054245, -37.79390382], [144.93051307, -37.79379282], [144.93046642, -37.79361708], [144.93020307, -37.79251437], [144.92999961, -37.79168667], [144.92987138, -37.79110172], [144.92976555, -37.79067036], [144.9293574, -37.7889341], [144.92912715, -37.78797291], [144.92896801, -37.7872955], [144.92849644, -37.78531048], [144.92827155, -37.78437768], [144.92820688, -37.78413593], [144.92816719, -37.78399573], [144.92812914, -37.78387412], [144.92802616, -37.78356077], [144.92796933, -37.78340829], [144.9278605, -37.78312998], [144.92775681, -37.78288664], [144.92760016, -37.78255198], [144.92751044, -37.7823735], [144.92737017, -37.78210681], [144.92723891, -37.78187524], [144.9270805, -37.78161174], [144.92700731, -37.78149637], [144.9267745, -37.78114838], [144.92667872, -37.78101251], [144.92655612, -37.78084508], [144.92632602, -37.7805467], [144.9262683, -37.78047503], [144.92602395, -37.78018677], [144.92581434, -37.77995571], [144.92549114, -37.77961262], [144.92459951, -37.77867474], [144.92443146, -37.77849677], [144.92432638, -37.7783811], [144.92417545, -37.77822812], [144.92327275, -37.77727706], [144.92289013, -37.776851], [144.92268618, -37.77660517], [144.92261471, -37.77651397], [144.92238648, -37.77621436], [144.92227581, -37.77605939], [144.92205344, -37.77573762], [144.92198299, -37.77563022], [144.92175839, -37.77526218], [144.92161388, -37.77500622], [144.92149366, -37.77477871], [144.92138256, -37.77455407], [144.92122177, -37.77420248], [144.92112139, -37.77395964], [144.92099043, -37.7736093], [144.92089066, -37.7733124], [144.92084363, -37.77315963], [144.92076997, -37.77289934], [144.92069539, -37.77260343], [144.92052697, -37.77181508], [144.92037925, -37.77109459], [144.92029813, -37.77071169], [144.92026551, -37.77054314], [144.91976476, -37.76814032], [144.91963426, -37.76750242], [144.91948125, -37.76678481], [144.9194282, -37.76655543], [144.91936344, -37.76632656], [144.91926867, -37.76601776], [144.91922302, -37.7658807], [144.91917095, -37.7657337], [144.91907262, -37.76547513], [144.91902018, -37.76534948], [144.91892661, -37.7651319], [144.9188331, -37.76492442], [144.91872617, -37.76470544], [144.91862741, -37.76451526], [144.91850684, -37.76429712], [144.91836423, -37.76405119], [144.91820524, -37.76379046], [144.91772303, -37.76302549], [144.91763915, -37.76288748], [144.91743433, -37.76254069], [144.91730945, -37.76231463], [144.91719275, -37.76208439], [144.91708737, -37.761863], [144.91701407, -37.7617003], [144.91691802, -37.76145394], [144.91685491, -37.76127989], [144.91680659, -37.76113692], [144.91673218, -37.76088832], [144.91668405, -37.76071453], [144.91662491, -37.76049197], [144.91654244, -37.76015014], [144.91642823, -37.75960489], [144.91630671, -37.75889117], [144.91627287, -37.75866114], [144.91624302, -37.75843468], [144.91617587, -37.75774112], [144.91613916, -37.75731818], [144.91607686, -37.75680404], [144.91603886, -37.7564511], [144.91602432, -37.75617247], [144.91601876, -37.75580018], [144.9160268, -37.75560288], [144.9160575, -37.75536641], [144.91608557, -37.75522758], [144.9161509, -37.7549665], [144.91627383, -37.75452106], [144.91646776, -37.75390367], [144.91658584, -37.75355042], [144.91683032, -37.7528748], [144.91708915, -37.75214447], [144.91726864, -37.7516529], [144.91733465, -37.75148446], [144.9174193, -37.75128292], [144.9174777, -37.75115094], [144.91759375, -37.75090607], [144.91770327, -37.75069587], [144.91776035, -37.75059099], [144.91785317, -37.75042979], [144.91792585, -37.75030662], [144.91797881, -37.75022302], [144.91813382, -37.74998524], [144.91839256, -37.74961772], [144.91844452, -37.74955348], [144.91861366, -37.74933388], [144.91880691, -37.74909983], [144.91899524, -37.74888363], [144.9191658, -37.74869811], [144.91936931, -37.74848669], [144.91957363, -37.74828717], [144.9199617, -37.74792499], [144.920218, -37.74770476], [144.92046894, -37.74750192], [144.92061815, -37.74738947], [144.92086646, -37.7472156], [144.9210158, -37.74711451], [144.92128215, -37.74694051], [144.92152268, -37.74679723], [144.92177696, -37.74665311], [144.92212041, -37.74647334], [144.92231733, -37.74637561], [144.92249907, -37.7462887], [144.9242668, -37.74548401], [144.92500165, -37.74514243], [144.9253049, -37.74499196], [144.92555555, -37.74485922], [144.92593294, -37.74463822], [144.92620525, -37.74446566], [144.92647277, -37.74428554], [144.9268336, -37.7440109], [144.9271695, -37.74371501], [144.92732714, -37.74357611], [144.92753985, -37.74335943], [144.92768123, -37.74320961], [144.92791884, -37.74293371], [144.92808052, -37.74273568], [144.92821106, -37.74256368], [144.92830828, -37.74242643], [144.92839987, -37.74229187], [144.92852936, -37.74208832], [144.92860335, -37.74196634], [144.92865996, -37.74186929], [144.92877262, -37.74166273], [144.92889435, -37.74141146], [144.92897039, -37.74124419], [144.92900076, -37.74116866], [144.92917455, -37.74068643], [144.92920088, -37.74060461], [144.92926636, -37.74036452], [144.92929306, -37.74025748], [144.92932486, -37.74010988], [144.92936552, -37.73988053], [144.92939742, -37.73966841], [144.92942408, -37.73942051], [144.92943892, -37.73914861], [144.92944247, -37.73893951], [144.92944249, -37.73881668], [144.92942932, -37.73851564], [144.92941088, -37.73829362], [144.92939785, -37.73817489], [144.92938242, -37.73805242], [144.92932152, -37.73762374], [144.92920887, -37.73698309], [144.92917054, -37.73671738], [144.9290971, -37.73631119], [144.92898885, -37.73567981], [144.9288507, -37.73485514], [144.92875455, -37.73425813], [144.92871136, -37.73402442], [144.92825923, -37.73129922], [144.92817157, -37.73081699], [144.92815509, -37.73073641], [144.92809212, -37.73045161], [144.92805994, -37.73031974], [144.92795009, -37.72990921], [144.9279134, -37.72978447], [144.92783562, -37.72953799], [144.92774782, -37.72927267], [144.92764107, -37.72897917], [144.92759957, -37.72887219], [144.92742032, -37.72843187], [144.92723178, -37.72801581], [144.92708604, -37.72771667], [144.92701829, -37.72758697], [144.92685322, -37.727281], [144.92666993, -37.72696137], [144.92658733, -37.72682339], [144.92643845, -37.72658402], [144.92624987, -37.72629954], [144.92602557, -37.72597387], [144.92580513, -37.72566043], [144.92381505, -37.72286173], [144.92354184, -37.72247229], [144.92339977, -37.72226603], [144.92317143, -37.7219155], [144.92301219, -37.72165793], [144.92285024, -37.72138337], [144.92270944, -37.72112369], [144.92261835, -37.7209487], [144.92246556, -37.72064321], [144.92238869, -37.72048324], [144.92225734, -37.7201939], [144.9221209, -37.7198677], [144.92200302, -37.7195676], [144.92190258, -37.71928872], [144.92174074, -37.71879967], [144.92155196, -37.71820733], [144.92146265, -37.71793621], [144.91962525, -37.71217443], [144.91936145, -37.71135736], [144.91835661, -37.70820449], [144.9182869, -37.70799598], [144.91819614, -37.70767626], [144.91815255, -37.70750318], [144.91808355, -37.70717177], [144.91801471, -37.70681873], [144.917973, -37.7066192], [144.91792255, -37.70640346], [144.91789049, -37.70628043], [144.91782131, -37.7060366], [144.91762411, -37.7053867], [144.91747778, -37.70488837], [144.91723379, -37.70407038], [144.91712784, -37.70372633], [144.91707528, -37.70356571], [144.91701312, -37.70339186], [144.91689964, -37.70310192], [144.91669851, -37.70262903], [144.9165327, -37.70224787], [144.91642506, -37.7019767], [144.91631765, -37.70168092], [144.91617861, -37.70127546], [144.91610017, -37.70102669], [144.91604494, -37.7008362], [144.9159783, -37.70057926], [144.91590989, -37.70028409], [144.91580996, -37.69981461], [144.91576684, -37.69954006], [144.91570585, -37.69902071], [144.91569135, -37.69886212], [144.91566779, -37.69849276], [144.91565656, -37.6981648], [144.91565482, -37.69795966], [144.91565736, -37.69761374], [144.91566609, -37.69729397], [144.91570021, -37.6963833], [144.91573595, -37.6955406], [144.91574802, -37.69532417], [144.91576027, -37.69517028], [144.9157784, -37.6949928], [144.91582088, -37.69464614], [144.91590766, -37.6940784], [144.91594031, -37.69389243], [144.91597095, -37.69366506], [144.91599916, -37.69341503], [144.91602995, -37.69311314], [144.91606814, -37.69268909], [144.91610249, -37.6922802], [144.91628386, -37.6902332], [144.9163609, -37.6894135], [144.91638378, -37.68922411], [144.91641594, -37.68899884], [144.91643908, -37.68886497], [144.91649017, -37.68859138], [144.91651662, -37.68846874], [144.91656809, -37.68825039], [144.91663642, -37.68798494], [144.9167471, -37.68761597], [144.91680449, -37.68744972], [144.91690283, -37.68717741], [144.91700725, -37.68691467], [144.91711724, -37.68665959], [144.91725901, -37.68635894], [144.91736369, -37.68615162], [144.91751595, -37.685869], [144.91758105, -37.68575524], [144.91767658, -37.68559922], [144.91785772, -37.68531368], [144.91792174, -37.6852183], [144.91806811, -37.6850082], [144.91814882, -37.68489572], [144.91824105, -37.6847728], [144.91866261, -37.68422674], [144.91934493, -37.68336157], [144.91947962, -37.68318398], [144.9198207, -37.68274986], [144.9203295, -37.68210818], [144.92125863, -37.68090183], [144.92132726, -37.68080761], [144.92147717, -37.68058766], [144.92161071, -37.68037382], [144.92176783, -37.68010272], [144.92185604, -37.67994467], [144.92195228, -37.67976252], [144.92205424, -37.67955867], [144.92209858, -37.6794651], [144.92223561, -37.6791621], [144.92231533, -37.6789748], [144.92242416, -37.67869536], [144.92254209, -37.67835778], [144.92259763, -37.67818754], [144.92263091, -37.67807178], [144.92267062, -37.67793253], [144.92277074, -37.677522], [144.92286956, -37.67705638], [144.92346651, -37.67403566], [144.92388924, -37.67188196], [144.92393383, -37.6716652], [144.92451586, -37.66870423], [144.92475599, -37.66749518], [144.92503998, -37.66604611], [144.92515737, -37.66546213], [144.92552691, -37.66359046], [144.92556725, -37.66337101], [144.92567135, -37.66285673], [144.92577443, -37.66232207], [144.92604946, -37.66094105], [144.92616805, -37.6603415], [144.92624984, -37.65996462], [144.92638032, -37.65949181], [144.92646735, -37.65921613], [144.92653346, -37.65902786], [144.92661308, -37.65881839], [144.92671604, -37.65856876], [144.92679776, -37.65838176], [144.92690534, -37.65814898], [144.92704315, -37.65787717], [144.92712194, -37.65773004], [144.92723775, -37.65752372], [144.92735327, -37.65732776], [144.92754607, -37.65701429], [144.93055163, -37.65225877], [144.93101433, -37.65153106], [144.9311879, -37.65125194], [144.93246891, -37.64922564], [144.9328032, -37.64867636], [144.93289844, -37.64851167], [144.9330207, -37.64828789], [144.93315468, -37.64802601], [144.93331755, -37.64767433], [144.93341163, -37.64745311], [144.93354722, -37.64710006], [144.93364537, -37.64680988], [144.93372237, -37.64656286], [144.93378376, -37.64634369], [144.93385755, -37.64605281], [144.93394746, -37.64564272], [144.93452379, -37.64279044], [144.93459685, -37.64244431], [144.93466599, -37.64207144], [144.93475725, -37.64160415], [144.93498214, -37.64014553], [144.935076, -37.63956347], [144.93513088, -37.6392555], [144.9353294, -37.6382783], [144.93552663, -37.63729404], [144.93566418, -37.63664398], [144.93573261, -37.63634581], [144.93582604, -37.6359629], [144.93606612, -37.63503103], [144.93618126, -37.63455154], [144.93621795, -37.63438879], [144.93629876, -37.63400738], [144.94133068, -37.6090904], [144.941683, -37.60733551], [144.94201462, -37.60566506], [144.94213138, -37.60509889], [144.94215498, -37.6049944], [144.94220835, -37.60478022], [144.94224045, -37.6046593], [144.94231028, -37.60441512], [144.94239754, -37.60414213], [144.94251292, -37.60381503], [144.94259044, -37.60361208], [144.94269064, -37.60337104], [144.9431779, -37.60224592]]}}, {"type": "Feature", "properties": {"route_short_name": "City Circle", "route_long_name": "", "route_type": "train", "color": "#4d7cff"}, "geometry": {"type": "LineString", "coordinates": [[144.9664867, -37.81812143], [144.96528216, -37.8184701], [144.96504236, -37.81854391], [144.96481751, -37.81862789], [144.9643696, -37.81880903], [144.96405264, -37.81893359], [144.96394214, -37.81897358], [144.9638153, -37.81901284], [144.96360843, -37.81907091], [144.96317673, -37.81919961], [144.96297097, -37.81925417], [144.96281064, -37.81929249], [144.96267283, -37.81932183], [144.96223244, -37.81940712], [144.96210179, -37.81942793], [144.96185932, -37.81944599], [144.96174188, -37.81944927], [144.96164991, -37.81945579], [144.96149772, -37.81945829], [144.96134375, -37.81946797], [144.96122893, -37.81947932], [144.96105646, -37.81950067], [144.96091536, -37.81952139], [144.96078466, -37.81954426], [144.96050813, -37.81960274], [144.96026432, -37.8196652], [144.95959007, -37.81985989], [144.95930257, -37.81994529], [144.95920175, -37.81997626], [144.95906713, -37.82002151], [144.95883736, -37.8201062], [144.95861668, -37.82019916], [144.95847546, -37.82026547], [144.95839516, -37.82030607], [144.95818763, -37.82042053], [144.95802428, -37.82051917], [144.95758906, -37.82080351], [144.9574851, -37.82086596], [144.95731938, -37.82095527], [144.95721993, -37.82100248], [144.95704834, -37.82107394], [144.95684054, -37.82114459], [144.95669559, -37.82118551], [144.95649615, -37.82122891], [144.95639675, -37.82124548], [144.95622703, -37.82126561], [144.95601882, -37.82128101], [144.95588446, -37.82128408], [144.95566595, -37.82127749], [144.95556551, -37.82126971], [144.95539893, -37.82125042], [144.95530006, -37.82123518], [144.95508564, -37.82118721], [144.9549618, -37.82115496], [144.95486955, -37.82112614], [144.95466995, -37.82105581], [144.95447148, -37.8209654], [144.95431935, -37.82088354], [144.95423978, -37.82083611], [144.95403984, -37.82070413], [144.95382078, -37.82054478], [144.95370535, -37.82045473], [144.95356968, -37.82033224], [144.95340487, -37.82017068], [144.95323857, -37.81997692], [144.95314317, -37.8198445], [144.95296279, -37.8195639], [144.95271608, -37.81915588], [144.95263173, -37.81899743], [144.95259269, -37.8189343], [144.95255741, -37.81888331], [144.95243853, -37.81872489], [144.95227688, -37.81849021], [144.95212754, -37.81829963], [144.95171753, -37.8177827], [144.95160998, -37.81765034], [144.9511996, -37.81722109], [144.95111148, -37.81712529], [144.95099375, -37.81698699], [144.95084472, -37.8168019], [144.95072356, -37.81665642], [144.95039726, -37.81623494], [144.95027098, -37.81603628], [144.95018242, -37.81584162], [144.95010633, -37.81563979], [144.95007135, -37.81549147], [144.95005211, -37.81534956], [144.95003933, -37.81514207], [144.95005604, -37.81494447], [144.95008661, -37.81475918], [144.9501509, -37.81454194], [144.95024555, -37.81432722], [144.95035106, -37.81415143], [144.95043225, -37.81402938], [144.95052069, -37.81392026], [144.95068727, -37.8137459], [144.95081707, -37.81363209], [144.95094667, -37.81352998], [144.95116224, -37.81339117], [144.95140722, -37.81325701], [144.95173393, -37.81312896], [144.95196198, -37.81304858], [144.95560765, -37.81201818], [144.95603204, -37.81189821], [144.95914529, -37.81098849], [144.96161696, -37.81027134], [144.96252943, -37.81000236], [144.96340739, -37.80974891], [144.96835425, -37.80830678], [144.96865098, -37.80823881], [144.96888816, -37.80820523], [144.96913389, -37.8081828], [144.96940161, -37.80817471], [144.96963354, -37.8081833], [144.96989556, -37.808209], [144.97014114, -37.80825009], [144.97037554, -37.80830559], [144.97063863, -37.80838771], [144.97087788, -37.80848186], [144.97113332, -37.80860252], [144.97138307, -37.80874867], [144.97157991, -37.80889021], [144.97177898, -37.80906612], [144.97195365, -37.80924567], [144.97213172, -37.809467], [144.97228375, -37.80972267], [144.97251798, -37.8102994], [144.972873, -37.81106566], [144.97334372, -37.81208732], [144.97352202, -37.81240472], [144.97418389, -37.81347769], [144.97432885, -37.81374342], [144.97443065, -37.81395442], [144.97450899, -37.81410969], [144.97453319, -37.81416769], [144.97456073, -37.81424918], [144.97459746, -37.81441401], [144.97460959, -37.81456868], [144.97460694, -37.81474878], [144.97458821, -37.81487697], [144.97454475, -37.81503311], [144.97445419, -37.8152418], [144.97434564, -37.815419], [144.97424221, -37.81554969], [144.97407185, -37.81571888], [144.97390729, -37.81584609], [144.97374192, -37.81595292], [144.9734814, -37.81607911], [144.97324624, -37.81615851], [144.97287255, -37.81626914], [144.97118325, -37.81672893], [144.97077265, -37.81684297], [144.97061484, -37.81689342], [144.97025713, -37.81703812], [144.96996776, -37.81714316], [144.96922686, -37.81735874], [144.96903875, -37.81741624], [144.96817998, -37.81766772], [144.9679899, -37.817714], [144.96781415, -37.81774332], [144.96768746, -37.81776934], [144.96749769, -37.81781266], [144.96709669, -37.81789108], [144.96681723, -37.81795339], [144.9662735, -37.81811612]]}}, {"type": "Feature", "properties": {"route_short_name": "Replacement Bus", "route_long_name": "Werribee", "route_type": "train", "color": "#4d7cff"}, "geometry": {"type": "LineString", "coordinates": [[144.88255314, -37.84246147], [144.88230012, -37.84243214], [144.88223938, -37.84242212], [144.88218481, -37.84241898], [144.88212827, -37.84242508], [144.88202314, -37.8424495], [144.88199282, -37.84247671], [144.88195996, -37.84249324], [144.88194185, -37.84249868], [144.88189862, -37.84250412], [144.88187412, -37.84250269], [144.88185027, -37.84249812], [144.88182776, -37.84249059], [144.88179644, -37.84247318], [144.88167019, -37.84243351], [144.88145317, -37.842385], [144.88124421, -37.84234843], [144.88099262, -37.84231669], [144.88032594, -37.84224034], [144.87931272, -37.84213486], [144.87692682, -37.84188107], [144.87215859, -37.84136197], [144.87090248, -37.8412276], [144.87009251, -37.84113617], [144.87002371, -37.84111402], [144.86993174, -37.84110371], [144.86978554, -37.84110593], [144.8697675, -37.84112083], [144.86974614, -37.84113252], [144.86972216, -37.84114047], [144.86968441, -37.84114519], [144.86964659, -37.84114081], [144.86961196, -37.84112793], [144.86958977, -37.84111302], [144.86957246, -37.84109459], [144.86946154, -37.8410715], [144.86931951, -37.84105523], [144.86704035, -37.84082264], [144.86573078, -37.84068247], [144.86472831, -37.84057201], [144.86448804, -37.84056982], [144.86446302, -37.84058621], [144.86442879, -37.84059902], [144.86439148, -37.8406042], [144.86435383, -37.84060145], [144.86431846, -37.84059089], [144.86418001, -37.84052151], [144.86409676, -37.84049612], [144.86253205, -37.84033804], [144.86165604, -37.84024409], [144.86025615, -37.84008087], [144.86003724, -37.84002354], [144.8597538, -37.8399308], [144.85946625, -37.83986222], [144.85904748, -37.83979648], [144.85892747, -37.83979312], [144.85879129, -37.83981038], [144.85876405, -37.83982502], [144.85873356, -37.83983429], [144.85869981, -37.83983818], [144.85866602, -37.83983568], [144.85863365, -37.83982716], [144.85860486, -37.83981312], [144.85858075, -37.83979411], [144.85855997, -37.83976598], [144.85848811, -37.83974791], [144.8584172, -37.83973617], [144.85825191, -37.83971496], [144.85813902, -37.8397129], [144.85664794, -37.83955212], [144.85530617, -37.83940332], [144.85518214, -37.83940133], [144.85515637, -37.83942033], [144.8551253, -37.83943364], [144.85508384, -37.83944091], [144.85504131, -37.83943797], [144.85500191, -37.83942518], [144.85497213, -37.83940607], [144.85494989, -37.83938142], [144.85307266, -37.83917129], [144.85107414, -37.8389591], [144.85034951, -37.83888883], [144.85015585, -37.8388743], [144.85012331, -37.83889137], [144.85008525, -37.83889896], [144.85004636, -37.83889627], [144.8500107, -37.83888354], [144.8499839, -37.83886368], [144.84980665, -37.83882773], [144.84905574, -37.83874318], [144.84827685, -37.83866722], [144.84784841, -37.83861054], [144.84708353, -37.8385259], [144.84673045, -37.84053506], [144.84640078, -37.84253572], [144.84615188, -37.84393526], [144.84612473, -37.84407561], [144.84599145, -37.84489494], [144.84595274, -37.84517088], [144.84567275, -37.8468256], [144.84548181, -37.8479234], [144.84536286, -37.84865621], [144.84534195, -37.84876153], [144.84527431, -37.84918771], [144.84523727, -37.84939033], [144.8451969, -37.84955504], [144.84518114, -37.84959296], [144.84515003, -37.8496817], [144.84513591, -37.84979174], [144.84513934, -37.84984596], [144.84519374, -37.84997573], [144.84522073, -37.85000137], [144.84524725, -37.85005061], [144.84525024, -37.85010401], [144.84522955, -37.85015491], [144.84518754, -37.85019676], [144.8451606, -37.85021249], [144.84511999, -37.8503271], [144.84508869, -37.85039492], [144.84505906, -37.85047972], [144.84502773, -37.85063441], [144.84489403, -37.85138938], [144.84404684, -37.85636058], [144.84399596, -37.8566245], [144.84395215, -37.85677068], [144.84386877, -37.8569875], [144.84372775, -37.85724787], [144.8428327, -37.85879488], [144.84262275, -37.85916582], [144.84153973, -37.86101027], [144.84098867, -37.86196493], [144.84043678, -37.86294382], [144.83999905, -37.8636951], [144.83960505, -37.86436508], [144.83935099, -37.86482082], [144.83927757, -37.86491778], [144.83908616, -37.86512739], [144.8390741, -37.86516277], [144.83907574, -37.86519992], [144.83908746, -37.8653008], [144.83909482, -37.86530967], [144.8391095, -37.86534004], [144.83911163, -37.86537243], [144.83910082, -37.86540368], [144.8390718, -37.86543604], [144.83907146, -37.86551011], [144.83905401, -37.86556251], [144.83903805, -37.86562259], [144.83898312, -37.86576748], [144.83891977, -37.86615381], [144.83882946, -37.8667662], [144.83867751, -37.86764446], [144.83861102, -37.86804101], [144.83857497, -37.86829429], [144.83842161, -37.86922038], [144.83823525, -37.86919055], [144.83795325, -37.86913112], [144.83730156, -37.86906851], [144.83723905, -37.86908349], [144.8371918, -37.86908586], [144.83713004, -37.8690832], [144.83710799, -37.86909856], [144.83708057, -37.86910716], [144.83705122, -37.86910806], [144.83702492, -37.86910181], [144.83700255, -37.86908932], [144.83698623, -37.8690719], [144.83693838, -37.86906372], [144.83690262, -37.86905459], [144.83683706, -37.86901843], [144.83570885, -37.86890072], [144.83458598, -37.86878733], [144.83450875, -37.8688043], [144.83447006, -37.86880566], [144.83440855, -37.86880218], [144.83438785, -37.86881802], [144.83436155, -37.86882727], [144.83433285, -37.86882909], [144.83430731, -37.86882393], [144.83428502, -37.86881262], [144.83426833, -37.86879636], [144.83426125, -37.8687819], [144.83420702, -37.86877838], [144.83416103, -37.86876888], [144.83406696, -37.8687321], [144.83195513, -37.86851343], [144.83186746, -37.86853002], [144.83182888, -37.86853138], [144.83176726, -37.8685279], [144.83174656, -37.86854374], [144.83172037, -37.86855299], [144.83169167, -37.8685548], [144.83166602, -37.86854956], [144.83164384, -37.86853833], [144.83162468, -37.86851716], [144.83155952, -37.8685102], [144.83150335, -37.8684915], [144.83143612, -37.86845818], [144.83083775, -37.86839948], [144.83072971, -37.86840884], [144.83053365, -37.86840757], [144.83048425, -37.86840216], [144.830467, -37.86841283], [144.83044623, -37.86841948], [144.83042378, -37.86842141], [144.8304017, -37.86841839], [144.83038135, -37.86841071], [144.83036465, -37.86839887], [144.83035356, -37.86838542], [144.83034617, -37.86836618], [144.83034676, -37.868346], [144.83035527, -37.86832697], [144.83037086, -37.86831112], [144.83038601, -37.8683023], [144.8303956, -37.86825823], [144.83042043, -37.86821381], [144.83048328, -37.86807088], [144.83051028, -37.86784032], [144.83066447, -37.86691624], [144.83099463, -37.8649142], [144.83101071, -37.86470327], [144.83099582, -37.86460639], [144.83098085, -37.86453916], [144.83096513, -37.86451724], [144.83089743, -37.86450383], [144.83070966, -37.86445684], [144.83066243, -37.86443966], [144.826853, -37.86403794], [144.82479259, -37.8638155], [144.82446449, -37.86380592], [144.82413359, -37.86377151], [144.82400274, -37.86375278], [144.82381446, -37.86371181], [144.82277268, -37.86359999], [144.82141344, -37.86346102], [144.82072204, -37.86338262], [144.82000024, -37.86330572], [144.81939956, -37.86325007], [144.81897029, -37.86320589], [144.81867401, -37.86320797], [144.81865702, -37.86321757], [144.81863795, -37.86322425], [144.81860795, -37.86322801], [144.81857804, -37.86322467], [144.8185506, -37.86321452], [144.81852823, -37.86319842], [144.81851356, -37.86317932], [144.81837617, -37.86316668], [144.81827241, -37.86314691], [144.81818263, -37.86311163], [144.81543698, -37.86281586], [144.81441109, -37.86270192], [144.8142673, -37.86269078], [144.81415454, -37.86268688], [144.81406958, -37.86268846], [144.81395855, -37.8626955], [144.81385723, -37.86270839], [144.81373203, -37.86272968], [144.81363717, -37.8627509], [144.81307466, -37.86289238], [144.81242417, -37.8630607], [144.81220322, -37.8631559], [144.8121171, -37.86320846], [144.81210506, -37.86321986], [144.81210395, -37.86324173], [144.81212009, -37.86330728], [144.81215997, -37.86343472], [144.81219396, -37.86358819], [144.8123941, -37.86407726], [144.81252082, -37.86440088], [144.81263541, -37.86457747], [144.81266884, -37.86464216], [144.81270275, -37.86469858], [144.81272528, -37.86474387], [144.81261431, -37.8647373], [144.81254608, -37.86451904], [144.81252671, -37.86442847], [144.81252082, -37.86440088], [144.81263541, -37.86457747], [144.81266884, -37.86464216], [144.81270275, -37.86469858], [144.81272528, -37.86474387], [144.8127518, -37.86480817], [144.81277848, -37.86492842], [144.8127881, -37.8650143], [144.81278823, -37.86512154], [144.81270585, -37.86557806], [144.81269146, -37.86562231], [144.81266204, -37.86575622], [144.81257573, -37.8660957], [144.81230577, -37.86772491], [144.81192562, -37.87004244], [144.81192468, -37.87013578], [144.81189482, -37.8702995], [144.81189016, -37.87035709], [144.81189263, -37.87039679], [144.81191113, -37.87041308], [144.81192546, -37.87043597], [144.81192929, -37.87044847], [144.81193013, -37.87047408], [144.81192155, -37.8704987], [144.81191394, -37.8705101], [144.81189522, -37.87052804], [144.8118671, -37.87062178], [144.81184971, -37.87070616], [144.81182387, -37.87086852], [144.81181274, -37.87095266], [144.81181354, -37.87097556], [144.81182463, -37.87101578], [144.81189377, -37.87112647], [144.81217463, -37.87146223], [144.81257628, -37.87192288], [144.81270242, -37.87207022], [144.81290695, -37.87231562], [144.81303834, -37.87248577], [144.81357279, -37.87320346], [144.81384332, -37.87352758], [144.81390142, -37.87359273], [144.81396476, -37.8736423], [144.81400145, -37.87364703], [144.81403211, -37.87365959], [144.81405655, -37.87367888], [144.81407232, -37.87370314], [144.81407835, -37.87372993], [144.81407369, -37.87375687], [144.81406287, -37.87377659], [144.81404482, -37.87379509], [144.81402121, -37.87380934], [144.81399366, -37.8738182], [144.81396424, -37.87382108], [144.81392114, -37.87381406], [144.81384685, -37.87382358], [144.81379192, -37.87383959], [144.81373283, -37.87386949], [144.81326802, -37.87408326], [144.81309377, -37.87415157], [144.81289566, -37.87422314], [144.81246802, -37.87441389], [144.81224647, -37.8745171], [144.81191423, -37.8746916], [144.81132846, -37.87501666], [144.80995179, -37.87576693], [144.8087798, -37.87641493], [144.80826494, -37.8766902], [144.80815835, -37.87673831], [144.80804785, -37.87677266], [144.80793325, -37.87679964], [144.80782378, -37.87681057], [144.80769878, -37.87681257], [144.80757345, -37.87681032], [144.80745147, -37.8767985], [144.79759406, -37.87567993], [144.79708682, -37.87565584], [144.79624814, -37.87560707], [144.79615421, -37.87561549], [144.79604456, -37.87561749], [144.79600383, -37.87564142], [144.79596514, -37.87564998], [144.79592517, -37.87564851], [144.79588776, -37.87563717], [144.79585676, -37.87561713], [144.79583973, -37.87559734], [144.79572888, -37.87557851], [144.79545544, -37.87551815], [144.79499994, -37.87540237], [144.79466885, -37.87531245], [144.79265804, -37.87487609], [144.79216764, -37.87479119], [144.79201517, -37.87476914], [144.79176084, -37.87476572], [144.79155067, -37.87473429], [144.79139695, -37.87472726], [144.791361, -37.87475461], [144.79131604, -37.8747717], [144.79125395, -37.87477639], [144.79119435, -37.87476202], [144.79114617, -37.87473066], [144.79113725, -37.87472103], [144.79106213, -37.87468619], [144.79088923, -37.87461328], [144.79060662, -37.87453291], [144.78951383, -37.87428792], [144.78834335, -37.87403289], [144.78746919, -37.8738255], [144.78686129, -37.87368999], [144.78676678, -37.87367613], [144.78664864, -37.87366571], [144.78659889, -37.87369082], [144.78653775, -37.87370129], [144.7864758, -37.87369364], [144.78642151, -37.87366892], [144.78638208, -37.87363042], [144.78636917, -37.87360611], [144.78629925, -37.87358732], [144.78625147, -37.87356551], [144.78620431, -37.8735384], [144.78588513, -37.87340407], [144.78552756, -37.8732802], [144.78527045, -37.87321066], [144.78417576, -37.87297314], [144.78307358, -37.87271277], [144.78196523, -37.87246849], [144.78087751, -37.87221171], [144.78023002, -37.8720782], [144.77975141, -37.87197654], [144.77965572, -37.87197554], [144.77855722, -37.87174106], [144.77786694, -37.87166594], [144.7777285, -37.87166161], [144.77771037, -37.87167848], [144.77766018, -37.87170682], [144.7776009, -37.87171994], [144.7775394, -37.87171634], [144.77748315, -37.87169654], [144.77743869, -37.87166281], [144.77742598, -37.87164716], [144.77740711, -37.87160526], [144.7774056, -37.87156098], [144.77742155, -37.87151839], [144.77745346, -37.87148178], [144.77748188, -37.87146267], [144.77751493, -37.87144869], [144.7775478, -37.8713647], [144.77756354, -37.87126866], [144.77759334, -37.87100708], [144.77765821, -37.87073986], [144.77771494, -37.87034244], [144.77789045, -37.86902234], [144.77789899, -37.86890851], [144.77788175, -37.8688315], [144.77786655, -37.8687246], [144.77785925, -37.8687178], [144.777846, -37.868697], [144.7778426, -37.86867396], [144.7778493, -37.86865147], [144.77786535, -37.86863203], [144.77787627, -37.86862422], [144.7779024, -37.8685756], [144.77796381, -37.86844601], [144.77812807, -37.86724266], [144.7781813, -37.86681039], [144.77832155, -37.86577412], [144.77829527, -37.86554806], [144.77828938, -37.86554354], [144.77821782, -37.86551137], [144.77815665, -37.86549687], [144.77806163, -37.86547012], [144.77723083, -37.86540162], [144.7772446, -37.86531781], [144.77754865, -37.86300689], [144.7775408, -37.86298052], [144.77751932, -37.86292749], [144.77719972, -37.86301364], [144.7764424, -37.86320903], [144.77520678, -37.86352081], [144.77434767, -37.8637331], [144.7742198, -37.86378556], [144.77407307, -37.8638683], [144.77406303, -37.86388082], [144.77404315, -37.86389567], [144.77401887, -37.86390549], [144.77399204, -37.8639093], [144.77396484, -37.86390681], [144.77394917, -37.86390237], [144.77383163, -37.86389888], [144.77376517, -37.86390537], [144.7736086, -37.86392593], [144.77280463, -37.8641333], [144.77178854, -37.86439036], [144.77154114, -37.86445254], [144.77147483, -37.86446534], [144.77139295, -37.86448551], [144.7704944, -37.86472693], [144.77005355, -37.8648415], [144.76817066, -37.86531882], [144.76697523, -37.86561506], [144.76603376, -37.86585032], [144.7657754, -37.86591751], [144.76442485, -37.86625331], [144.76307437, -37.86659378], [144.76233475, -37.86678779], [144.76197345, -37.86687572], [144.7619278, -37.86688927], [144.76180395, -37.86694026], [144.76178042, -37.86696658], [144.7617626, -37.86698066], [144.76174524, -37.86699087], [144.76172627, -37.86699781], [144.76168475, -37.8670027], [144.76166253, -37.86700056], [144.76158387, -37.86698177], [144.76155615, -37.86697763], [144.76152856, -37.86697666], [144.76147723, -37.86698226], [144.76140905, -37.86699682], [144.76128495, -37.86702961], [144.76102653, -37.86708723], [144.7608933, -37.86712128], [144.76039517, -37.8672531], [144.76028529, -37.867293], [144.76017885, -37.86735072], [144.76016627, -37.86736851], [144.76014269, -37.86738878], [144.76011314, -37.86740354], [144.76007972, -37.86741129], [144.7600448, -37.86741188], [144.76001101, -37.8674052], [144.75998297, -37.86739286], [144.75995918, -37.8673752], [144.75994176, -37.86735342], [144.75993182, -37.86732899], [144.75992987, -37.86730327], [144.75993609, -37.86727798], [144.75994998, -37.86725481], [144.75997093, -37.86723502], [144.75999165, -37.86722253], [144.760015, -37.8672136], [144.76004027, -37.8672085], [144.76006634, -37.86720746], [144.76018894, -37.86721674], [144.76025424, -37.86721473], [144.76031718, -37.86720863], [144.76040965, -37.86719543], [144.76047791, -37.86717862], [144.76058816, -37.8671453], [144.76124195, -37.86697049], [144.76133151, -37.8669484], [144.76142306, -37.8669168], [144.76145499, -37.86690236], [144.76148835, -37.86688533], [144.76157463, -37.86683263], [144.76158072, -37.86682689], [144.76160619, -37.86681521], [144.76163811, -37.86680491], [144.76167022, -37.86679913], [144.76170315, -37.86679651], [144.76172663, -37.86679813], [144.76174685, -37.86680229], [144.7617628, -37.86680864], [144.7617788, -37.86681714], [144.76179344, -37.86682931], [144.76188346, -37.86681435], [144.76201346, -37.86681971], [144.76208913, -37.866817], [144.76233475, -37.86678779], [144.76307437, -37.86659378], [144.76442485, -37.86625331], [144.7657754, -37.86591751], [144.76603376, -37.86585032], [144.76817066, -37.86531882], [144.77005355, -37.8648415], [144.7704944, -37.86472693], [144.77139295, -37.86448551], [144.77147483, -37.86446534], [144.77154114, -37.86445254], [144.77219412, -37.8642881], [144.7736086, -37.86392593], [144.77375229, -37.86387242], [144.77381955, -37.86384332], [144.77390516, -37.86380097], [144.77392476, -37.86378061], [144.77395143, -37.86376688], [144.77398241, -37.86376088], [144.77401405, -37.86376337], [144.77403184, -37.86376894], [144.77410897, -37.86376688], [144.77434767, -37.8637331], [144.77520678, -37.86352081], [144.7764424, -37.86320903], [144.77719972, -37.86301364], [144.77751932, -37.86292749], [144.7775408, -37.86298052], [144.77754865, -37.86300689], [144.7772446, -37.86531781], [144.77723083, -37.86540162], [144.77806163, -37.86547012], [144.77822359, -37.86546326], [144.77828228, -37.86545437], [144.77830197, -37.86543834], [144.77832317, -37.86542883], [144.77834684, -37.86542423], [144.77837115, -37.86542469], [144.77839451, -37.86543027], [144.77841501, -37.86544056], [144.77842511, -37.86544842], [144.77844001, -37.86546708], [144.77844687, -37.86548848], [144.7784453, -37.86551052], [144.77843525, -37.86553106], [144.77840933, -37.86555373], [144.77837035, -37.86564068], [144.77835739, -37.86567107], [144.77832155, -37.86577412], [144.7781813, -37.86681039], [144.77801906, -37.86679616], [144.77715137, -37.86674823], [144.77697372, -37.86673613], [144.77579354, -37.86663517], [144.77546348, -37.86659604], [144.77513879, -37.86656349], [144.77500255, -37.86655794], [144.77493476, -37.86655937], [144.77485966, -37.8665657], [144.77480168, -37.8665737], [144.77470234, -37.86659201], [144.77461395, -37.86661332], [144.77453464, -37.86663849], [144.77439885, -37.86669729], [144.77405593, -37.86687779], [144.77394785, -37.86693], [144.77352073, -37.8671509], [144.77314237, -37.86730351], [144.77234848, -37.86757144], [144.77211256, -37.86765628], [144.77184657, -37.86774289], [144.77160176, -37.86781323], [144.77137278, -37.86787486], [144.7711811, -37.86792079], [144.77096885, -37.86796696], [144.77074317, -37.86801333], [144.77050984, -37.86805334], [144.77026895, -37.86808788], [144.77003552, -37.86811608], [144.76934366, -37.86818524], [144.76759007, -37.86834898], [144.76581331, -37.86852324], [144.76466704, -37.86862394], [144.76024009, -37.86904089], [144.75714161, -37.86934576], [144.75472643, -37.86956734], [144.75300279, -37.86985453], [144.75216276, -37.8699842], [144.75121599, -37.87014733], [144.75092672, -37.87022083], [144.75061828, -37.87034164], [144.75047726, -37.87040716], [144.75033635, -37.87048403], [144.7501614, -37.87059603], [144.74990324, -37.8708053], [144.74971455, -37.870973], [144.74962279, -37.87107073], [144.74954017, -37.8711708], [144.74945652, -37.87128977], [144.74938487, -37.87140311], [144.74931784, -37.87152871], [144.74910801, -37.87199851], [144.74907052, -37.8720762], [144.74900973, -37.87215361], [144.74894328, -37.87220416], [144.7489137, -37.87222351], [144.74881555, -37.87224353], [144.7485996, -37.87225354], [144.74841885, -37.87161496], [144.74817231, -37.87078922], [144.7480695, -37.87034624], [144.74802426, -37.87007746], [144.74798118, -37.86973772], [144.7479595, -37.86949769], [144.74794556, -37.8691604], [144.74792623, -37.86833549], [144.74789736, -37.8678877], [144.74789633, -37.86730933], [144.74790455, -37.8669831], [144.74790047, -37.866759], [144.74842208, -37.86666652], [144.7491634, -37.86658933], [144.7492903, -37.86656941], [144.74964775, -37.86652217], [144.74988503, -37.86650589], [144.74995051, -37.86649453], [144.75003099, -37.8664721], [144.75007592, -37.86645232], [144.75014371, -37.86641721], [144.7501586, -37.86639118], [144.75018155, -37.86636909], [144.75020356, -37.86635564], [144.75022875, -37.86634594], [144.75025574, -37.86634032], [144.75028363, -37.86633914], [144.75031127, -37.86634229], [144.75033764, -37.86634973], [144.75036329, -37.86636229], [144.75038683, -37.86638077], [144.75040422, -37.86640309], [144.75041438, -37.86642797], [144.75041688, -37.86645397], [144.75041155, -37.86647991], [144.75040379, -37.8664959], [144.75039321, -37.86651083], [144.7503637, -37.86653577], [144.7503458, -37.86663834], [144.75031323, -37.86677108], [144.75033276, -37.86705964], [144.75038476, -37.86721104], [144.75059538, -37.86772366], [144.75066427, -37.86784294], [144.75072399, -37.86797979], [144.75076875, -37.8681005], [144.75077247, -37.86813139], [144.75077253, -37.86815942], [144.75076131, -37.86818443], [144.75073517, -37.86820646], [144.7507016, -37.86822267], [144.75066433, -37.86823737], [144.75059345, -37.868258], [144.75053955, -37.86826977], [144.75042377, -37.86828296], [144.75013298, -37.86834328], [144.75001368, -37.86839344], [144.74971071, -37.86846533], [144.74962153, -37.86849363], [144.74899114, -37.86864874], [144.74883469, -37.86871351], [144.74883873, -37.86885696], [144.74886352, -37.86893538], [144.74892069, -37.86908129], [144.74894108, -37.8692218], [144.74892027, -37.86925943], [144.74889643, -37.869277], [144.74875607, -37.86932442], [144.74827005, -37.86944209], [144.74706404, -37.86973404], [144.74688035, -37.86976369], [144.7467323, -37.86979122], [144.74589949, -37.87000416], [144.74571143, -37.87005769], [144.74550981, -37.87013484], [144.74533857, -37.87016598], [144.74528981, -37.87010963], [144.74528602, -37.8700627], [144.7453031, -37.87000932], [144.74524119, -37.86998191], [144.74522435, -37.86997122], [144.74520709, -37.86995557], [144.74518354, -37.86992637], [144.74513591, -37.86982967], [144.74492364, -37.86944668], [144.74484695, -37.86935978], [144.74481547, -37.8693334], [144.74478234, -37.86931267], [144.7447395, -37.86929356], [144.74458725, -37.8692427], [144.74322769, -37.86897819], [144.74296684, -37.86892507], [144.74283346, -37.86889278], [144.74275192, -37.86886796], [144.74268456, -37.86884018], [144.74259898, -37.8687987], [144.74249021, -37.86873489], [144.74240205, -37.86866994], [144.74235571, -37.86863147], [144.74227354, -37.86854879], [144.74221855, -37.86848106], [144.74217869, -37.86842388], [144.7421457, -37.86836512], [144.74211291, -37.8682924], [144.74190619, -37.86778434], [144.74165124, -37.86714343], [144.74163325, -37.86707369], [144.74162542, -37.86701001], [144.74162249, -37.8669531], [144.74162871, -37.86689113], [144.74157399, -37.86679951], [144.74153385, -37.86666204], [144.74152777, -37.86663038], [144.74150707, -37.86658241], [144.74145712, -37.86652441], [144.74126897, -37.86649169], [144.74105198, -37.86645806], [144.74060077, -37.86639253], [144.7405091, -37.86637563], [144.74040061, -37.86635138], [144.74029031, -37.86632277], [144.74008134, -37.86625739], [144.73945235, -37.86603219], [144.7393905, -37.86600649], [144.73923318, -37.86592462], [144.73914185, -37.86586691], [144.73904201, -37.86578623], [144.73890878, -37.86564174], [144.73881703, -37.86554914], [144.73877368, -37.86553939], [144.73872812, -37.86552031], [144.73858102, -37.86553911], [144.73823466, -37.86560256], [144.73808172, -37.86566018], [144.73791993, -37.86573213], [144.73770216, -37.86584302], [144.73723457, -37.86617187], [144.73695838, -37.866353], [144.73660896, -37.86654976], [144.7355868, -37.86703356], [144.73478685, -37.86742458], [144.73453928, -37.86753921], [144.73416882, -37.86772483], [144.73250728, -37.8685143], [144.73065864, -37.86940576], [144.73040883, -37.86952286], [144.72908202, -37.8701851], [144.72559376, -37.87190342], [144.72508742, -37.87215883], [144.72422451, -37.87258262], [144.72398162, -37.87268831], [144.72337711, -37.87293407], [144.72305286, -37.87305342], [144.72275024, -37.87317516], [144.72233985, -37.87331573], [144.72189255, -37.87349153], [144.72146105, -37.87367133], [144.72051756, -37.8740893], [144.71999427, -37.87430742], [144.71932115, -37.87457652], [144.71880013, -37.8747944], [144.71848255, -37.87492161], [144.718162, -37.8750457], [144.71574887, -37.875994], [144.71488909, -37.87632812], [144.71427997, -37.8765741], [144.71385182, -37.87674367], [144.71361085, -37.87683406], [144.71196035, -37.87747341], [144.7115166, -37.87765401], [144.71098164, -37.87786538], [144.70934687, -37.87848346], [144.70931682, -37.87849558], [144.7091919, -37.87855731], [144.70866755, -37.87879257], [144.70755703, -37.87921438], [144.70722246, -37.87934556], [144.70700017, -37.8794271], [144.70684468, -37.87948823], [144.70672579, -37.87953872], [144.70632481, -37.87969581], [144.7059783, -37.87982729], [144.70591444, -37.87984803], [144.70583536, -37.87986866], [144.70577508, -37.87988028], [144.70565767, -37.87989376], [144.70560268, -37.87989638], [144.70549174, -37.87990657], [144.70540279, -37.87991916], [144.70539159, -37.87992471], [144.70525118, -37.88007471], [144.70522126, -37.88010116], [144.70513672, -37.88016187], [144.70504473, -37.88021], [144.70435827, -37.88047316], [144.70151659, -37.88157951], [144.70142861, -37.88161564], [144.70134642, -37.88165909], [144.70130695, -37.88168527], [144.70128319, -37.88170724], [144.70121311, -37.88178923], [144.70120545, -37.88181251], [144.70124429, -37.88195627], [144.70127125, -37.88203628], [144.70132631, -37.88215603], [144.70166829, -37.88270853], [144.70161462, -37.88275614], [144.70153655, -37.88279138], [144.70137645, -37.88285422], [144.70103864, -37.88297567], [144.70086364, -37.88304929], [144.70077636, -37.88307372], [144.70072151, -37.88307896], [144.70067489, -37.88307543], [144.70064724, -37.88306507], [144.7006154, -37.88302137], [144.70061499, -37.88299091], [144.70062469, -37.88293108], [144.70063815, -37.88288971], [144.700681, -37.88279143], [144.70078117, -37.88257928], [144.70084224, -37.88243962], [144.70088105, -37.88239091], [144.70094918, -37.88234259], [144.70107931, -37.88226754], [144.7012295, -37.88219442], [144.70132631, -37.88215603], [144.70123216, -37.88204309], [144.70117192, -37.88198379], [144.70109811, -37.88192981], [144.7010383, -37.88189719], [144.70099691, -37.88189007], [144.70094244, -37.88186459], [144.70090458, -37.88182456], [144.70088868, -37.88177631], [144.70089716, -37.88172691], [144.70091664, -37.88169629], [144.70095908, -37.88166252], [144.70101436, -37.88164323], [144.7010748, -37.88164099], [144.70109945, -37.88164544], [144.7012578, -37.88161699], [144.70133856, -37.88159009], [144.70155946, -37.88149907], [144.70371228, -37.88065601], [144.70435641, -37.88041212], [144.70458317, -37.88032238], [144.7050097, -37.88016264], [144.70507003, -37.88013092], [144.70508885, -37.88011822], [144.70512317, -37.88008573], [144.705135, -37.88006704], [144.70514273, -37.88004881], [144.70514896, -37.88002009], [144.70514634, -37.87998381], [144.70513013, -37.87990159], [144.70509973, -37.87987378], [144.70508064, -37.87984772], [144.70506777, -37.87981936], [144.7050613, -37.87978968], [144.70506132, -37.87975958], [144.70506804, -37.87972997], [144.70508097, -37.87970166], [144.70509997, -37.87967563], [144.70512445, -37.87965249], [144.70516584, -37.87962672], [144.70520851, -37.87961079], [144.70525436, -37.87960249], [144.70530155, -37.87960206], [144.7053477, -37.87960963], [144.70540433, -37.87963137], [144.70558247, -37.87967557], [144.70563587, -37.87968409], [144.70569499, -37.87968777], [144.70575021, -37.87968894], [144.70587339, -37.8796798], [144.70599893, -37.87965702], [144.70611342, -37.87962393], [144.70624285, -37.87957842], [144.70677392, -37.87936863], [144.70719715, -37.87920503], [144.70724316, -37.87923557], [144.70727225, -37.87925795], [144.70729483, -37.87928127], [144.70731535, -37.8793088], [144.70734611, -37.87936193], [144.70736584, -37.87941837], [144.70776072, -37.88022032], [144.70778465, -37.88031027], [144.70788448, -37.88055182], [144.70796119, -37.88075814], [144.70815975, -37.88120383], [144.7082069, -37.88129667], [144.70832205, -37.88151004], [144.70833502, -37.88154652], [144.70834008, -37.88158474], [144.70833805, -37.8816175], [144.70832946, -37.88165608], [144.70831182, -37.88170791], [144.70812615, -37.88176332], [144.70792083, -37.8818069], [144.70775942, -37.88184602], [144.70747145, -37.88190781], [144.70703045, -37.88200636], [144.706254, -37.88219047], [144.70600417, -37.88225787], [144.70528956, -37.88247517], [144.70445341, -37.88281678], [144.70393545, -37.8830316], [144.70174014, -37.88408334], [144.70135698, -37.88428104], [144.70104173, -37.8844187], [144.7008362, -37.88452003], [144.70038825, -37.88476053], [144.70026865, -37.88481487], [144.70006288, -37.88491664], [144.69797378, -37.88588397], [144.69410849, -37.88768614], [144.69164022, -37.88880767], [144.68176127, -37.89338867], [144.68150716, -37.89351063], [144.68090237, -37.89381014], [144.68070145, -37.89388214], [144.68005364, -37.8941826], [144.67972995, -37.89431148], [144.6782475, -37.89500556], [144.67677369, -37.89572061], [144.67625072, -37.89596611], [144.67560881, -37.89629126], [144.67532908, -37.89642451], [144.67511471, -37.89651904], [144.67447836, -37.89680789], [144.67394265, -37.89701708], [144.67295975, -37.89743369], [144.67184219, -37.89799136], [144.6700509, -37.89876673], [144.66988145, -37.89865866], [144.66978314, -37.89852362], [144.66912163, -37.89747873], [144.66879335, -37.89695562], [144.66875922, -37.89691259], [144.6686927, -37.89684414], [144.66861156, -37.89677404], [144.66851893, -37.89671111], [144.66841729, -37.89665296], [144.66831106, -37.89661012], [144.66820973, -37.89657802], [144.66810534, -37.8965563], [144.66801098, -37.89654488], [144.66788993, -37.89653951], [144.66774885, -37.89654536], [144.66763413, -37.89656264], [144.66752092, -37.89658617], [144.66743197, -37.89661594], [144.6673334, -37.89665841], [144.66720985, -37.89671787], [144.66700826, -37.89682138], [144.66670185, -37.89697083], [144.6665809, -37.89701259], [144.6664289, -37.89703301], [144.66627159, -37.89703772], [144.66590531, -37.89699468], [144.66572558, -37.89709736], [144.66546505, -37.89720546], [144.66535457, -37.89723949], [144.66514677, -37.89730926], [144.66434397, -37.89763152], [144.66374903, -37.89787887], [144.66366621, -37.89792651], [144.66353619, -37.89801413], [144.66344819, -37.89806771], [144.66336332, -37.89811199], [144.66327503, -37.89814583], [144.66322672, -37.89815928], [144.6631671, -37.89817117], [144.66309332, -37.89818123], [144.66302097, -37.89818556], [144.6629534, -37.8981826], [144.66286675, -37.89817187], [144.66279076, -37.89815116], [144.66254038, -37.8980604], [144.66235902, -37.89800219], [144.66224016, -37.89799947], [144.66211802, -37.89801416], [144.66199398, -37.89804558], [144.66174334, -37.89811765], [144.66159045, -37.89814443], [144.66154169, -37.89822619], [144.66147661, -37.89828833], [144.66142285, -37.89831988], [144.66133555, -37.89836167], [144.66115849, -37.89841564], [144.66113783, -37.89851859], [144.66106764, -37.8986056], [144.66100172, -37.89866917], [144.66090036, -37.89872401], [144.66065393, -37.89880679], [144.66052484, -37.89884676], [144.6604621, -37.89888525]]}}, {"type": "Feature", "properties": {"route_short_name": "Replacement Bus", "route_long_name": "Pakenham - City", "route_type": "train", "color": "#4d7cff"}, "geometry": {"type": "LineString", "coordinates": [[145.13852716, -37.93782149], [145.13922635, -37.93835091], [145.13929761, -37.93839043], [145.13941225, -37.93843784], [145.13947825, -37.93845556], [145.13956352, -37.93847196], [145.13972135, -37.93850798], [145.13973635, -37.93847253], [145.1397651, -37.93844261], [145.13980432, -37.93842151], [145.13984998, -37.93841142], [145.13989738, -37.93841343], [145.13994152, -37.93842711], [145.13997756, -37.93845111], [145.14000213, -37.93848286], [145.1400126, -37.93851907], [145.14000802, -37.93855622], [145.13998873, -37.93859007], [145.13995675, -37.9386175], [145.13991545, -37.93863541], [145.13986587, -37.93864301], [145.13982829, -37.93873001], [145.13980205, -37.93885918], [145.13980605, -37.93894423], [145.13982841, -37.93899171], [145.13986534, -37.9390388], [145.13990556, -37.93908197], [145.1399531, -37.93912354], [145.14037804, -37.9394373], [145.14047095, -37.93947148], [145.14053616, -37.93947539], [145.14065484, -37.93942139], [145.14068818, -37.93932649], [145.14070574, -37.93917149], [145.14116662, -37.93693483], [145.14111088, -37.93690727], [145.14105784, -37.936894], [145.14099643, -37.93688366], [145.14093579, -37.93688351], [145.14088945, -37.93689359], [145.14084973, -37.93691207], [145.14080415, -37.9369419], [145.14071981, -37.93701942], [145.14043899, -37.93845939], [145.14031014, -37.93928699], [145.1402625, -37.9397462], [145.14025637, -37.93990804], [145.14025504, -37.94018631], [145.14026724, -37.94050597], [145.14032389, -37.94093997], [145.14035527, -37.94124804], [145.14037506, -37.94151934], [145.14038092, -37.94169318], [145.1403813, -37.94181367], [145.14037694, -37.94195058], [145.14036577, -37.94210478], [145.14035114, -37.94225604], [145.14033076, -37.94241468], [145.14024265, -37.94285829], [145.14017812, -37.94309302], [145.14016016, -37.94316916], [145.139726, -37.94530476], [145.13967687, -37.94551531], [145.13960213, -37.94586613], [145.14067737, -37.94598596], [145.14238462, -37.94619777], [145.14282074, -37.94625521], [145.14391907, -37.94638484], [145.14440282, -37.94645339], [145.14440854, -37.94643888], [145.14441932, -37.94642643], [145.14443435, -37.94641694], [145.14445224, -37.94641136], [145.14447139, -37.94641022], [145.14449133, -37.94641387], [145.14450875, -37.94642244], [145.14452187, -37.94643472], [145.14452958, -37.94644962], [145.14453099, -37.94646568], [145.1446408, -37.94647958], [145.14560497, -37.94658644], [145.14561106, -37.94657058], [145.1456229, -37.94655689], [145.14563921, -37.94654651], [145.1456586, -37.94654033], [145.14568857, -37.94653873], [145.145721, -37.94655222], [145.14573645, -37.94656706], [145.14574475, -37.94658522], [145.14574473, -37.94660441], [145.14681974, -37.94673842], [145.14682781, -37.94672061], [145.14684343, -37.94670617], [145.14686437, -37.94669712], [145.14688822, -37.94669453], [145.14691156, -37.94669859], [145.14692988, -37.94670771], [145.14694354, -37.94672099], [145.14695099, -37.94673697], [145.1469517, -37.94675401], [145.14722198, -37.94678594], [145.14811202, -37.94690846], [145.14860983, -37.94696559], [145.14937165, -37.94703724], [145.14973486, -37.94708449], [145.14981155, -37.94712112], [145.14986044, -37.94715469], [145.15048345, -37.94763364], [145.15057916, -37.94771499], [145.15059912, -37.94770413], [145.15062224, -37.94769891], [145.15064646, -37.94769974], [145.15066905, -37.94770658], [145.15068764, -37.94771877], [145.15070032, -37.9477351], [145.15070577, -37.94775357], [145.15070336, -37.94777264], [145.15069348, -37.94778997], [145.15131723, -37.94827578], [145.15169844, -37.94856789], [145.15212315, -37.94888178], [145.15228852, -37.94899468], [145.15247828, -37.94913852], [145.15263521, -37.9492612], [145.15270919, -37.94931544], [145.15282829, -37.94940869], [145.1530424, -37.94956147], [145.15351066, -37.94991353], [145.15400654, -37.95028539], [145.15431165, -37.95050853], [145.15540318, -37.9513323], [145.15588272, -37.95168921], [145.15594845, -37.95174585], [145.15596251, -37.95176166], [145.15598534, -37.95180924], [145.15599465, -37.95185102], [145.15600876, -37.95186476], [145.15603828, -37.95187639], [145.15610195, -37.95188379], [145.15614547, -37.95190024], [145.15618983, -37.95192824], [145.15713931, -37.95263568], [145.15804453, -37.95332521], [145.1581331, -37.95340599], [145.15822156, -37.95347352], [145.15824652, -37.95346292], [145.15827437, -37.95345966], [145.15830215, -37.95346406], [145.15832621, -37.95347579], [145.15834376, -37.95349319], [145.15835267, -37.95351442], [145.158352, -37.95353658], [145.1583417, -37.95355741], [145.15878183, -37.95390747], [145.16260606, -37.9567851], [145.16365344, -37.95757458], [145.16367732, -37.95756621], [145.16370342, -37.95756482], [145.16372855, -37.95757053], [145.16374964, -37.95758257], [145.16376435, -37.95759974], [145.16377057, -37.95761967], [145.1637679, -37.95764017], [145.16375815, -37.95765678], [145.1648407, -37.95848384], [145.16578347, -37.95919309], [145.16678477, -37.95993407], [145.16682992, -37.95997208], [145.16685865, -37.95996577], [145.16688843, -37.95996758], [145.1669155, -37.95997729], [145.16693695, -37.95999366], [145.16694997, -37.96001477], [145.16695326, -37.96003816], [145.16694597, -37.96006112], [145.16715697, -37.9602086], [145.16768263, -37.96060592], [145.1691112, -37.96167507], [145.17034795, -37.9626047], [145.17038954, -37.96263013], [145.17055996, -37.96275317], [145.17148371, -37.96345352], [145.17249761, -37.96420059], [145.1727872, -37.96444381], [145.17312443, -37.96468913], [145.1732439, -37.96476001], [145.17326829, -37.96477716], [145.17330449, -37.96480899], [145.17334322, -37.96485402], [145.1733678, -37.96487711], [145.17340245, -37.96490306], [145.17353518, -37.96498082], [145.17359675, -37.96500413], [145.17363374, -37.96501353], [145.173754, -37.96502991], [145.17401107, -37.96508806], [145.17499623, -37.96520943], [145.17497081, -37.96529347], [145.17496129, -37.96533307], [145.1749574, -37.96536148], [145.17495979, -37.9653845], [145.17496636, -37.96540434], [145.17498387, -37.96543246], [145.17499739, -37.96544727], [145.17501422, -37.96546177], [145.17505252, -37.9654875], [145.17524224, -37.96559922], [145.17538338, -37.96569171], [145.1756753, -37.96590531], [145.17582518, -37.96600821], [145.17606301, -37.96616303], [145.17624534, -37.96629788], [145.17658511, -37.96655151], [145.17667005, -37.96662889], [145.17623587, -37.96717737], [145.17617266, -37.9672475], [145.17655258, -37.96754447], [145.17676709, -37.96769451], [145.17716472, -37.96801176], [145.1771929, -37.96803229], [145.1772902, -37.96809319], [145.17739027, -37.96813448], [145.17765077, -37.9682153], [145.17781275, -37.96826179], [145.17792642, -37.96831429], [145.17842412, -37.968664], [145.17991924, -37.96978443], [145.1807733, -37.9704328], [145.18108272, -37.97067216], [145.18169648, -37.97113612], [145.18191764, -37.97131257], [145.18283736, -37.97201907], [145.18358372, -37.97262322], [145.1838946, -37.97285052], [145.18455838, -37.97336057], [145.18529627, -37.97405091], [145.18547101, -37.97411624], [145.18551528, -37.97413053], [145.18555485, -37.97413709], [145.18559208, -37.97413703], [145.18563331, -37.97413154], [145.18572309, -37.9741103], [145.18575887, -37.97409508], [145.18585113, -37.97360789], [145.18591761, -37.97361702], [145.18596281, -37.97362619], [145.18600614, -37.97364191], [145.1860311, -37.97365473], [145.18605747, -37.97367046], [145.18614, -37.97373049], [145.18616698, -37.97375397], [145.1862248, -37.97380984], [145.18630543, -37.9739012], [145.18635321, -37.97393961], [145.1869894, -37.97443813], [145.18768111, -37.97496634], [145.18893062, -37.97587209], [145.19185816, -37.97791551], [145.21027955, -37.99084041]]}}, {"type": "Feature", "properties": {"route_short_name": "Replacement Bus", "route_long_name": "Sandringham - City", "route_type": "train", "color": "#4d7cff"}, "geometry": {"type": "LineString", "coordinates": [[145.0003324, -37.88509884], [144.99968725, -37.88434224], [144.99963452, -37.88427781], [144.99960716, -37.88423427], [144.999601, -37.88421822], [144.99959179, -37.88418039], [144.99958936, -37.88415674], [144.99959825, -37.88410579], [144.99737056, -37.88380864], [144.99721895, -37.88380191], [144.99686882, -37.88381163], [144.99669963, -37.8836022], [144.99653679, -37.88338054], [144.99646321, -37.88327196], [144.9965879, -37.88311818], [144.99670421, -37.8829675], [144.99674295, -37.88292229], [144.99678018, -37.88289129], [144.99686949, -37.88284316], [144.99702741, -37.88200406], [144.99773805, -37.87830486], [144.99796032, -37.87717965], [144.9980143, -37.87690742], [144.99803418, -37.8767779], [144.99807252, -37.8765629], [144.99818721, -37.87599261], [144.99833639, -37.87521086], [144.99881211, -37.87275577], [144.99934205, -37.87004739], [144.99942665, -37.86963482], [144.99944951, -37.86950833], [144.99660734, -37.8691534], [144.99333657, -37.86875046], [144.9915137, -37.86851291], [144.99167159, -37.86763849], [144.99167817, -37.86761382], [144.99168994, -37.86759888], [144.9917035, -37.86758947], [144.99168455, -37.86752543], [144.99170525, -37.8674454], [144.99179729, -37.86699053], [144.99200606, -37.8658451], [144.99207911, -37.86545703], [144.99177311, -37.86541901], [144.99196859, -37.86435671], [144.99208295, -37.86367809], [144.99208734, -37.86362536], [144.99208557, -37.86359839], [144.99207719, -37.86357202], [144.99205067, -37.86353579], [144.99200552, -37.8635407], [144.99197083, -37.86353731], [144.99167871, -37.86349069], [144.9912504, -37.86343202], [144.99126989, -37.86333403], [144.99168494, -37.86101681], [144.99186362, -37.86004551], [144.99196848, -37.85945297], [144.99201709, -37.85919444], [144.99206334, -37.85891028], [144.99228355, -37.85766456], [144.99231303, -37.8575124], [144.99238913, -37.85707862], [144.99241291, -37.85696016], [144.99252617, -37.85634235], [144.99283607, -37.85467668], [144.99323013, -37.85258069], [144.99274421, -37.85251968], [144.99043073, -37.85221607], [144.98976715, -37.85213094], [144.98974995, -37.85212397], [144.98973222, -37.85210727], [144.98972651, -37.85209122], [144.98972555, -37.85206823], [144.98974931, -37.851457], [144.98976376, -37.8513811], [144.98931122, -37.85132174], [144.99155786, -37.8516162], [144.99157295, -37.85153337], [144.99162076, -37.85121238], [144.99171057, -37.85066266], [144.99173344, -37.85056537], [144.99176305, -37.8504626], [144.99177305, -37.85040401], [144.99188109, -37.84971033], [144.9919386, -37.84940022], [144.99202393, -37.84884791], [144.99205965, -37.84870838], [144.99207675, -37.84862694], [144.9922096, -37.84776831], [144.99221409, -37.84765277], [144.99221433, -37.84758527], [144.99221924, -37.8475175], [144.99228708, -37.84714088], [144.99231822, -37.84693108], [144.99232558, -37.8468273], [144.99235066, -37.84667381], [144.99063429, -37.84645131], [144.9906812, -37.84632667], [144.99080763, -37.84573008], [144.99091913, -37.84518948], [144.99108735, -37.84441797], [144.99049361, -37.84434106], [144.99049464, -37.84430746], [144.99084095, -37.84263088], [144.99091049, -37.84237153], [144.99093756, -37.84229522], [144.99093921, -37.84220936], [144.99095032, -37.84218099], [144.9909728, -37.84214821], [144.99099257, -37.84212746], [144.9910348, -37.84196146], [144.99112725, -37.84163266], [144.99152102, -37.83967149], [144.99149879, -37.83961559], [144.99149651, -37.8395823], [144.99150247, -37.83954699], [144.9915197, -37.83951069], [144.99156221, -37.83946023], [144.99164984, -37.83899032], [144.99220875, -37.83906339], [144.98652484, -37.83831016], [144.98567903, -37.83820738], [144.98544847, -37.83818253], [144.98520643, -37.83816604], [144.98496278, -37.83814574], [144.98471769, -37.83812018], [144.9820245, -37.83776621], [144.97903274, -37.83739001], [144.97820924, -37.83728251], [144.97796837, -37.83724846], [144.97780752, -37.83722154], [144.97758245, -37.83717883], [144.97739497, -37.83716183], [144.97708875, -37.83712791], [144.97620535, -37.83701323], [144.97603847, -37.83699919], [144.97578683, -37.83695161], [144.97564329, -37.83691922], [144.97550205, -37.83653271], [144.97540204, -37.83630876], [144.97524754, -37.83633656], [144.9745744, -37.83648224], [144.97434846, -37.83653377], [144.97418943, -37.83656087], [144.97414257, -37.83656673], [144.97404338, -37.83657043], [144.9739976, -37.83657009], [144.97387506, -37.83655942], [144.97380685, -37.83654797], [144.97369215, -37.83652086], [144.9734728, -37.83644787], [144.97321002, -37.83635044], [144.97309319, -37.83630165], [144.97301099, -37.83625752], [144.97295289, -37.83622147], [144.97290461, -37.83618774], [144.97284163, -37.83613899], [144.97281545, -37.83611574], [144.97274897, -37.8360662], [144.97264472, -37.83599772], [144.97255546, -37.83595031], [144.97174364, -37.8355581], [144.97150487, -37.8354353], [144.9713427, -37.83534897], [144.97076867, -37.83501267], [144.96988461, -37.8345664], [144.96889928, -37.83408043], [144.96857224, -37.83392826], [144.96819573, -37.83374432], [144.96774844, -37.83351482], [144.96760144, -37.83341847], [144.96705286, -37.83287226], [144.9666437, -37.83245038], [144.96650775, -37.83230331], [144.96617093, -37.83197388], [144.96566884, -37.83149389], [144.96523511, -37.83106113], [144.96516062, -37.83098108], [144.96505192, -37.83085547], [144.96406429, -37.82983638], [144.9638419, -37.8296186], [144.96297701, -37.82873977], [144.96284255, -37.82857208], [144.96239311, -37.82814994], [144.96216914, -37.82792401], [144.96196029, -37.82770186], [144.96216946, -37.8274582], [144.96228783, -37.82733472], [144.962365, -37.82724693], [144.96243141, -37.82720347], [144.96294782, -37.82695061], [144.96407262, -37.82647866], [144.96431188, -37.82639637], [144.96443893, -37.82636631], [144.96458903, -37.82633646], [144.96633432, -37.82616818], [144.96660419, -37.82612977], [144.96685867, -37.82608063], [144.96808597, -37.82580092], [144.96906074, -37.82547033], [144.96993487, -37.8251928], [144.97049753, -37.82502911], [144.97123971, -37.8248067], [144.97209522, -37.82460263], [144.97305187, -37.82443049], [144.97441764, -37.82429151], [144.97530807, -37.82424338], [144.97776442, -37.82428136], [144.97904969, -37.82431073], [144.98029835, -37.8243327], [144.98200396, -37.82440862], [144.98433717, -37.82456376], [144.98526615, -37.82461021], [144.98646998, -37.82470173], [144.98785774, -37.82481079], [144.98886265, -37.82486852], [144.98956462, -37.82492016], [144.98975669, -37.82493434], [144.99048921, -37.82502002], [144.99131238, -37.82514356], [144.99210902, -37.82530341], [144.99333225, -37.82567771], [144.99412835, -37.82597514], [144.99498063, -37.82640087], [144.99562044, -37.82674322], [144.99700057, -37.82753541], [144.99769335, -37.82793632], [144.99821574, -37.82821853], [144.99896155, -37.82854987], [144.99966959, -37.82880747], [145.00025895, -37.82900403], [145.00104706, -37.82922531], [145.00175542, -37.82939126], [145.00220787, -37.82950429], [145.00286538, -37.82961394], [145.00400896, -37.8298625], [145.00460137, -37.82997654], [145.0048205, -37.83001594], [145.00508757, -37.8300557], [145.00540541, -37.83008353], [145.00565201, -37.83008212], [145.00580345, -37.83009081], [145.00601415, -37.83011033], [145.00605444, -37.830112], [145.00610866, -37.83011121], [145.00614625, -37.83010743], [145.00619945, -37.83009824], [145.00623951, -37.83008738], [145.00629644, -37.83006167], [145.00633197, -37.83003353], [145.00633549, -37.83002917], [145.00634726, -37.82999729], [145.00636365, -37.82997089], [145.0064076, -37.82991657], [145.0064464, -37.82987649], [145.00660986, -37.82911407], [145.00663121, -37.82903837], [145.00670977, -37.8288382], [145.0067605, -37.82862079], [145.0068678, -37.82799827], [145.00701063, -37.82725469], [145.00709258, -37.82677197], [145.00706696, -37.826677], [145.00702085, -37.82667216], [145.00703175, -37.82660034], [145.00714815, -37.82593544], [145.00727955, -37.82521077], [145.00733304, -37.82486508], [145.00735236, -37.82477187], [145.00758629, -37.82350029], [145.00771561, -37.82277271], [145.00778117, -37.82241731], [145.00793998, -37.82152656], [145.00815927, -37.8202661], [145.00816297, -37.81996796], [145.00823153, -37.8195726], [145.00802989, -37.81955125], [145.00776835, -37.81951844], [145.00751493, -37.81948351], [145.00650022, -37.81936982], [145.00617296, -37.81933914], [145.00567165, -37.81928343], [145.00441394, -37.81915289], [145.00415062, -37.81913563], [145.00392078, -37.81911101], [145.00346423, -37.81905533], [145.00232574, -37.81893599], [145.00212982, -37.81891761], [145.00191188, -37.81890283], [145.00137725, -37.81885266], [145.00123186, -37.81883514], [145.00109714, -37.81881366], [145.00090799, -37.81878837], [145.00011206, -37.81870537], [144.99985946, -37.81869099], [144.99966894, -37.81867451], [144.99928592, -37.81863493], [144.99921266, -37.81857979], [144.99917158, -37.81856539], [144.9989863, -37.81856098], [144.99884814, -37.81854899], [144.99508556, -37.81810316], [144.99177617, -37.81773693], [144.99128888, -37.81768464], [144.99118154, -37.81768831], [144.99101989, -37.81768411], [144.99059845, -37.81764141], [144.9903616, -37.81759907], [144.9899735, -37.81755054], [144.9898635, -37.81753073], [144.98973784, -37.81750227], [144.9895497, -37.81744859], [144.98931355, -37.81737228], [144.9880805, -37.81690928], [144.98795797, -37.81686556], [144.98758921, -37.81672408], [144.98749821, -37.81669927], [144.98743894, -37.8166897], [144.98730524, -37.81667299], [144.98692895, -37.81663304], [144.98670837, -37.81659853], [144.98570728, -37.81648769], [144.98560079, -37.81648127], [144.98552358, -37.81647986], [144.9853846, -37.81646892], [144.98433389, -37.81635776], [144.98354355, -37.81626718], [144.98316978, -37.81622662], [144.98263879, -37.81616516], [144.98247033, -37.81614002], [144.98197086, -37.81607234], [144.98178942, -37.81604842], [144.98156418, -37.81602248], [144.97987305, -37.81583919], [144.97964394, -37.8158258], [144.97933591, -37.81579519], [144.97899426, -37.81575166], [144.97750955, -37.81558919], [144.97711916, -37.81555004], [144.97636658, -37.81546672], [144.97550348, -37.81537502], [144.9752045, -37.81533752], [144.97509628, -37.81533188], [144.97502466, -37.81533371], [144.97492469, -37.81530081], [144.97484902, -37.81526797], [144.97479423, -37.81523197], [144.97477905, -37.81521792], [144.97476304, -37.81519683], [144.97449106, -37.81464946], [144.97441327, -37.81444509], [144.97437792, -37.8143668], [144.97411023, -37.81379139], [144.97400266, -37.81358767], [144.97391518, -37.81337628], [144.97389831, -37.81332859], [144.97360085, -37.81267886]]}}, {"type": "Feature", "properties": {"route_short_name": "Hurstbridge", "route_long_name": "Hurstbridge - City", "route_type": "train", "color": "#4d7cff"}, "geometry": {"type": "LineString", "coordinates": [[145.19195897, -37.63956689], [145.19116543, -37.64032807], [145.19100429, -37.6404862], [145.19090274, -37.64059369], [145.19079911, -37.64071719], [145.19071604, -37.64082902], [145.19063493, -37.64095368], [145.19060201, -37.64101193], [145.1905313, -37.64115613], [145.19047524, -37.64129496], [145.1904547, -37.64135647], [145.19042835, -37.64146151], [145.19039706, -37.64163478], [145.19038804, -37.6417172], [145.19038262, -37.64179543], [145.1903813, -37.64187796], [145.19038185, -37.641958], [145.19038762, -37.6420474], [145.19040748, -37.64226112], [145.19048371, -37.64286548], [145.19050754, -37.64310233], [145.19051484, -37.64321717], [145.19051827, -37.64330464], [145.19051586, -37.64349287], [145.19050916, -37.64357766], [145.19049857, -37.64366366], [145.19047157, -37.64381402], [145.19042595, -37.64398942], [145.19039323, -37.64408598], [145.19035571, -37.64418427], [145.19031356, -37.64428185], [145.19026668, -37.64437838], [145.19020966, -37.64448141], [145.19014512, -37.64459073], [145.1899694, -37.64485399], [145.18984581, -37.64502882], [145.18971279, -37.64522343], [145.18964545, -37.64533118], [145.18958344, -37.64543936], [145.18953627, -37.64553327], [145.18950029, -37.64561491], [145.18947253, -37.64568478], [145.18944353, -37.64577256], [145.18940413, -37.64592499], [145.18938959, -37.64600569], [145.18937964, -37.64608377], [145.18937154, -37.64617962], [145.18937002, -37.64626999], [145.18937202, -37.64636988], [145.18938016, -37.6464732], [145.18939259, -37.64657288], [145.18940821, -37.64666703], [145.18943549, -37.64680867], [145.18951438, -37.64718642], [145.18953612, -37.64730869], [145.1895627, -37.64752106], [145.18956866, -37.64767256], [145.18956625, -37.64774841], [145.18956044, -37.64782907], [145.18955229, -37.64789852], [145.1895278, -37.64803432], [145.18950565, -37.648125], [145.18947103, -37.64823911], [145.18943546, -37.64834554], [145.18929426, -37.64874117], [145.18924314, -37.6489091], [145.18920617, -37.6490639], [145.18919435, -37.64913537], [145.18917884, -37.64926977], [145.18917427, -37.64941588], [145.18917679, -37.64950343], [145.18918566, -37.64959576], [145.18919885, -37.64969176], [145.18921408, -37.64977906], [145.1892873, -37.65014779], [145.18930857, -37.65029853], [145.18931653, -37.65042366], [145.18931469, -37.65054592], [145.18930497, -37.65063356], [145.189284, -37.65075959], [145.18926492, -37.65084509], [145.18924337, -37.65092488], [145.1891605, -37.65118667], [145.18880603, -37.65222368], [145.18831723, -37.65366607], [145.18816545, -37.65410002], [145.18810473, -37.65426149], [145.18799834, -37.65452094], [145.18789655, -37.65474], [145.18778014, -37.65497289], [145.18693962, -37.6565382], [145.18671617, -37.65695843], [145.18659344, -37.65718086], [145.18648758, -37.6573665], [145.18638806, -37.65752422], [145.18627384, -37.65769469], [145.18616009, -37.65785074], [145.18602913, -37.65801482], [145.18585615, -37.65821476], [145.18569334, -37.65838817], [145.18562202, -37.65845863], [145.18551596, -37.65855947], [145.18539435, -37.65867007], [145.18527565, -37.65877279], [145.18516437, -37.65886453], [145.18496447, -37.6590198], [145.18473125, -37.65918411], [145.18458704, -37.65927778], [145.18443878, -37.65937031], [145.18429397, -37.65945604], [145.18384075, -37.65971186], [145.18370372, -37.65979428], [145.18355277, -37.65989478], [145.1834565, -37.65996549], [145.1833752, -37.66003129], [145.18330721, -37.66009062], [145.18323295, -37.66016077], [145.18317158, -37.660223], [145.18311485, -37.66028548], [145.18306333, -37.66034804], [145.18300598, -37.66042187], [145.18294808, -37.66050443], [145.18287018, -37.66063093], [145.18280634, -37.66075243], [145.18274374, -37.66089286], [145.18267331, -37.66107536], [145.18168217, -37.66400213], [145.18140741, -37.66481801], [145.18130006, -37.66512854], [145.18123034, -37.66530491], [145.18113592, -37.66552264], [145.18102419, -37.66570638], [145.18089781, -37.66587224], [145.18079635, -37.66598342], [145.18059278, -37.66616242], [145.18043245, -37.66628404], [145.18027577, -37.66638626], [145.18006854, -37.66651103], [145.17975654, -37.66674279], [145.17916235, -37.66708626], [145.17867451, -37.66735991], [145.1783648, -37.66752104], [145.17802806, -37.66767031], [145.17766735, -37.66779352], [145.17686535, -37.66803391], [145.17570401, -37.66835968], [145.17320189, -37.66909653], [145.172524, -37.66930494], [145.17177425, -37.66952168], [145.17041095, -37.66993042], [145.16897589, -37.67034731], [145.16845658, -37.67049182], [145.16781165, -37.67070504], [145.16754525, -37.67081878], [145.16727288, -37.67094909], [145.16696321, -37.67113029], [145.16575404, -37.67191213], [145.16523917, -37.67222117], [145.16485468, -37.6724012], [145.16453335, -37.6725349], [145.16405698, -37.67267961], [145.16372934, -37.67275661], [145.16333418, -37.67282174], [145.16306789, -37.67284778], [145.16227323, -37.67291534], [145.16125271, -37.67298279], [145.16058672, -37.67303729], [145.16029059, -37.67307304], [145.16008035, -37.67310653], [145.15960355, -37.67317624], [145.15921402, -37.67325217], [145.1589567, -37.67330943], [145.15866643, -37.67338321], [145.15850799, -37.67342643], [145.15819333, -37.67352372], [145.15788926, -37.67362387], [145.15769293, -37.67368578], [145.15754907, -37.67372598], [145.15736655, -37.67378946], [145.15696565, -37.67396722], [145.15673155, -37.67408], [145.15633185, -37.67429157], [145.15591893, -37.6745425], [145.15568262, -37.67469922], [145.15544673, -37.67486605], [145.15517585, -37.67506738], [145.15492575, -37.67527678], [145.15459855, -37.6755642], [145.15347712, -37.67659476], [145.153119, -37.67691224], [145.15273447, -37.67727003], [145.15253845, -37.6774564], [145.15234124, -37.67766762], [145.15222662, -37.67780849], [145.15209275, -37.67798068], [145.15196847, -37.67816826], [145.15183437, -37.67840417], [145.1517417, -37.67860648], [145.15168534, -37.67876638], [145.15161502, -37.67898184], [145.15156147, -37.67921604], [145.15153646, -37.67938318], [145.15152298, -37.67951058], [145.1515102, -37.67977399], [145.15151328, -37.6799012], [145.15154104, -37.68019012], [145.15157308, -37.68034734], [145.15161534, -37.68051761], [145.15167835, -37.68072489], [145.15174838, -37.68091849], [145.15191789, -37.68125288], [145.15197165, -37.68133934], [145.15210239, -37.68152668], [145.15223111, -37.68169525], [145.15241077, -37.68189903], [145.1528895, -37.68236661], [145.15382367, -37.68321198], [145.15434765, -37.68367981], [145.1544919, -37.68381229], [145.15510563, -37.68436533], [145.15539149, -37.68464089], [145.15551506, -37.68480252], [145.15570553, -37.68506082], [145.15603653, -37.68553301], [145.1561384, -37.68575116], [145.15621633, -37.68599779], [145.15627622, -37.68623971], [145.15633617, -37.68655283], [145.15636613, -37.68679942], [145.15637815, -37.68706502], [145.15638408, -37.68729267], [145.15636615, -37.68757249], [145.15633017, -37.68787608], [145.15627624, -37.68820806], [145.15620996, -37.68848496], [145.15616824, -37.68860814], [145.15607804, -37.68884807], [145.15595192, -37.68913223], [145.15584046, -37.68935598], [145.15570826, -37.68959724], [145.15494427, -37.69091341], [145.15357967, -37.69320682], [145.15245352, -37.69516546], [145.15232635, -37.69550917], [145.15228002, -37.69580404], [145.15228401, -37.69611367], [145.15235311, -37.69645992], [145.15250326, -37.69681673], [145.15267232, -37.69707442], [145.15291749, -37.69734601], [145.15338253, -37.69776101], [145.15407243, -37.6983522], [145.15425806, -37.69852778], [145.15437836, -37.6986571], [145.15455671, -37.69887023], [145.15468415, -37.6990458], [145.15479901, -37.6992209], [145.15489015, -37.69937851], [145.15500745, -37.69962034], [145.15508971, -37.69983414], [145.15514938, -37.70002604], [145.15519665, -37.7002191], [145.15523235, -37.70043099], [145.15525645, -37.70065271], [145.15525909, -37.70088508], [145.15524957, -37.70107239], [145.15521134, -37.70134233], [145.15515099, -37.70159427], [145.15505625, -37.70187478], [145.15497062, -37.70206648], [145.15486375, -37.70227317], [145.15473805, -37.70248479], [145.15459552, -37.70267938], [145.1544397, -37.70286566], [145.15427764, -37.70304273], [145.15406633, -37.70323931], [145.15382978, -37.70343343], [145.15356293, -37.70362823], [145.15340498, -37.70373994], [145.15274736, -37.70419088], [145.15182543, -37.70482909], [145.15099115, -37.70541324], [145.150534, -37.70572889], [145.15011313, -37.70602266], [145.14978049, -37.70626644], [145.149654, -37.70636747], [145.14955316, -37.70645402], [145.14944885, -37.7065526], [145.14933145, -37.70667539], [145.14925107, -37.70676948], [145.14915133, -37.70689841], [145.14908981, -37.70699099], [145.1489685, -37.70719817], [145.14888096, -37.70738406], [145.14884774, -37.70746979], [145.14881381, -37.70757082], [145.14878476, -37.70767166], [145.14875925, -37.70777562], [145.14873597, -37.70789548], [145.14871527, -37.70809811], [145.1487107, -37.70819501], [145.14871104, -37.70829081], [145.14871879, -37.70846721], [145.14874315, -37.7087193], [145.14876216, -37.70888984], [145.14884732, -37.70959737], [145.14886896, -37.70981283], [145.14888242, -37.70997409], [145.14889081, -37.71012013], [145.14889444, -37.71024302], [145.14889259, -37.71044973], [145.14888041, -37.71066583], [145.14885274, -37.71089313], [145.14880937, -37.71115453], [145.148781, -37.7112871], [145.14874936, -37.71141872], [145.14869736, -37.7115986], [145.14865255, -37.71173542], [145.1485576, -37.711986], [145.14845328, -37.7122166], [145.14836744, -37.71238811], [145.14831648, -37.7124804], [145.14820151, -37.7126783], [145.14779226, -37.71335058], [145.14738268, -37.71402681], [145.14721743, -37.71430773], [145.14714169, -37.71442902], [145.14701773, -37.71463696], [145.14693021, -37.71477582], [145.14682936, -37.71491689], [145.14674163, -37.71503222], [145.14661071, -37.71517318], [145.14642371, -37.71534346], [145.14634216, -37.71541103], [145.14613723, -37.71556759], [145.14604333, -37.71562974], [145.14585183, -37.71574388], [145.14564031, -37.71585059], [145.14556229, -37.71588586], [145.14544215, -37.7159357], [145.14530163, -37.71598847], [145.14516996, -37.71603236], [145.14503075, -37.7160736], [145.14483922, -37.71612484], [145.14415854, -37.7162749], [145.14357731, -37.71640814], [145.14241309, -37.71666764], [145.1422344, -37.71670448], [145.14210475, -37.71673082], [145.14186815, -37.71676512], [145.14161184, -37.71678866], [145.14144338, -37.71679736], [145.14129089, -37.71679793], [145.14116166, -37.716794], [145.14102298, -37.71678658], [145.14093071, -37.716779], [145.14081527, -37.7167679], [145.14069205, -37.71675054], [145.14046233, -37.71670898], [145.14033747, -37.71668024], [145.14020762, -37.71664647], [145.14005197, -37.71660102], [145.13982941, -37.7165228], [145.13957364, -37.71641161], [145.13941458, -37.71633033], [145.13915738, -37.71618136], [145.13888866, -37.7159984], [145.13797619, -37.7153553], [145.137682, -37.71515248], [145.13745895, -37.7150126], [145.13735563, -37.71495266], [145.13712389, -37.71483806], [145.13697706, -37.71477608], [145.13682139, -37.71471828], [145.13664489, -37.71466286], [145.13643842, -37.71460868], [145.13628489, -37.71457408], [145.13613671, -37.71454758], [145.1359833, -37.71452641], [145.135822, -37.71450737], [145.1356928, -37.71449784], [145.13556215, -37.7144919], [145.13533478, -37.71449272], [145.1352686, -37.71449447], [145.13512065, -37.71450429], [145.13488375, -37.71452794], [145.13476988, -37.71454488], [145.13465305, -37.71456674], [145.13443805, -37.71461281], [145.13429999, -37.71464884], [145.13417575, -37.7146858], [145.13404095, -37.71473197], [145.13392325, -37.71477517], [145.13380647, -37.71482217], [145.13362586, -37.71490357], [145.13319594, -37.71512342], [145.13226034, -37.71562084], [145.13199325, -37.71575792], [145.13175266, -37.71587424], [145.13146266, -37.71600194], [145.13131835, -37.71606066], [145.13115915, -37.71612059], [145.13096367, -37.71618869], [145.13076548, -37.71625187], [145.1305851, -37.71630579], [145.13040375, -37.71635356], [145.13012465, -37.71642177], [145.12991875, -37.7164623], [145.12967329, -37.71650572], [145.12951636, -37.71652973], [145.12931548, -37.71655529], [145.12912755, -37.71657574], [145.12894132, -37.71659143], [145.12822025, -37.71663649], [145.12756699, -37.71666892], [145.12734376, -37.71667673], [145.12707161, -37.71668061], [145.12687286, -37.71667556], [145.1266574, -37.71666744], [145.1262468, -37.7166374], [145.12609235, -37.71662097], [145.12593528, -37.71660099], [145.12558159, -37.71654526], [145.12544456, -37.71651757], [145.12512067, -37.71644537], [145.12491995, -37.71639288], [145.12474026, -37.7163428], [145.12438955, -37.71623214], [145.12388075, -37.71605632], [145.12333778, -37.71585419], [145.12312121, -37.71577783], [145.12277581, -37.71565022], [145.12214859, -37.71542907], [145.12204373, -37.71539892], [145.1219596, -37.71537911], [145.12178126, -37.7153477], [145.12132277, -37.71527821], [145.12105828, -37.71524407], [145.11961493, -37.71505469], [145.11901385, -37.7149849], [145.11865891, -37.7149074], [145.11836429, -37.71482682], [145.11809741, -37.71473929], [145.11782925, -37.71463506], [145.11759227, -37.71452737], [145.11739861, -37.7144291], [145.11720143, -37.71430429], [145.11700525, -37.71417562], [145.11681424, -37.71403108], [145.11664121, -37.71388881], [145.11647089, -37.71372477], [145.11631293, -37.71355633], [145.1161243, -37.71331792], [145.11593152, -37.71305988], [145.11570224, -37.7127645], [145.11503825, -37.7118834], [145.11476598, -37.71152568], [145.11463812, -37.7113516], [145.1142108, -37.71078772], [145.11399279, -37.71048683], [145.11370491, -37.71011922], [145.11349796, -37.70983896], [145.11335154, -37.70965899], [145.1131879, -37.70947802], [145.11306649, -37.70934937], [145.11294674, -37.70922723], [145.11279281, -37.7090749], [145.1125493, -37.70884128], [145.1123183, -37.70862832], [145.11170215, -37.70808178], [145.11155685, -37.70794283], [145.11129204, -37.70770382], [145.11109215, -37.7075256], [145.11092461, -37.70738251], [145.11058649, -37.70708257], [145.11034712, -37.7068601], [145.11020237, -37.70671313], [145.11006807, -37.70656111], [145.10994945, -37.70641258], [145.10976466, -37.70615394], [145.10961926, -37.7059346], [145.10948235, -37.70571557], [145.10936612, -37.70554014], [145.10925649, -37.7053949], [145.10803397, -37.70396183], [145.1078409, -37.70373911], [145.10777026, -37.70366696], [145.10768195, -37.7035801], [145.10750294, -37.70341132], [145.10743993, -37.70335596], [145.10731858, -37.70325254], [145.10705598, -37.70304348], [145.10682452, -37.70287673], [145.10669995, -37.70279308], [145.10660503, -37.70273442], [145.10647204, -37.70265658], [145.10636198, -37.7025956], [145.10603552, -37.7024358], [145.10591535, -37.7023843], [145.10503544, -37.70205717], [145.10470524, -37.70192893], [145.10453067, -37.70185376], [145.10437905, -37.70178112], [145.1042858, -37.70173266], [145.10416768, -37.70166786], [145.10401835, -37.70158111], [145.10387453, -37.70149201], [145.1037408, -37.70139856], [145.10356575, -37.70127102], [145.10341015, -37.70115019], [145.10292723, -37.70079247], [145.10273107, -37.70065224], [145.10255541, -37.70053992], [145.10241254, -37.70045345], [145.10227547, -37.70038004], [145.10196719, -37.70024206], [145.1018052, -37.70018096], [145.10163015, -37.70011993], [145.10147675, -37.70007312], [145.10118248, -37.69999547], [145.10040181, -37.69979922], [145.10006928, -37.69970942], [145.09993905, -37.69967037], [145.09978124, -37.69961862], [145.09954802, -37.69953529], [145.09879482, -37.69923196], [145.0985459, -37.69914602], [145.09842152, -37.69910878], [145.09819734, -37.6990537], [145.09808979, -37.69903241], [145.09795857, -37.69901002], [145.09784216, -37.69899372], [145.09769365, -37.69897781], [145.09756707, -37.69896882], [145.09743335, -37.69896423], [145.09727153, -37.69896324], [145.09708752, -37.69896919], [145.09689452, -37.69898536], [145.09674776, -37.699003], [145.09656075, -37.69903297], [145.09640231, -37.69905934], [145.09617937, -37.69910206], [145.09569694, -37.69920133], [145.09556503, -37.69923236], [145.09543623, -37.69926597], [145.09533153, -37.69929753], [145.09512739, -37.69936768], [145.09494531, -37.69944477], [145.09482855, -37.69949975], [145.09469895, -37.6995647], [145.09458613, -37.69962957], [145.09446056, -37.69970567], [145.09434218, -37.69978856], [145.09421893, -37.69988002], [145.09409223, -37.69998648], [145.09387712, -37.70017911], [145.09326541, -37.70073788], [145.09225549, -37.70166681], [145.0920556, -37.70185409], [145.09181452, -37.70209054], [145.09173253, -37.70217393], [145.09157503, -37.7023445], [145.09144138, -37.70249617], [145.09132651, -37.70263238], [145.09117076, -37.70283191], [145.09109759, -37.7029294], [145.09095325, -37.70313083], [145.09091364, -37.70318904], [145.09075354, -37.70344338], [145.09068668, -37.7035426], [145.09059711, -37.70368246], [145.09051435, -37.70381792], [145.0900374, -37.70456856], [145.08927872, -37.70577244], [145.08904226, -37.70613729], [145.08888135, -37.70636963], [145.08876864, -37.70652254], [145.08865361, -37.70667289], [145.08852343, -37.7068302], [145.08837263, -37.70700457], [145.08818005, -37.70721071], [145.08801292, -37.70738004], [145.08776701, -37.70761343], [145.08769161, -37.70767403], [145.08755154, -37.70777918], [145.08712959, -37.7081311], [145.08681851, -37.70838434], [145.08629526, -37.70878031], [145.08515903, -37.70965504], [145.08507401, -37.7097235], [145.08484682, -37.70991627], [145.0846363, -37.71011364], [145.08444902, -37.71030309], [145.08433075, -37.71043329], [145.08380011, -37.7110401], [145.08360584, -37.71125386], [145.08343218, -37.7114338], [145.08302173, -37.71183131], [145.08279425, -37.7120613], [145.08249936, -37.71237147], [145.08239592, -37.71249406], [145.08231161, -37.71258308], [145.08224638, -37.71265772], [145.08202133, -37.71289919], [145.08191144, -37.71301203], [145.08173261, -37.71318973], [145.08157507, -37.71333811], [145.08133423, -37.713554], [145.08112852, -37.71372233], [145.08090214, -37.71389618], [145.08052645, -37.71416304], [145.08025405, -37.71434398], [145.07992263, -37.71455262], [145.07964723, -37.71472251], [145.07946901, -37.71483667], [145.0793239, -37.7149338], [145.07910895, -37.71508639], [145.07898296, -37.71518139], [145.07878111, -37.71534951], [145.07858882, -37.71552509], [145.07849696, -37.71561596], [145.07832318, -37.71580419], [145.07825049, -37.7158906], [145.07807941, -37.7161105], [145.07797181, -37.71626176], [145.07789758, -37.71637284], [145.07759277, -37.71686336], [145.07749447, -37.71701496], [145.07740996, -37.71713749], [145.07732425, -37.71725361], [145.07723921, -37.71736154], [145.07714466, -37.71747752], [145.07701523, -37.71762176], [145.07692054, -37.71772106], [145.07682819, -37.71781328], [145.07672067, -37.717913], [145.07664189, -37.71798498], [145.07652045, -37.71808781], [145.07638656, -37.71819377], [145.07623711, -37.71830479], [145.0761485, -37.71836661], [145.07598829, -37.7184725], [145.07583969, -37.71856389], [145.07567259, -37.71865966], [145.07551695, -37.71874273], [145.07509588, -37.71895079], [145.07491018, -37.71903779], [145.07246497, -37.72021066], [145.07212126, -37.72037951], [145.0719879, -37.72044736], [145.07189422, -37.72049836], [145.07175733, -37.72057967], [145.07160567, -37.72067506], [145.07142116, -37.72080298], [145.07132275, -37.72087941], [145.07112155, -37.72104744], [145.07104598, -37.72111749], [145.07093469, -37.7212267], [145.07080704, -37.72136267], [145.0707036, -37.72148408], [145.07061453, -37.72159807], [145.07028463, -37.72206048], [145.07009716, -37.72234174], [145.06996768, -37.72255257], [145.0698668, -37.72273702], [145.06980935, -37.72285197], [145.06972989, -37.7230283], [145.06963527, -37.72326007], [145.06959465, -37.72337368], [145.06955898, -37.72348457], [145.06952712, -37.72359292], [145.06949162, -37.72372788], [145.06946045, -37.72385804], [145.06940928, -37.7241199], [145.06933796, -37.72466009], [145.06932045, -37.72481453], [145.069175, -37.72596326], [145.06914724, -37.72619784], [145.06900936, -37.7272863], [145.06899891, -37.72733047], [145.06893102, -37.72755916], [145.0689222, -37.72759732], [145.068878, -37.72793157], [145.06885678, -37.72805406], [145.06880717, -37.72830387], [145.06874863, -37.72854389], [145.0686776, -37.72877992], [145.06863344, -37.72891186], [145.06859571, -37.72901866], [145.06849788, -37.72926858], [145.0683558, -37.72959258], [145.0683094, -37.72975359], [145.06825041, -37.72992772], [145.06772415, -37.73109778], [145.06755017, -37.73149154], [145.06747749, -37.73164671], [145.0673079, -37.73202883], [145.06707125, -37.73255494], [145.06698626, -37.73273839], [145.06647942, -37.73387108], [145.06625714, -37.73435868], [145.06617178, -37.73455626], [145.06600261, -37.73492622], [145.06583161, -37.73531382], [145.06578467, -37.73542579], [145.06569527, -37.73565593], [145.06561519, -37.73588586], [145.06552376, -37.73619861], [145.06544426, -37.73653679], [145.06540885, -37.73673744], [145.06536256, -37.73708581], [145.06535108, -37.73722179], [145.06534317, -37.73732926], [145.06533856, -37.73743688], [145.06533463, -37.73766158], [145.06533485, -37.73777982], [145.06534709, -37.73802442], [145.06535658, -37.73816102], [145.06537131, -37.738306], [145.06539935, -37.7385323], [145.06544054, -37.7388374], [145.06546104, -37.73896976], [145.06565926, -37.7403879], [145.06572911, -37.74086939], [145.06576792, -37.74109208], [145.06583705, -37.74140503], [145.06590517, -37.74168741], [145.06608595, -37.74240692], [145.06614433, -37.74265373], [145.06627525, -37.74317866], [145.06664457, -37.74467323], [145.06673787, -37.74511338], [145.06675794, -37.74522762], [145.06677929, -37.74535792], [145.06681255, -37.74558863], [145.06685007, -37.74592639], [145.06687223, -37.74620423], [145.06687923, -37.74632772], [145.06688943, -37.74662501], [145.06689098, -37.74678347], [145.06688712, -37.74706701], [145.06687289, -37.74740437], [145.06686706, -37.74748457], [145.06661903, -37.7504823], [145.06654323, -37.75135784], [145.06651093, -37.75163073], [145.06649069, -37.75175873], [145.06644826, -37.75195846], [145.06642498, -37.75205072], [145.0663987, -37.75214032], [145.06634872, -37.75228567], [145.06630466, -37.75240418], [145.06624115, -37.75255454], [145.0661418, -37.75275658], [145.06604213, -37.75293157], [145.06590464, -37.7531466], [145.065845, -37.75323123], [145.06579845, -37.75329292], [145.06570653, -37.75340541], [145.06559045, -37.75353923], [145.06551742, -37.75361968], [145.06539485, -37.75374563], [145.06527771, -37.75385014], [145.06516297, -37.75395009], [145.06474807, -37.75428267], [145.06436562, -37.75456324], [145.0642673, -37.75463823], [145.06407288, -37.75477724], [145.06208078, -37.75623741], [145.06185364, -37.7564077], [145.06088463, -37.75715516], [145.0607195, -37.75727996], [145.05959219, -37.75815079], [145.0595159, -37.75821198], [145.05913218, -37.75850504], [145.0585281, -37.75897326], [145.05804529, -37.75936561], [145.05764705, -37.75973142], [145.05734663, -37.76004198], [145.05688524, -37.76059554], [145.05634613, -37.7612475], [145.05553881, -37.76224424], [145.05535645, -37.76244562], [145.05512175, -37.762682], [145.05486563, -37.76292587], [145.05451962, -37.76321638], [145.0541347, -37.76351003], [145.05377581, -37.76376761], [145.05129817, -37.76554454], [145.05035016, -37.76623152], [145.04826873, -37.76772953], [145.04786579, -37.76798564], [145.04759812, -37.76811008], [145.0473303, -37.76821414], [145.04542192, -37.76890435], [145.04420791, -37.76934228], [145.04371176, -37.76952897], [145.04346085, -37.76963718], [145.04334698, -37.76969332], [145.04311912, -37.76981841], [145.04288104, -37.76997396], [145.04270727, -37.77011419], [145.04252766, -37.77028702], [145.04231043, -37.770517], [145.04215807, -37.77070634], [145.03955704, -37.77375218], [145.03930291, -37.77405904], [145.03869805, -37.7747529], [145.03852605, -37.77495451], [145.03790744, -37.77567886], [145.03754127, -37.77603134], [145.03721266, -37.77628154], [145.03688148, -37.77648708], [145.03653684, -37.77666518], [145.03624982, -37.77678503], [145.03572535, -37.77694507], [145.03454125, -37.77733086], [145.03385458, -37.7775747], [145.03273111, -37.77794274], [145.03261115, -37.77797949], [145.03124882, -37.77841849], [145.02996953, -37.77883021], [145.02977675, -37.77888944], [145.02961217, -37.77893418], [145.02942437, -37.77898142], [145.02925199, -37.77902089], [145.02911217, -37.7790482], [145.02877754, -37.77910487], [145.02860848, -37.77912592], [145.02843394, -37.77914409], [145.02823858, -37.77915947], [145.02800092, -37.77917289], [145.02776985, -37.77917767], [145.02750854, -37.77917951], [145.0242068, -37.77917266], [145.02177509, -37.77918483], [145.01809505, -37.77918623], [145.01697282, -37.77918961], [145.01617018, -37.77919006], [145.01272679, -37.77920294], [145.01035461, -37.77920561], [145.01020793, -37.77920908], [145.00827541, -37.77921039], [145.00458372, -37.7792145], [145.00228629, -37.77921981], [145.00197807, -37.77923504], [145.0018356, -37.77924641], [145.00167753, -37.77926833], [145.00147628, -37.7793043], [145.00131785, -37.77933937], [145.00115564, -37.77938402], [145.00097252, -37.77944246], [145.00078296, -37.77951188], [145.00057075, -37.77960443], [145.00042101, -37.77967957], [145.00026377, -37.77976729], [145.0000942, -37.77987454], [144.99998744, -37.77995176], [144.99985202, -37.78005553], [144.9996791, -37.78020697], [144.99949412, -37.78038857], [144.99925138, -37.78066183], [144.99912258, -37.7808151], [144.99903128, -37.78093322], [144.99892543, -37.78108156], [144.99879607, -37.78127654], [144.99868409, -37.78147957], [144.99846296, -37.78190261], [144.9982714, -37.78228984], [144.99807328, -37.78266362], [144.9978748, -37.78302144], [144.99735561, -37.78392786], [144.99715805, -37.78425938], [144.99616027, -37.78585337], [144.99606373, -37.78601808], [144.99602256, -37.78609633], [144.99597965, -37.78619238], [144.99592097, -37.78634278], [144.99587722, -37.78647442], [144.99584292, -37.78662154], [144.99581199, -37.78677449], [144.9957557, -37.78708858], [144.99571498, -37.7872802], [144.99566163, -37.78750657], [144.99561857, -37.78771744], [144.99556404, -37.78802913], [144.99546495, -37.78862863], [144.99527692, -37.78967386], [144.99518443, -37.78999969], [144.99513696, -37.79022643], [144.99510534, -37.79042181], [144.9950655, -37.79077394], [144.99506402, -37.79092523], [144.99505906, -37.79103319], [144.99506078, -37.79110397], [144.99503915, -37.79137053], [144.99504537, -37.79163198], [144.99508267, -37.79184827], [144.99515609, -37.79222432], [144.99518722, -37.79236246], [144.99523559, -37.79260633], [144.9952667, -37.79277899], [144.99528814, -37.79297698], [144.99530822, -37.7931964], [144.99531356, -37.79341052], [144.99530145, -37.7937451], [144.99528144, -37.7939478], [144.99516995, -37.79464378], [144.99493083, -37.79609539], [144.99467784, -37.7975637], [144.99466125, -37.79792128], [144.99464331, -37.79796703], [144.99443131, -37.79923796], [144.99419975, -37.80061057], [144.9941952, -37.80071584], [144.99420746, -37.80126577], [144.99421612, -37.8013865], [144.99422119, -37.80151419], [144.99421366, -37.80171259], [144.99419529, -37.80193829], [144.99418374, -37.80203759], [144.99410892, -37.80252773], [144.99407632, -37.80272507], [144.99375448, -37.80458747], [144.99364545, -37.80522896], [144.99346517, -37.80632101], [144.99328021, -37.80739702], [144.99323792, -37.80762078], [144.99320877, -37.80774483], [144.9931756, -37.80787097], [144.9931231, -37.80802706], [144.9929942, -37.80834938], [144.99290053, -37.80859534], [144.99281145, -37.80886508], [144.99277976, -37.80899908], [144.99273695, -37.80920409], [144.99262815, -37.80984117], [144.99253971, -37.81038894], [144.99250988, -37.81055064], [144.99239913, -37.81116309], [144.99198053, -37.81360797], [144.99194655, -37.81377618], [144.99190573, -37.81396221], [144.99186225, -37.81411196], [144.99179523, -37.81429637], [144.99173033, -37.81445721], [144.99160723, -37.81470284], [144.99145895, -37.81493913], [144.99139264, -37.81503424], [144.9913696, -37.81506719], [144.99126897, -37.81519633], [144.99114683, -37.81533978], [144.99101006, -37.815482], [144.99058781, -37.81588051], [144.99022352, -37.81613518], [144.98996688, -37.81624498], [144.98977427, -37.8163437], [144.98956102, -37.81643658], [144.98945344, -37.81647872], [144.98930312, -37.81653428], [144.98902305, -37.81663223], [144.9888576, -37.81668411], [144.98856375, -37.81676272], [144.98821449, -37.81682326], [144.98802762, -37.81684413], [144.98782868, -37.81686217], [144.98732292, -37.81686272], [144.98720812, -37.81686067], [144.98706619, -37.81685401], [144.98694532, -37.81684581], [144.98676162, -37.81682952], [144.98392456, -37.81651332], [144.9827568, -37.81638284], [144.98154906, -37.81625229], [144.98105878, -37.81621027], [144.98075431, -37.81619027], [144.98037003, -37.81616043], [144.97985566, -37.81611024], [144.97609503, -37.81568906], [144.97579197, -37.81566358], [144.97553919, -37.81565229], [144.97537421, -37.81565342], [144.9752646, -37.8156573], [144.97516539, -37.81566272], [144.97503604, -37.81567383], [144.97491175, -37.81568701], [144.97478414, -37.81570491], [144.97461935, -37.81573254], [144.97455341, -37.81574708], [144.9740338, -37.81588062], [144.97387326, -37.81592742], [144.97363385, -37.81599197], [144.97289613, -37.81617537], [144.97231884, -37.8163326], [144.97099466, -37.81672127], [144.97021405, -37.81696852], [144.96961529, -37.8171834], [144.96931902, -37.81728301], [144.96789512, -37.81767821], [144.96728535, -37.81785513], [144.96709669, -37.81789108], [144.96681723, -37.81795339], [144.9662735, -37.81811612]]}}, {"type": "Feature", "properties": {"route_short_name": "Frankston", "route_long_name": "Frankston - City", "route_type": "train", "color": "#4d7cff"}, "geometry": {"type": "LineString", "coordinates": [[144.96668461, -37.81853479], [144.96705756, -37.81844778], [144.96807653, -37.81815897], [144.97024662, -37.81751709], [144.97072131, -37.81738198], [144.97109906, -37.81726882], [144.97152079, -37.81714686], [144.97181664, -37.81707076], [144.97196271, -37.81703804], [144.97211723, -37.81700816], [144.97229159, -37.81697954], [144.97248083, -37.81695531], [144.97264017, -37.81693588], [144.97283091, -37.81691898], [144.97296235, -37.81691043], [144.97309388, -37.81690693], [144.97339625, -37.8169124], [144.97364836, -37.81692359], [144.97387714, -37.81694447], [144.97402727, -37.81696282], [144.97428929, -37.8170023], [144.97442627, -37.81702817], [144.97458469, -37.81706307], [144.97470636, -37.81709211], [144.97489425, -37.81714211], [144.97504332, -37.81718676], [144.97518766, -37.81723403], [144.97544055, -37.81732913], [144.97555131, -37.81737474], [144.97568835, -37.81743567], [144.97582676, -37.81750077], [144.97598159, -37.81757986], [144.97612869, -37.81765934], [144.97627634, -37.81774362], [144.97699504, -37.81816591], [144.9774167, -37.81840404], [144.97806046, -37.81875448], [144.97833571, -37.81890862], [144.97859283, -37.81905704], [144.97927607, -37.81946006], [144.97958954, -37.8196044], [144.9796638, -37.81964317], [144.9802076, -37.81996458], [144.98082241, -37.82032352], [144.98108912, -37.82049183], [144.98121535, -37.8205788], [144.98139254, -37.82071764], [144.98175883, -37.82101681], [144.98201241, -37.82120797], [144.98229748, -37.82138642], [144.98274815, -37.82165368], [144.98302699, -37.82181012], [144.98320289, -37.82190506], [144.9833355, -37.82197483], [144.98350955, -37.82205801], [144.98381576, -37.82219429], [144.98443939, -37.82246451], [144.98480545, -37.82261397], [144.98599577, -37.82303013], [144.98611575, -37.82307148], [144.98631036, -37.82313437], [144.98647117, -37.82318272], [144.98664503, -37.82323148], [144.98697814, -37.82331476], [144.98751746, -37.8234351], [144.98786643, -37.82351622], [144.98837201, -37.8236494], [144.98962095, -37.82399137], [144.99009978, -37.82412283], [144.99029997, -37.82418086], [144.99038118, -37.82420712], [144.99059818, -37.82428652], [144.99070896, -37.82433212], [144.99078988, -37.82436864], [144.99087676, -37.82441167], [144.99097264, -37.82446242], [144.9911976, -37.8245917], [144.99142925, -37.82473038], [144.99208675, -37.8251355], [144.99225817, -37.82524963], [144.99263784, -37.82551853], [144.99294705, -37.82577207], [144.99317495, -37.82597341], [144.99337886, -37.82617568], [144.9935492, -37.82637594], [144.99371674, -37.82660373], [144.99386026, -37.82683778], [144.99395095, -37.82701316], [144.99402181, -37.8271737], [144.99405993, -37.82727654], [144.9941165, -37.82745324], [144.99414277, -37.8275529], [144.9941641, -37.82765041], [144.99419955, -37.82787694], [144.99421969, -37.82809834], [144.99422372, -37.82841932], [144.99420769, -37.8285919], [144.99414193, -37.82900189], [144.99392493, -37.8302685], [144.99376645, -37.83112777], [144.99347807, -37.83249103], [144.9934085, -37.83281084], [144.99311648, -37.83421566], [144.99306663, -37.83449139], [144.99302713, -37.83478756], [144.99297345, -37.83522101], [144.99292515, -37.83554398], [144.99290088, -37.83568091], [144.99278144, -37.83626392], [144.99259041, -37.83717004], [144.99230282, -37.83855276], [144.992268, -37.83872222], [144.99224875, -37.83886626], [144.99223724, -37.83901836], [144.9922356, -37.839171], [144.99225268, -37.83940857], [144.99229037, -37.83980392], [144.9923054, -37.83990331], [144.99232375, -37.84000194], [144.99235778, -37.84012571], [144.99240295, -37.84024931], [144.99245861, -37.84036733], [144.99252154, -37.84048132], [144.99259648, -37.84059263], [144.99267611, -37.84069861], [144.99276919, -37.8407987], [144.99286466, -37.84089432], [144.99294751, -37.84096521], [144.99303416, -37.84103437], [144.99310428, -37.84108468], [144.99318334, -37.84113604], [144.99333078, -37.84122218], [144.99346066, -37.84128532], [144.99359072, -37.84134151], [144.99373477, -37.84139371], [144.99386208, -37.841434], [144.99428378, -37.84154329], [144.99450086, -37.84160503], [144.99467986, -37.84166314], [144.99565611, -37.84200337], [144.99599996, -37.84212593], [144.99630952, -37.8422388], [144.99659854, -37.84235096], [144.99696166, -37.84250457], [144.99735545, -37.8426797], [144.99923886, -37.84352666], [145.00001175, -37.84387071], [145.00183357, -37.84465647], [145.00227123, -37.84484062], [145.00279912, -37.8450463], [145.00308223, -37.84515078], [145.00706649, -37.84657547], [145.00728495, -37.84665451], [145.00860235, -37.84714758], [145.0094087, -37.84745518], [145.00961811, -37.84754127], [145.00996114, -37.84769603], [145.01013015, -37.84777558], [145.01029621, -37.84785922], [145.01061894, -37.84803374], [145.01093348, -37.84821676], [145.01137654, -37.84850632], [145.01157406, -37.84865024], [145.01176706, -37.8487976], [145.01195479, -37.84895063], [145.01213921, -37.8491083], [145.01251211, -37.84945867], [145.0126321, -37.84958244], [145.01295573, -37.84993964], [145.01338689, -37.8504659], [145.0136343, -37.85075404], [145.01376336, -37.85089157], [145.01404895, -37.8511717], [145.01425249, -37.85135861], [145.01490425, -37.85192329], [145.01512437, -37.85211949], [145.01534396, -37.8523183], [145.01556018, -37.85252399], [145.01798569, -37.8550358], [145.01834175, -37.85541479], [145.01870212, -37.85582792], [145.01891235, -37.85605459], [145.01911812, -37.85628199], [145.01938241, -37.85654436], [145.01964311, -37.85680883], [145.02009994, -37.85724115], [145.02046918, -37.85761269], [145.02417304, -37.8614751], [145.02445376, -37.86176197], [145.02469801, -37.86200534], [145.02502445, -37.86230856], [145.02625087, -37.86342749], [145.0278001, -37.86484722], [145.02803082, -37.86507052], [145.02818976, -37.86524009], [145.02865204, -37.86576186], [145.02875524, -37.86586903], [145.02892254, -37.86601926], [145.02917879, -37.86627462], [145.02950702, -37.86654164], [145.03001781, -37.8668984], [145.03020537, -37.86703519], [145.03038781, -37.86717648], [145.03068, -37.86741406], [145.0311847, -37.86785507], [145.03164785, -37.86826861], [145.03944194, -37.87527019], [145.03961179, -37.87541622], [145.04056831, -37.87621653], [145.04075394, -37.87635507], [145.04105105, -37.87656828], [145.04149029, -37.87685396], [145.04229992, -37.87738985], [145.04382666, -37.87840157], [145.04460555, -37.87891431], [145.04492496, -37.87913211], [145.04505802, -37.87921669], [145.04522224, -37.87932684], [145.04541757, -37.87947752], [145.04554935, -37.87959758], [145.0456237, -37.879671], [145.04570716, -37.87976539], [145.04583296, -37.87993537], [145.04590287, -37.88004791], [145.04595599, -37.88014162], [145.04599789, -37.88022558], [145.04608059, -37.8804217], [145.04617606, -37.88067246], [145.04621863, -37.88079564], [145.04626254, -37.88093244], [145.04632548, -37.88115392], [145.04635466, -37.88128417], [145.04638086, -37.881416], [145.04639701, -37.88151909], [145.0464097, -37.88161969], [145.04641998, -37.88173404], [145.04642602, -37.8818239], [145.04642752, -37.88203822], [145.04641539, -37.88226061], [145.04639004, -37.88246242], [145.04637077, -37.88256366], [145.04634085, -37.88269771], [145.04629125, -37.88288343], [145.04625456, -37.88299853], [145.0461855, -37.88318059], [145.04613305, -37.88330228], [145.04608558, -37.88339927], [145.0459702, -37.8836131], [145.04584622, -37.8838084], [145.04575982, -37.88393241], [145.04567416, -37.88404174], [145.04558805, -37.88414638], [145.04549155, -37.8842567], [145.04535022, -37.88440269], [145.04491441, -37.88482783], [145.04394246, -37.8857991], [145.04375753, -37.88597257], [145.04344197, -37.88629139], [145.043244, -37.88653204], [145.04307543, -37.8867703], [145.04292714, -37.88703278], [145.0428228, -37.88723742], [145.04267656, -37.88758563], [145.04258003, -37.88792008], [145.0425277, -37.88816144], [145.04241998, -37.88870838], [145.04231475, -37.88932817], [145.04219374, -37.88998149], [145.04202487, -37.89084012], [145.04193745, -37.8913243], [145.04181507, -37.89191713], [145.04177944, -37.89214616], [145.04160034, -37.89315006], [145.04153397, -37.89344482], [145.04141998, -37.89408564], [145.04074705, -37.89751449], [145.04059788, -37.89822943], [145.04033637, -37.89958189], [145.04010303, -37.90075124], [145.03984688, -37.90205971], [145.03982281, -37.90220819], [145.0397997, -37.90238506], [145.03975647, -37.90287386], [145.03974295, -37.90299358], [145.03972627, -37.90310766], [145.03970351, -37.90322813], [145.0396577, -37.90344176], [145.03956924, -37.9039034], [145.03949372, -37.90429766], [145.03928703, -37.90534012], [145.03910973, -37.90611073], [145.03903235, -37.90649812], [145.03882067, -37.90765503], [145.03879176, -37.90782722], [145.03864957, -37.90858156], [145.03849843, -37.90943281], [145.0383782, -37.91025538], [145.03830877, -37.91061686], [145.03826375, -37.91087718], [145.03788866, -37.91275924], [145.0377514, -37.91348987], [145.03766272, -37.91398053], [145.03750716, -37.91481773], [145.03746, -37.91508982], [145.03740091, -37.91545552], [145.03735051, -37.91582813], [145.03728566, -37.9162351], [145.03722143, -37.91656746], [145.03712918, -37.91708049], [145.03697792, -37.91792642], [145.03689676, -37.91834357], [145.03671341, -37.91904838], [145.03663361, -37.91937552], [145.03658506, -37.91961866], [145.03614133, -37.92205866], [145.03583117, -37.92373209], [145.03579417, -37.92396001], [145.03575671, -37.92423037], [145.035649, -37.92490066], [145.03549378, -37.92573553], [145.03547396, -37.92585217], [145.03545451, -37.92596737], [145.03544423, -37.92604578], [145.03542495, -37.92622741], [145.03541627, -37.9263737], [145.03541409, -37.92650686], [145.03543361, -37.92690631], [145.03548594, -37.92721413], [145.03557025, -37.9275304], [145.03569104, -37.92783927], [145.03583989, -37.92817987], [145.03603709, -37.92860618], [145.0361819, -37.92893202], [145.03638166, -37.9293562], [145.03657346, -37.92978043], [145.03676663, -37.9302173], [145.03695436, -37.93072193], [145.03706434, -37.93106558], [145.03715549, -37.931493], [145.03718915, -37.93194252], [145.03716485, -37.93238153], [145.03709479, -37.93281679], [145.03697069, -37.93350853], [145.03694701, -37.93365422], [145.03691004, -37.9338378], [145.03681198, -37.93437191], [145.03673376, -37.9347928], [145.03663554, -37.9353498], [145.03657223, -37.93567217], [145.03653706, -37.93602304], [145.03647777, -37.93726359], [145.03645834, -37.93773683], [145.03645834, -37.93792932], [145.03646942, -37.93814164], [145.03650692, -37.93851111], [145.03652665, -37.93866771], [145.03657649, -37.93898386], [145.03662665, -37.93925423], [145.03667437, -37.93947897], [145.03675773, -37.93979289], [145.03685079, -37.94009751], [145.03702978, -37.94064047], [145.03709583, -37.94082262], [145.0372748, -37.941298], [145.03736045, -37.94151319], [145.03742536, -37.94166981], [145.0376188, -37.94208469], [145.03783223, -37.94247603], [145.03792912, -37.94264517], [145.0382137, -37.94310338], [145.03836615, -37.94333176], [145.03879522, -37.94395829], [145.0391448, -37.94445489], [145.03974855, -37.94532611], [145.04069603, -37.94668419], [145.04114675, -37.94733703], [145.04164348, -37.9480446], [145.04191683, -37.94843909], [145.04162593, -37.94801971], [145.04257541, -37.94939078], [145.04276862, -37.94966219], [145.0432118, -37.95030443], [145.04429285, -37.95185314], [145.04530225, -37.95330746], [145.04595646, -37.95424239], [145.04669285, -37.9553025], [145.04689952, -37.95559521], [145.04746299, -37.95640832], [145.04774144, -37.95680621], [145.0479393, -37.95708363], [145.04845698, -37.95783443], [145.04924045, -37.95895883], [145.04977927, -37.95975071], [145.05090723, -37.96137366], [145.05117819, -37.96174151], [145.05302919, -37.96440033], [145.05341815, -37.96496423], [145.05411158, -37.96592221], [145.05442046, -37.96637249], [145.05442375, -37.96637723], [145.05470123, -37.96677978], [145.05505949, -37.96728766], [145.05530951, -37.96765271], [145.05585836, -37.96842697], [145.05626405, -37.96902727], [145.05650845, -37.96937709], [145.05670138, -37.96966297], [145.05692337, -37.96999917], [145.05705764, -37.97017829], [145.05751475, -37.97085451], [145.05793013, -37.97143812], [145.05934156, -37.97345859], [145.06053653, -37.97518529], [145.06163761, -37.97676553], [145.06213978, -37.97747158], [145.06221313, -37.97756976], [145.06233135, -37.97774554], [145.06311989, -37.97887463], [145.06375056, -37.97979087], [145.06410332, -37.98029592], [145.06466317, -37.98111799], [145.06480153, -37.98131627], [145.06534144, -37.98206574], [145.06614451, -37.98320883], [145.06641987, -37.98360131], [145.06701846, -37.98447627], [145.06728635, -37.98484574], [145.06759097, -37.98520842], [145.06777797, -37.98541966], [145.06788355, -37.9855354], [145.06852305, -37.98621042], [145.06894841, -37.98663276], [145.06943493, -37.98708926], [145.06996276, -37.98755148], [145.07058992, -37.9880904], [145.07128984, -37.98870359], [145.07234834, -37.98962131], [145.07279122, -37.99000201], [145.07344394, -37.99057116], [145.07465934, -37.99161768], [145.07600571, -37.99279529], [145.07631085, -37.9930627], [145.07657511, -37.99328628], [145.0774969, -37.99409348], [145.07814866, -37.99465412], [145.07947935, -37.99582602], [145.07985481, -37.99614873], [145.08019936, -37.99645166], [145.08057371, -37.9967866], [145.08099259, -37.99720041], [145.08124946, -37.99746423], [145.081394, -37.99762024], [145.08153712, -37.99778316], [145.08168786, -37.9979463], [145.08184604, -37.99813416], [145.08205541, -37.99839864], [145.08225104, -37.99865254], [145.08239168, -37.99885381], [145.08316633, -37.99998137], [145.08409094, -38.00135549], [145.08549339, -38.00342849], [145.08584689, -38.0039106], [145.08612959, -38.00427306], [145.08622024, -38.00438718], [145.08643608, -38.00464473], [145.08667982, -38.00492887], [145.08676967, -38.00503883], [145.08687157, -38.00517612], [145.08701666, -38.00538241], [145.0873186, -38.00582863], [145.08780141, -38.00653822], [145.08800175, -38.00682742], [145.08807208, -38.00693896], [145.08823653, -38.00722036], [145.08833295, -38.00741081], [145.08843298, -38.00761998], [145.08855085, -38.00789243], [145.08858598, -38.00796473], [145.08862795, -38.00804156], [145.08868236, -38.008135], [145.08878826, -38.00830244], [145.08900951, -38.00863352], [145.08910516, -38.00878323], [145.08930736, -38.0090848], [145.08941508, -38.00923921], [145.08986638, -38.0098743], [145.09048909, -38.01079504], [145.09061634, -38.01100483], [145.09089715, -38.01142456], [145.09098747, -38.0115475], [145.09261264, -38.01383986], [145.09340259, -38.01502609], [145.09371375, -38.01547577], [145.0938601, -38.01569208], [145.09398055, -38.01586138], [145.09415913, -38.01609569], [145.09436876, -38.01635818], [145.09465898, -38.01669298], [145.09533629, -38.01742768], [145.09570955, -38.0178817], [145.09694833, -38.01953756], [145.09866765, -38.02184182], [145.09907655, -38.02239958], [145.09963716, -38.02315292], [145.10019515, -38.02395046], [145.10056244, -38.02454134], [145.10108973, -38.0254303], [145.10212246, -38.02720435], [145.10232831, -38.02753596], [145.10241838, -38.02768791], [145.10361466, -38.02973124], [145.104752, -38.03166366], [145.10586278, -38.03355914], [145.10666548, -38.03492067], [145.1070953, -38.03565799], [145.10726436, -38.03593791], [145.1074776, -38.03629847], [145.10811785, -38.03739126], [145.10879588, -38.03853962], [145.11313361, -38.04591167], [145.11324561, -38.04610766], [145.1134334, -38.04644988], [145.11358219, -38.0467355], [145.11373508, -38.04704336], [145.11441097, -38.04848183], [145.11450626, -38.04869414], [145.11474034, -38.04918254], [145.11514333, -38.05004331], [145.11547957, -38.05075224], [145.11561742, -38.05105184], [145.11611485, -38.05211472], [145.1164046, -38.05272621], [145.11660803, -38.05316166], [145.11728298, -38.05460118], [145.11746413, -38.0549951], [145.11755395, -38.05520363], [145.1176498, -38.05543487], [145.11779866, -38.05583908], [145.11887051, -38.05895607], [145.11913111, -38.05972434], [145.11926791, -38.06018152], [145.11937381, -38.06058171], [145.11941942, -38.060777], [145.11950324, -38.06118459], [145.11954215, -38.06140113], [145.11961854, -38.06188997], [145.11976373, -38.06288358], [145.12014755, -38.06555842], [145.12024024, -38.06619], [145.12036221, -38.06705796], [145.12040779, -38.06733932], [145.12043459, -38.06749447], [145.12050772, -38.06785746], [145.12053393, -38.06797809], [145.12062238, -38.0683434], [145.12068937, -38.06859887], [145.12095434, -38.06957195], [145.12139059, -38.07107332], [145.1215779, -38.07170983], [145.12174064, -38.07229116], [145.12237124, -38.07463236], [145.12245503, -38.0749264], [145.12278258, -38.07602663], [145.12286379, -38.07633712], [145.12311398, -38.07740467], [145.12340633, -38.07867394], [145.12350229, -38.07913001], [145.12366043, -38.08001721], [145.12371443, -38.08030392], [145.12376225, -38.08052943], [145.12387918, -38.08095944], [145.12400562, -38.08134301], [145.12411751, -38.08163984], [145.12425297, -38.08196967], [145.12443547, -38.08235017], [145.12526867, -38.08400141], [145.12541606, -38.08432827], [145.12622136, -38.08597114], [145.12671316, -38.08696116], [145.12697695, -38.08750354], [145.12724964, -38.08804579], [145.12737143, -38.08829546], [145.12749765, -38.08857259], [145.1276653, -38.08900007], [145.12782198, -38.08944657], [145.12787908, -38.0896351], [145.12791457, -38.08976814], [145.12798227, -38.0900283], [145.12806205, -38.09036498], [145.12817351, -38.09110021], [145.12821372, -38.09161163], [145.12822507, -38.09191289], [145.12822923, -38.09314466], [145.12823276, -38.09676927], [145.12824388, -38.10112881], [145.12824387, -38.10336809], [145.12824675, -38.10350548], [145.12824646, -38.1040532], [145.12824703, -38.10566204], [145.12826558, -38.10604776], [145.1282824, -38.10626882], [145.12831485, -38.10652139], [145.12834851, -38.10673523], [145.12838837, -38.10692943], [145.12848735, -38.10731887], [145.12860962, -38.10769407], [145.12874296, -38.10803783], [145.12892445, -38.10842542], [145.12902897, -38.10861994], [145.12939078, -38.10921316], [145.12956956, -38.10945707], [145.12974688, -38.10969059], [145.13000036, -38.10997507], [145.13074592, -38.11083916], [145.13106405, -38.11122721], [145.13249149, -38.11291436], [145.13284324, -38.11331339], [145.13490478, -38.11574251], [145.13527384, -38.11619768], [145.13546191, -38.11646732], [145.13565517, -38.11680706], [145.13587621, -38.11726539], [145.1360132, -38.11765127], [145.13606492, -38.11784242], [145.1361328, -38.11813808], [145.13618205, -38.11852483], [145.13619914, -38.11884844], [145.13619038, -38.11921561], [145.13617531, -38.11938199], [145.13614295, -38.11961398], [145.13610825, -38.11981213], [145.13607186, -38.11997385], [145.13600817, -38.12019939], [145.13595084, -38.12038142], [145.13585112, -38.12066064], [145.13568655, -38.12109427], [145.13541551, -38.12178026], [145.13536189, -38.12191053], [145.13519612, -38.1222479], [145.13509824, -38.12242712], [145.13502504, -38.12257374], [145.13491664, -38.12279893], [145.13478105, -38.12309768], [145.1343588, -38.12406791], [145.13409154, -38.12469448], [145.13355535, -38.12592712], [145.13341436, -38.12623992], [145.13320229, -38.12673264], [145.13307357, -38.12704302], [145.13298166, -38.12727424], [145.13273131, -38.12792098], [145.13261624, -38.12820149], [145.13248065, -38.12851293], [145.13235605, -38.12880878], [145.13209274, -38.12940891], [145.13192665, -38.12979737], [145.13181431, -38.13004682], [145.13171328, -38.13028619], [145.13121636, -38.13142977], [145.13090343, -38.13213599], [145.13080102, -38.13235793], [145.13058825, -38.13280017], [145.13048878, -38.13300089], [145.13037273, -38.1332474], [145.13024107, -38.13353809], [145.12911221, -38.13613517], [145.12826255, -38.1381084], [145.12790922, -38.13891534], [145.12750612, -38.13985206], [145.12734932, -38.14020552], [145.12715362, -38.14060773], [145.12704993, -38.14086561], [145.12697187, -38.141009], [145.12688658, -38.14115372], [145.12682385, -38.1412778], [145.12661862, -38.14175781], [145.12648419, -38.14209739], [145.12621709, -38.14271222]]}}, {"type": "Feature", "properties": {"route_short_name": "Replacement Bus", "route_long_name": "Frankston - City", "route_type": "train", "color": "#4d7cff"}, "geometry": {"type": "LineString", "coordinates": [[145.0419515, -37.87763268], [145.04164165, -37.87744513], [145.04158043, -37.87740004], [145.04151329, -37.87734648], [145.04135614, -37.87721436], [145.03970922, -37.87579354], [145.03948087, -37.87558571], [145.03986506, -37.87528877], [145.03984598, -37.87517626], [145.03983874, -37.87514928], [145.03977161, -37.87500542], [145.03966828, -37.87495341], [145.03944995, -37.87483514], [145.03933078, -37.8747589], [145.03911673, -37.87461628], [145.03890754, -37.87446221], [145.03871568, -37.87430608], [145.03863855, -37.87423937], [145.03851989, -37.87412673], [145.03812035, -37.87373419], [145.03797558, -37.87359876], [145.03768572, -37.87330582], [145.03734167, -37.87297287], [145.03632319, -37.87203397], [145.03612341, -37.87184274], [145.03554626, -37.87131529], [145.03465505, -37.87043979], [145.03402742, -37.86980668], [145.03370153, -37.86948907], [145.03352113, -37.8693088], [145.03289695, -37.86866628], [145.03268855, -37.86847048], [145.03260695, -37.86841406], [145.03255869, -37.86838658], [145.03251719, -37.86836966], [145.03246075, -37.8683506], [145.03237102, -37.86833054], [145.03231873, -37.86832201], [145.03223555, -37.8683162], [145.03213486, -37.86832362], [145.03204441, -37.8683395], [145.03197405, -37.86836067], [145.03169926, -37.86845124], [145.03147709, -37.86851259], [145.03140468, -37.86852949], [145.03128001, -37.86854543], [145.03123641, -37.86854749], [145.03115225, -37.86854464], [145.03111314, -37.86854066], [145.03102678, -37.86852623], [145.03097268, -37.86851316], [145.03091195, -37.86849277], [145.03084545, -37.86846688], [145.03077847, -37.86842953], [145.03071745, -37.86839003], [145.03065547, -37.86834411], [145.03058815, -37.86827648], [145.03050219, -37.8681833], [145.03016959, -37.86781537], [145.03008096, -37.86772016], [145.03004012, -37.8676783], [145.02991607, -37.86756402], [145.02981146, -37.86747558], [145.0296827, -37.86738033], [145.02963236, -37.86734543], [145.02957195, -37.86730882], [145.02946549, -37.86725116], [145.02918066, -37.86712149], [145.02896793, -37.86702907], [145.02820595, -37.86670081], [145.02770373, -37.86648773], [145.02598647, -37.86574071], [145.02542484, -37.86549238], [145.0232047, -37.86452537], [145.0217428, -37.86388566], [145.02078182, -37.8634693], [145.02019027, -37.8632063], [145.01803547, -37.86226642], [145.01546993, -37.8611525], [145.01534849, -37.86110351], [145.01523615, -37.86106656], [145.01500784, -37.86100124], [145.01486373, -37.86096673], [145.01472776, -37.86094209], [145.01460821, -37.86092412], [145.01049989, -37.86039308], [145.01057905, -37.85996023], [145.01061609, -37.85974079], [145.01071534, -37.85918617], [145.01143244, -37.855059], [145.01158367, -37.85417669], [145.0119115, -37.85198363], [145.01221896, -37.8499007], [145.01227025, -37.84957786], [145.01229173, -37.84942548], [145.01234406, -37.84914411], [145.01250273, -37.84833943], [145.01254602, -37.84813271], [145.01278565, -37.84693647], [145.01287865, -37.84646096], [145.01287131, -37.84627294], [145.01293233, -37.8459727], [145.01299181, -37.84589071], [145.0136825, -37.84243607], [145.01370279, -37.84232782], [145.01372709, -37.8421762], [145.01382491, -37.8416686], [145.01074176, -37.84130239], [145.01078516, -37.8411802], [145.01092654, -37.84041379], [145.01114656, -37.83912288], [145.01126128, -37.8384775], [145.01123863, -37.83847027], [145.01122045, -37.83845752], [145.01121015, -37.83844329], [145.01120665, -37.83843404], [145.01120575, -37.83841681], [145.01121142, -37.83840033], [145.01122317, -37.83838593], [145.01124005, -37.83837513], [145.01125142, -37.83837081], [145.01127526, -37.83836743], [145.01129226, -37.83836898], [145.01136686, -37.83788027], [145.01147505, -37.83723658], [145.01168955, -37.83596864], [145.01191751, -37.83465983], [145.01189854, -37.83465546], [145.01188207, -37.83464689], [145.01186978, -37.83463478], [145.01186267, -37.83462015], [145.01186161, -37.83460473], [145.01186669, -37.83458913], [145.01187785, -37.83457553], [145.01189369, -37.83456544], [145.01191281, -37.83455972], [145.01193317, -37.83455907], [145.01204831, -37.83386359], [145.012245, -37.83273332], [145.01230859, -37.83238744], [145.01239755, -37.83183309], [145.01240429, -37.83173858], [145.01240477, -37.83168281], [145.0123985, -37.83161557], [145.01239592, -37.8315382], [145.01236512, -37.83151299], [145.01234943, -37.83148803], [145.01234278, -37.83146061], [145.01234591, -37.83143282], [145.01235832, -37.83140671], [145.01238773, -37.83137783], [145.01240551, -37.83134191], [145.012442, -37.83128593], [145.01245663, -37.83125734], [145.01256493, -37.83096448], [145.01272204, -37.83003846], [145.01271105, -37.8299651], [145.01270327, -37.82994163], [145.01267916, -37.82989617], [145.01264518, -37.82985378], [145.0126255, -37.82983362], [145.0125902, -37.82980283], [145.01256033, -37.82978944], [145.01254025, -37.82977568], [145.01252364, -37.82975953], [145.01251072, -37.82974138], [145.01250182, -37.82972168], [145.01249726, -37.82970114], [145.01249736, -37.82968033], [145.01250189, -37.82965968], [145.01250903, -37.82964349], [145.01250917, -37.82955788], [145.01251325, -37.82952001], [145.01256655, -37.82921901], [145.0125849, -37.82914506], [145.01260108, -37.829101], [145.01263216, -37.8290306], [145.01264022, -37.82899307], [145.01273828, -37.82840832], [145.01274499, -37.82835734], [145.01273416, -37.82823568], [145.01274215, -37.8281201], [145.01275785, -37.82804728], [145.01274878, -37.82803793], [145.01259549, -37.82803877], [145.01249175, -37.82804333], [145.01184873, -37.82809637], [145.01178095, -37.82809901], [145.01155382, -37.82811626], [145.01119279, -37.82814828], [145.01088073, -37.82816346], [145.01079644, -37.82816294], [145.01071369, -37.82814767], [145.01065255, -37.82813978], [145.01059002, -37.82813683], [145.01041191, -37.82813536], [145.01016602, -37.8281276], [145.00981639, -37.82809916], [145.00969289, -37.82808229], [145.00937276, -37.82804696], [145.00912764, -37.82802326], [145.0090359, -37.82804234], [145.00851126, -37.82797742], [145.00803405, -37.82792726], [145.00799483, -37.82791984], [145.00790634, -37.82788932], [145.00785717, -37.82787993], [145.00749887, -37.82784043], [145.00741453, -37.827829], [145.00732541, -37.82782218], [145.00726143, -37.82782272], [145.00720628, -37.82783314], [145.00720997, -37.82785618], [145.00720714, -37.82787713], [145.00706306, -37.82831681]]}}, {"type": "Feature", "properties": {"route_short_name": "Replacement Bus", "route_long_name": "Craigieburn - City", "route_type": "train", "color": "#4d7cff"}, "geometry": {"type": "LineString", "coordinates": [[144.94263101, -37.60170368], [144.94257442, -37.60168972], [144.94246806, -37.60192839], [144.94238097, -37.60215388], [144.94222095, -37.60254717], [144.94204077, -37.60297336], [144.94197683, -37.60313996], [144.94196195, -37.60324829], [144.94193045, -37.60336382], [144.94191691, -37.60342342], [144.94191367, -37.6034997], [144.94191958, -37.60351134], [144.94192312, -37.60353113], [144.94191895, -37.6035508], [144.94190758, -37.60356871], [144.94188997, -37.60358301], [144.94186785, -37.60359253], [144.94185349, -37.60359553], [144.94167839, -37.60374703], [144.9416189, -37.60377654], [144.94142597, -37.60392548], [144.94126201, -37.60401769], [144.94102647, -37.60413029], [144.94077782, -37.60420057], [144.94053369, -37.60422613], [144.94006643, -37.60423879], [144.93965727, -37.6042722], [144.93928192, -37.6043445], [144.93905395, -37.60444533], [144.93904034, -37.60446239], [144.93902475, -37.60447303], [144.93900644, -37.60448001], [144.9389863, -37.60448299], [144.93896595, -37.60448173], [144.93894606, -37.60447598], [144.93884785, -37.60448417], [144.93866243, -37.60451662], [144.93843756, -37.60459533], [144.93821346, -37.60469542], [144.93817495, -37.60471592], [144.93778895, -37.60493186], [144.9374986, -37.60510081], [144.93706703, -37.6054368], [144.93659936, -37.60585759], [144.93636293, -37.60616157], [144.93614435, -37.60656969], [144.93610953, -37.60671886], [144.93607712, -37.60687897], [144.93606377, -37.60700157], [144.93606481, -37.60713587], [144.93608322, -37.60718711], [144.93609384, -37.60724551], [144.93611785, -37.6073439], [144.93613446, -37.60735374], [144.93614712, -37.60736694], [144.93615463, -37.6073823], [144.93615633, -37.60739873], [144.93615225, -37.60741488], [144.93614256, -37.60742949], [144.9361457, -37.60752904], [144.93613489, -37.60757589], [144.93619905, -37.60783232], [144.93635021, -37.60857251], [144.93635129, -37.6087096], [144.93634182, -37.60894168], [144.93632328, -37.60911636], [144.93629765, -37.60928967], [144.93623155, -37.60966458], [144.93618075, -37.60990008], [144.93612197, -37.61008812], [144.9360252, -37.61026126], [144.93583213, -37.61052058], [144.93552675, -37.61077731], [144.93549542, -37.61083723], [144.9354242, -37.61090546], [144.93539607, -37.61093949], [144.93536098, -37.61096302], [144.93535057, -37.6109915], [144.93532927, -37.61101591], [144.93529955, -37.61103378], [144.93526405, -37.61104343], [144.93522655, -37.61104358], [144.93520324, -37.61103876], [144.93504627, -37.6110534], [144.93499565, -37.61106117], [144.93494401, -37.61106441], [144.93485105, -37.61106269], [144.93470128, -37.61108783], [144.93444376, -37.61111333], [144.93429746, -37.61111509], [144.93415378, -37.61110798], [144.93394849, -37.61108843], [144.93381412, -37.61106436], [144.93364065, -37.6110205], [144.93344593, -37.61095049], [144.9333165, -37.61089127], [144.93311795, -37.61078343], [144.93289345, -37.6106435], [144.93234273, -37.61030969], [144.93217886, -37.61021399], [144.93200614, -37.61011841], [144.93187192, -37.61005253], [144.93170053, -37.60997454], [144.93161704, -37.60994172], [144.9313758, -37.60986223], [144.93112349, -37.60979391], [144.93089325, -37.6097468], [144.93080279, -37.60973269], [144.92869407, -37.60947056], [144.92848978, -37.6094476], [144.92815658, -37.60946121], [144.92813345, -37.60947423], [144.92810199, -37.60952189], [144.92808146, -37.60957209], [144.92806755, -37.60962006], [144.92772152, -37.61140196], [144.9276565, -37.61175273], [144.92759885, -37.61210319], [144.92753601, -37.61245697], [144.92749718, -37.61265978], [144.92746616, -37.6128019], [144.92745039, -37.61286398], [144.92742426, -37.61294013], [144.92736556, -37.61306743], [144.92734759, -37.61312289], [144.92734238, -37.61316372], [144.92734267, -37.61321013], [144.92735376, -37.61327612], [144.92738149, -37.61330544], [144.92739685, -37.61333987], [144.92739833, -37.61337639], [144.92738579, -37.61341159], [144.92736059, -37.61344206], [144.92732494, -37.61346531], [144.9272938, -37.61354218], [144.92727982, -37.61360511], [144.92726497, -37.61373209], [144.92723465, -37.61387341], [144.92713228, -37.61417784], [144.92703165, -37.61444003], [144.92696235, -37.6145976], [144.92687746, -37.61480726], [144.92681346, -37.61499458], [144.92676895, -37.61513663], [144.92671695, -37.61532416], [144.92666879, -37.61553672], [144.92664495, -37.61567743], [144.92661501, -37.61590274], [144.9265939, -37.61611622], [144.92658657, -37.61627786], [144.9265867, -37.61643647], [144.92659317, -37.61656663], [144.92660461, -37.616693], [144.92663349, -37.61688924], [144.9266583, -37.61696277], [144.92670779, -37.61717542], [144.92680974, -37.61749407], [144.92695191, -37.61780433], [144.92712888, -37.61811024], [144.9273274, -37.61839067], [144.92751507, -37.6186499], [144.92759557, -37.61874973], [144.92771895, -37.61884742], [144.92780987, -37.61889057], [144.92784241, -37.61888952], [144.92789706, -37.61890021], [144.92794361, -37.61892527], [144.92797602, -37.61896171], [144.92799035, -37.61900477], [144.92798991, -37.61902873], [144.92808265, -37.61912859], [144.92816312, -37.6191966], [144.92825975, -37.61926246], [144.92846792, -37.61938751], [144.92858045, -37.61945176], [144.92882033, -37.61958538], [144.92899867, -37.61967458], [144.92915025, -37.61974051], [144.92937675, -37.61982973], [144.9297014, -37.61993808], [144.92999235, -37.62001564], [144.93020294, -37.62006133], [144.93048186, -37.6201112], [144.93074335, -37.62014408], [144.93093392, -37.62016013], [144.93116991, -37.62017283], [144.93169429, -37.62018347], [144.93179216, -37.620176], [144.93186055, -37.62016539], [144.931933, -37.62014314], [144.93204662, -37.62010277], [144.93206344, -37.62008847], [144.93210322, -37.62006763], [144.93214906, -37.62005726], [144.93219661, -37.62005854], [144.93224146, -37.62007122], [144.93228146, -37.62009572], [144.93230855, -37.620128], [144.93232167, -37.62016536], [144.93231935, -37.62020407], [144.9323018, -37.62024044], [144.93227905, -37.62026429], [144.93230002, -37.62041101], [144.93233529, -37.62055717], [144.93238704, -37.62074607], [144.93245294, -37.62106652], [144.93270798, -37.62237511], [144.93286408, -37.62316153], [144.93298045, -37.62377494], [144.93301692, -37.62392247], [144.93303185, -37.62399312], [144.93310266, -37.62437376], [144.93312114, -37.62451242], [144.93314236, -37.62474413], [144.93315654, -37.62506277], [144.93314589, -37.62538972], [144.93311093, -37.62571922], [144.93304648, -37.62603359], [144.93296337, -37.62635441], [144.93285337, -37.6266688], [144.93208127, -37.62845594], [144.93192799, -37.62882284], [144.93178054, -37.62912233], [144.93165183, -37.62932627], [144.93148815, -37.62948769], [144.93136205, -37.6296385], [144.93132946, -37.62970642], [144.93132721, -37.62973837], [144.93130722, -37.62978497], [144.93126898, -37.62982386], [144.93121701, -37.62985089], [144.93115673, -37.62986299], [144.9311145, -37.62986189], [144.93090614, -37.62995079], [144.93055208, -37.63007606], [144.93017123, -37.63018229], [144.9297203, -37.63029892], [144.92851658, -37.63060456], [144.92839704, -37.63064103], [144.92842297, -37.63071953], [144.928518, -37.63095326], [144.92863464, -37.63127037], [144.92870169, -37.63160598], [144.9289994, -37.63355184], [144.92906649, -37.63386186], [144.92916569, -37.63413378], [144.92927843, -37.63434619], [144.92945545, -37.63459469], [144.92971285, -37.63486659], [144.93003209, -37.63511092], [144.93066547, -37.63550577], [144.93127897, -37.63587439], [144.93205706, -37.63635982], [144.93218479, -37.63645317], [144.93227337, -37.63652808], [144.93236839, -37.63659157], [144.93257493, -37.6366872], [144.93260056, -37.63668278], [144.93264167, -37.63668341], [144.93268095, -37.6366932], [144.93271524, -37.63671138], [144.93274151, -37.63673662], [144.93275779, -37.63676646], [144.93276108, -37.63677887], [144.93288878, -37.63684888], [144.93328394, -37.63712697], [144.93373123, -37.63739661], [144.93399367, -37.63753629], [144.93411556, -37.63759557], [144.93418955, -37.63765724], [144.93424314, -37.63777624], [144.93424184, -37.6379132], [144.93424979, -37.63798642], [144.93427925, -37.63803948], [144.93432492, -37.63809264], [144.93438261, -37.63811284], [144.93448051, -37.63812979], [144.93466693, -37.63815423], [144.93475951, -37.6381627], [144.93481182, -37.63815641], [144.9348372, -37.63816064], [144.93486272, -37.63816802], [144.93491235, -37.63817646], [144.93497135, -37.63819029], [144.93501285, -37.63821373], [144.93503165, -37.63825506], [144.93502902, -37.63830503], [144.93501701, -37.6383953], [144.93491162, -37.63891876], [144.93488575, -37.63904691], [144.93487278, -37.63908958], [144.93486667, -37.6391221], [144.93485031, -37.63914804], [144.9348192, -37.63915416], [144.93478435, -37.6391522], [144.93472521, -37.6391435], [144.93459099, -37.63912033], [144.93453985, -37.63910916], [144.93448114, -37.639093], [144.93437448, -37.63903643], [144.9342911, -37.63898234], [144.93426614, -37.63895459], [144.93421015, -37.63897127], [144.93415925, -37.63901283], [144.9339984, -37.6391779], [144.93364701, -37.63947103], [144.93358801, -37.63954318], [144.9335478, -37.63963241], [144.93349146, -37.63970676], [144.9333761, -37.63980874], [144.93283434, -37.64023993], [144.93274312, -37.64028447], [144.93262236, -37.64029506], [144.93182314, -37.64021436], [144.93169436, -37.64025257], [144.93163383, -37.64027331], [144.93156557, -37.64034818], [144.93154948, -37.64039701], [144.93147168, -37.64082822], [144.93144217, -37.64097694], [144.93016301, -37.64081814], [144.92940911, -37.64072119], [144.92932079, -37.64075929], [144.92924426, -37.64076461], [144.92912765, -37.64078483], [144.92898547, -37.64081558], [144.92892922, -37.64083361], [144.92887692, -37.64085594], [144.92882997, -37.64088161], [144.92873403, -37.64141821], [144.92869232, -37.64167558], [144.92868118, -37.64187248], [144.92867605, -37.64208164], [144.92867839, -37.64222182], [144.92872196, -37.64261587], [144.92876504, -37.6428439], [144.92879724, -37.64297794], [144.92884684, -37.64316301], [144.92889047, -37.64330166], [144.92900876, -37.64361294], [144.92907656, -37.64376292], [144.92924968, -37.64409958], [144.92939016, -37.64433419], [144.93097677, -37.64689746], [144.93118199, -37.64722558], [144.93125714, -37.64735198], [144.93138732, -37.64761111], [144.93146836, -37.6478071], [144.93154838, -37.64803551], [144.93162783, -37.6483379], [144.93167435, -37.64862223], [144.93170356, -37.64889292], [144.93169956, -37.64922098], [144.93168508, -37.64941214], [144.93165535, -37.64962971], [144.93160244, -37.64990662], [144.93151995, -37.65016336], [144.93145224, -37.65034881], [144.93135113, -37.65056936], [144.931191, -37.6508707], [144.93057083, -37.6518487], [144.92932215, -37.65383392], [144.92829637, -37.65545192], [144.9280227, -37.65588969], [144.92782797, -37.65619096], [144.92745836, -37.656777], [144.92727334, -37.65707132], [144.9269875, -37.65754681], [144.92696576, -37.65757842], [144.92651715, -37.65848948], [144.92625059, -37.65903749], [144.92602123, -37.65949514], [144.92575685, -37.65991152], [144.92569098, -37.65999733], [144.92548274, -37.66021337], [144.92539331, -37.66029029], [144.92508159, -37.66053399], [144.92496176, -37.66060758], [144.92466098, -37.66079217], [144.92431285, -37.66096718], [144.9240246, -37.66112927], [144.92389315, -37.66120897], [144.92362059, -37.66140162], [144.92343428, -37.66155028], [144.9232458, -37.6617235], [144.92317144, -37.66180078], [144.92307554, -37.66190633], [144.92293099, -37.66209402], [144.92277486, -37.6623309], [144.92271204, -37.66244938], [144.9226124, -37.66267301], [144.92251846, -37.6629154], [144.92243381, -37.66314624], [144.92232165, -37.66356259], [144.9222912, -37.6637276], [144.92214863, -37.66429113], [144.92212327, -37.66443604], [144.92211263, -37.66461042], [144.92210585, -37.66486993], [144.92212798, -37.66510454], [144.92217764, -37.66531584], [144.92224926, -37.66552014], [144.92235479, -37.66574433], [144.92246649, -37.66594239], [144.92258263, -37.66612729], [144.92272539, -37.66631329], [144.92291922, -37.66653804], [144.92340821, -37.66707772], [144.92353158, -37.66723129], [144.9236983, -37.66746502], [144.92382168, -37.6676833], [144.92393238, -37.66792569], [144.92400911, -37.66813819], [144.92406696, -37.66838118], [144.92409175, -37.66855347], [144.92410615, -37.66871188], [144.92411265, -37.66890179], [144.9241043, -37.66908332], [144.92407743, -37.66928273], [144.92320566, -37.67386759], [144.92297803, -37.67508604], [144.92276417, -37.67607881], [144.92267825, -37.67658196], [144.92256145, -37.6771189], [144.92241233, -37.67775377], [144.92233679, -37.67816122], [144.92227849, -37.6783854], [144.92221078, -37.67860536], [144.92213202, -37.67884342], [144.92202916, -37.67911656], [144.92189318, -37.67942237], [144.92175104, -37.67972122], [144.92159538, -37.68001686], [144.9214187, -37.68031429], [144.92126467, -37.6805475], [144.92110491, -37.68076241], [144.92094375, -37.68097063], [144.92061365, -37.68132889], [144.92023218, -37.68168308], [144.91996772, -37.68190723], [144.91961035, -37.68225482], [144.91946058, -37.68240853], [144.91937904, -37.68250217], [144.91932395, -37.68266782], [144.91913614, -37.68294487], [144.91906119, -37.68302997], [144.91876753, -37.68339004], [144.91874194, -37.68342131], [144.91872316, -37.68347649], [144.91872852, -37.68353597], [144.918789, -37.68364428], [144.91880176, -37.6836746], [144.91879311, -37.68371609], [144.91864439, -37.68390109], [144.91833253, -37.6837394], [144.91817816, -37.68370847], [144.91760344, -37.68339372], [144.91738158, -37.68327841], [144.91731008, -37.68324417], [144.91694878, -37.68305466], [144.91653484, -37.6828417], [144.91640909, -37.68278099], [144.91620191, -37.68269216], [144.91605065, -37.68261496], [144.91590504, -37.68257084], [144.915799, -37.68255923], [144.91572282, -37.6825587], [144.91563298, -37.6825681], [144.91550015, -37.68260207], [144.91525981, -37.68273796], [144.91494535, -37.68304258], [144.91481022, -37.68316663], [144.91476195, -37.68321399], [144.91447015, -37.68347837], [144.9143328, -37.68368213], [144.91428739, -37.6837728], [144.91424748, -37.68386996], [144.9142397, -37.68392092], [144.91424705, -37.68396233], [144.91428885, -37.68404868], [144.91446465, -37.6841283], [144.91471639, -37.6842254], [144.91558674, -37.68451962], [144.91594548, -37.68461824], [144.91644489, -37.68472719], [144.91673707, -37.68477723], [144.91801776, -37.68496388], [144.91841498, -37.68502478], [144.91901336, -37.68510654], [144.91935761, -37.68516398], [144.92002606, -37.68525797], [144.92026214, -37.68528701], [144.92062415, -37.68533791], [144.92082355, -37.68538919], [144.92061784, -37.68538953], [144.9204432, -37.68537356], [144.92026827, -37.68632177], [144.92011352, -37.68721761], [144.91979454, -37.68901093], [144.91950319, -37.69062657], [144.91950855, -37.69073886], [144.91950712, -37.69075749], [144.91949982, -37.69077539], [144.91947326, -37.69081268], [144.91942805, -37.69081152], [144.91938087, -37.69081546], [144.91931013, -37.69081061], [144.91923309, -37.69079573], [144.91917087, -37.69076994], [144.91877686, -37.69072261], [144.91877375, -37.69078132], [144.91857509, -37.69303122], [144.91857061, -37.69312658], [144.91842624, -37.69390527], [144.91620099, -37.69384162], [144.91613165, -37.6946009], [144.916134, -37.69465871], [144.91614265, -37.69470627], [144.91616804, -37.69477556], [144.91619737, -37.6948297], [144.91622362, -37.69487225], [144.91663867, -37.6955462], [144.91666372, -37.69559116], [144.91667042, -37.69561912], [144.91666986, -37.69565138], [144.91665858, -37.69572219], [144.91648623, -37.69661222], [144.91647828, -37.69666921], [144.91647446, -37.69672466], [144.91646648, -37.69753207], [144.91646794, -37.69839948], [144.91646122, -37.69927153], [144.91647257, -37.69937266], [144.91679811, -37.70075282], [144.91705036, -37.70179832], [144.91713007, -37.7021393], [144.91713425, -37.70218443], [144.91713332, -37.70234338], [144.9171364, -37.70239949], [144.91716146, -37.70255386], [144.91719325, -37.70266589], [144.91756782, -37.70381936], [144.91759605, -37.70386429], [144.91764788, -37.70391324], [144.91767611, -37.70392563], [144.91770958, -37.70392947], [144.91774492, -37.70394334], [144.91777254, -37.70396554], [144.91778945, -37.70399369], [144.91779357, -37.70402467], [144.91778456, -37.70405506], [144.91776352, -37.70408137], [144.91773269, -37.70410083], [144.91770821, -37.70413653], [144.91768541, -37.70422562], [144.91775463, -37.70445971], [144.91788906, -37.7048641], [144.918212, -37.70586093], [144.91788874, -37.70593362], [144.91733033, -37.70604316], [144.91693574, -37.70611089], [144.91632599, -37.70623502], [144.91627269, -37.7062385], [144.91612476, -37.70623949], [144.91597646, -37.70551628], [144.91585155, -37.70497453], [144.9157084, -37.70437145], [144.91585155, -37.70497453], [144.91597646, -37.70551628], [144.91610894, -37.70616017], [144.916145, -37.70635114], [144.91616609, -37.70644442], [144.9162159, -37.7066505], [144.9163645, -37.70721691], [144.91639315, -37.70734449], [144.91645185, -37.70769888], [144.91651771, -37.70815802], [144.91654104, -37.70830082], [144.91666829, -37.70916037], [144.91695916, -37.71103069], [144.91720113, -37.71260609], [144.91736309, -37.71362422], [144.91741895, -37.7139992], [144.91744092, -37.71413413], [144.91745264, -37.71419364], [144.91747135, -37.71426688], [144.91749442, -37.71433433], [144.91752046, -37.71439706], [144.9175513, -37.71445411], [144.91761806, -37.7145574], [144.91788538, -37.71493251], [144.91802718, -37.715123], [144.91832254, -37.71553789], [144.91837036, -37.71560074], [144.91856481, -37.71587182], [144.91877999, -37.71618067], [144.91902318, -37.71651453], [144.91944292, -37.71714313], [144.91957009, -37.71735823], [144.91971171, -37.71763667], [144.91983948, -37.71791532], [144.9202412, -37.71879926], [144.92044649, -37.71926781], [144.92071256, -37.71994397], [144.92090226, -37.7204427], [144.92106465, -37.72089156], [144.92113568, -37.72107791], [144.92117293, -37.72119807], [144.92168009, -37.72124982], [144.92179015, -37.72126573], [144.92254974, -37.72135798], [144.92269043, -37.72136559], [144.92289845, -37.72138782], [144.92433582, -37.72156491], [144.92477965, -37.72161752], [144.92455062, -37.72283161], [144.92453495, -37.72286486], [144.92450902, -37.72289126], [144.92442929, -37.72294311], [144.92439337, -37.72298231], [144.92437533, -37.72301471], [144.92436209, -37.72305827], [144.92436524, -37.72310807], [144.92437462, -37.72313789], [144.92442917, -37.72322383], [144.92513407, -37.72419537], [144.92572907, -37.72503565], [144.92603655, -37.72549499], [144.92673392, -37.72651407], [144.92690464, -37.72678382], [144.92728651, -37.727473], [144.9274382, -37.72779883], [144.92758211, -37.72814742], [144.92763434, -37.72825603], [144.92776601, -37.72854294], [144.92781113, -37.72865818], [144.92784848, -37.72873508], [144.92790838, -37.72891439], [144.92805664, -37.72942021], [144.92808132, -37.72953636], [144.92812431, -37.72967536], [144.92818176, -37.72986111], [144.92826836, -37.73008414], [144.92832401, -37.73026536], [144.92832745, -37.73028029], [144.92832417, -37.73039396], [144.92811561, -37.73037416], [144.92746926, -37.73028619], [144.9273968, -37.73026861], [144.92732084, -37.73024591], [144.92732639, -37.73017716], [144.92735013, -37.72996057], [144.92734956, -37.72991983], [144.927342, -37.72985724], [144.92722455, -37.72961384], [144.92639287, -37.72794942], [144.92449526, -37.72854161], [144.92440055, -37.72856454], [144.92433473, -37.72857338], [144.92426569, -37.72860768], [144.92418135, -37.72862529], [144.92391436, -37.72864591], [144.92393302, -37.72872951], [144.92396605, -37.72898107], [144.92403045, -37.72919372], [144.92402964, -37.72942188], [144.9239887, -37.73002657], [144.92395402, -37.73039076], [144.92379515, -37.73115117], [144.92374019, -37.73142876], [144.92370769, -37.7316661], [144.92370892, -37.73180067], [144.9237278, -37.73195744], [144.92382194, -37.73237328], [144.92397285, -37.73273912], [144.92408298, -37.7329805], [144.92474208, -37.73430667], [144.92497514, -37.73474217], [144.92516117, -37.73504121], [144.925394, -37.73544823], [144.92570945, -37.73598088], [144.92572665, -37.7361169], [144.92588324, -37.73634477], [144.92605015, -37.7365767], [144.92679585, -37.73759581], [144.92774045, -37.73885237], [144.92785115, -37.73893172], [144.92813375, -37.73929663], [144.92841111, -37.73963809], [144.92864217, -37.73994288], [144.92874659, -37.74009692], [144.92883627, -37.74023809], [144.92898464, -37.74050493], [144.92904474, -37.74063711], [144.92907616, -37.74071877], [144.92912812, -37.74091902], [144.92914654, -37.74103983], [144.92915624, -37.74116013], [144.92915602, -37.74126169], [144.92914988, -37.74137594], [144.92913041, -37.74149221], [144.92910377, -37.7416134], [144.92899906, -37.74177116], [144.92890385, -37.7419663], [144.92879964, -37.74213038], [144.92857027, -37.74244023], [144.92850085, -37.74254111], [144.92847005, -37.7425914], [144.9284426, -37.74264787], [144.92840114, -37.74274699], [144.92836714, -37.74286337], [144.92830801, -37.74312421], [144.92825974, -37.74335731], [144.92822671, -37.74350407], [144.92818115, -37.74366061], [144.92815124, -37.7437238], [144.9280977, -37.74380027], [144.92779442, -37.74410702], [144.92707285, -37.74486042], [144.9264684, -37.74548691], [144.92605351, -37.7459293], [144.92593106, -37.74610378], [144.92542877, -37.74686337], [144.92526992, -37.74709767], [144.92515202, -37.74729214], [144.92511564, -37.74737549], [144.92509593, -37.74746382], [144.92508433, -37.74762691], [144.92487696, -37.7475545], [144.92467878, -37.74750676], [144.92349509, -37.74737992], [144.92326715, -37.74735302], [144.92232618, -37.74725226], [144.92172801, -37.74718556], [144.92164, -37.74717959], [144.92159246, -37.74718326], [144.92154087, -37.74719767], [144.92148149, -37.74721861], [144.92140232, -37.74725759], [144.92133487, -37.74729957], [144.92106867, -37.74747997], [144.92076237, -37.74770256], [144.92059031, -37.74783272], [144.92034576, -37.74803027], [144.92005016, -37.74828396], [144.91972494, -37.74859029], [144.91944435, -37.74888327], [144.91927436, -37.74906456], [144.91917215, -37.74918838], [144.91911202, -37.7492768], [144.91902128, -37.74937217], [144.918939, -37.74943668], [144.91891791, -37.74945622], [144.91890347, -37.74947354], [144.91888861, -37.74949752], [144.9188733, -37.74952951], [144.9188365, -37.7496316], [144.91878345, -37.74973051], [144.91872619, -37.74987441], [144.91865054, -37.75005493], [144.91853348, -37.75069639], [144.91853836, -37.75080976], [144.91853369, -37.75087113], [144.91848245, -37.75118907], [144.91841912, -37.75154112], [144.91837083, -37.75183089], [144.91828278, -37.75214574], [144.91813555, -37.7530007], [144.9178004, -37.75480182], [144.91778135, -37.7548497], [144.91773178, -37.75491749], [144.91775204, -37.75493578], [144.91777504, -37.75496133], [144.91779541, -37.75499179], [144.91781052, -37.75502378], [144.91781845, -37.75505654], [144.91782198, -37.75508454], [144.91782181, -37.75517574], [144.91774738, -37.755284], [144.91771374, -37.75532603], [144.91767531, -37.75535681], [144.91763816, -37.75537426], [144.91758474, -37.75538873], [144.91754703, -37.75538977], [144.91750425, -37.75538127], [144.91746524, -37.75536373], [144.91745336, -37.7553546], [144.91742494, -37.75532354], [144.91741341, -37.75530586], [144.9173025, -37.75534274], [144.91685122, -37.75553653], [144.91679936, -37.7555686], [144.91676573, -37.75559801], [144.91674175, -37.75563156], [144.91672336, -37.75567197], [144.91667236, -37.75594854], [144.91663796, -37.75608248], [144.91660948, -37.75623562], [144.91654592, -37.75662813], [144.91653792, -37.75665034], [144.91649745, -37.75670892], [144.91648864, -37.75674806], [144.91651026, -37.75680693], [144.91652757, -37.7568331], [144.91655705, -37.75685831], [144.91659447, -37.75687601], [144.91664156, -37.75688873], [144.91676505, -37.75690894], [144.91704102, -37.75694401], [144.91744044, -37.75698469], [144.91776757, -37.7570212], [144.91851334, -37.75709674], [144.91859321, -37.75711437], [144.91870136, -37.75714764], [144.91920525, -37.75720287], [144.91929322, -37.75733257], [144.920347, -37.75905954], [144.92140399, -37.76077096], [144.92181661, -37.7614562], [144.92225987, -37.7621745], [144.92260677, -37.76272647], [144.92340572, -37.76402401], [144.923025, -37.76414896], [144.92284198, -37.76417042], [144.92277038, -37.7641734], [144.92265143, -37.76416878], [144.92239455, -37.76414406], [144.92087995, -37.76398414], [144.92073941, -37.76400437], [144.92071353, -37.76401257], [144.92068902, -37.76402826], [144.92065106, -37.76406661], [144.92059985, -37.76414799], [144.92054913, -37.76461742], [144.92048909, -37.76482777], [144.92046872, -37.76486607], [144.92044384, -37.76488303], [144.92040516, -37.76489803], [144.92033668, -37.76490709], [144.9202687, -37.76490652], [144.91978751, -37.76485333], [144.91968716, -37.76485732], [144.91961029, -37.76486606], [144.91956824, -37.76488793], [144.91954636, -37.76491548], [144.91949488, -37.76503479], [144.91947448, -37.76516744], [144.91945946, -37.76534273], [144.9194655, -37.7655082], [144.91946904, -37.76552746], [144.91950275, -37.76571018], [144.91959918, -37.76611309], [144.91968283, -37.76631237], [144.91971154, -37.76643814], [144.91971728, -37.76675194], [144.91971192, -37.76682989], [144.91967645, -37.76694489], [144.91969363, -37.76704477], [144.91990056, -37.76802187], [144.91998206, -37.76818426], [144.92004318, -37.7682596], [144.9201678, -37.7683539], [144.92015215, -37.76845068], [144.92011477, -37.76850824], [144.92010491, -37.76854023], [144.92009962, -37.76858709], [144.92010466, -37.76869109], [144.92027573, -37.7694693], [144.92048195, -37.77038682], [144.92069691, -37.77139399], [144.92089656, -37.77224281], [144.92393758, -37.7725586], [144.92390593, -37.77268367], [144.92388338, -37.77280781], [144.92353138, -37.77492397], [144.92337356, -37.77590626], [144.92326138, -37.77657169], [144.92307744, -37.77767563], [144.92282492, -37.77912369], [144.922682, -37.77997864], [144.92263995, -37.7802031], [144.92192252, -37.78442966], [144.92183422, -37.7849634], [144.92179401, -37.78518654], [144.9217861, -37.78524191], [144.92159329, -37.78636489], [144.92156784, -37.78651124], [144.92149057, -37.78685358], [144.92146714, -37.78698042], [144.92146343, -37.78700351], [144.92148082, -37.78717702], [144.92148803, -37.78720356], [144.92150201, -37.78723129], [144.92152666, -37.78725966], [144.92155605, -37.7872846], [144.92159849, -37.7873141], [144.92161245, -37.78731822], [144.92169031, -37.78730752], [144.92174082, -37.78730399], [144.92179988, -37.78730377], [144.92201755, -37.78731221], [144.92254576, -37.78736199], [144.92447223, -37.78755114], [144.9247387, -37.78757278], [144.92506713, -37.78761218], [144.92535352, -37.78765642], [144.9275072, -37.78788314], [144.92766804, -37.7878975], [144.92787963, -37.78791267], [144.92803826, -37.78792898], [144.92818058, -37.78794374], [144.9283829, -37.78796938], [144.92861695, -37.78800963], [144.92881955, -37.78804131], [144.92923556, -37.78812441], [144.92948237, -37.78815092], [144.92951067, -37.78831688], [144.92956554, -37.78853998], [144.92958939, -37.78859654], [144.92968086, -37.78903783], [144.92986028, -37.7896847], [144.92996343, -37.79009447], [144.93007945, -37.79057179], [144.93022582, -37.79123114], [144.93057405, -37.79269004], [144.93074288, -37.79332608], [144.93075591, -37.79335587], [144.93077967, -37.79339161], [144.93082192, -37.7934321], [144.93086222, -37.79345714], [144.93089097, -37.79346864], [144.93092664, -37.79347611], [144.93111477, -37.79349807], [144.93107407, -37.79371544], [144.93099506, -37.79418663], [144.9309723, -37.79432258], [144.93092969, -37.79453522], [144.93103022, -37.79454654], [144.93121186, -37.79456091], [144.9313988, -37.79458086], [144.93278351, -37.7947345], [144.93522695, -37.79501653], [144.93590242, -37.79509038], [144.93594489, -37.79509842], [144.93875322, -37.79540967], [144.93881297, -37.79541747], [144.93885822, -37.79542764], [144.93898057, -37.79546718], [144.93902863, -37.79548676], [144.93904855, -37.79549748], [144.93908609, -37.79552382], [144.93929988, -37.79570563], [144.93979985, -37.79616127], [144.94023928, -37.7965525], [144.94078396, -37.79705487], [144.94104585, -37.79730034], [144.94139018, -37.7976114], [144.94271715, -37.79882604], [144.94304276, -37.79910433], [144.94318808, -37.79922501], [144.94384695, -37.79986644], [144.94389276, -37.79991419], [144.94392297, -37.79995113], [144.94395926, -37.80001016], [144.94397872, -37.80005384], [144.94399483, -37.80010774], [144.94400744, -37.80019348], [144.94402186, -37.80036568], [144.94402316, -37.80041329], [144.9440215, -37.80044011], [144.94398542, -37.80063143], [144.94395893, -37.80070189], [144.94394861, -37.80074226], [144.94382594, -37.80140618], [144.94357156, -37.80280577], [144.94327762, -37.8044515], [144.94326186, -37.80454891], [144.94318676, -37.80495907], [144.94312448, -37.80528764], [144.9431215, -37.80529281], [144.94309055, -37.80557308], [144.94308368, -37.8056081], [144.94307439, -37.80563588], [144.94305378, -37.80567454], [144.94304591, -37.80569603], [144.94297085, -37.80610908], [144.9428973, -37.8065655], [144.94284334, -37.8068769], [144.94283475, -37.80691622], [144.94274952, -37.80690563], [144.94277002, -37.80678902]]}}, {"type": "Feature", "properties": {"route_short_name": "Werribee", "route_long_name": "Werribee - City", "route_type": "train", "color": "#4d7cff"}, "geometry": {"type": "LineString", "coordinates": [[144.66111814, -37.8994961], [144.66250038, -37.8989327], [144.66347435, -37.89853114], [144.66602088, -37.89749394], [144.66628731, -37.89738253], [144.6673479, -37.89695896], [144.66931081, -37.8961609], [144.67067383, -37.89561541], [144.67248553, -37.89488621], [144.67810688, -37.89260156], [144.67870439, -37.89234581], [144.67925735, -37.8920926], [144.67998624, -37.89176626], [144.68059198, -37.89150129], [144.6809766, -37.89134351], [144.68161844, -37.89109132], [144.68200294, -37.89094436], [144.68230783, -37.89083069], [144.68308401, -37.89055104], [144.68357156, -37.8903706], [144.68434155, -37.89007405], [144.68481874, -37.88988276], [144.68773631, -37.88869839], [144.69145584, -37.88719374], [144.69684874, -37.88500759], [144.69757714, -37.88470312], [144.69813566, -37.8844575], [144.69862615, -37.88423118], [144.69905694, -37.88403793], [144.69978197, -37.88372076], [144.70021565, -37.88354036], [144.70061599, -37.88338256], [144.70104087, -37.88321099], [144.70146229, -37.88304423], [144.70196011, -37.88285579], [144.70258464, -37.88262919], [144.70291934, -37.88251263], [144.70349344, -37.88230216], [144.70384915, -37.88216817], [144.70415706, -37.88204657], [144.70642415, -37.88112577], [144.70747524, -37.88068947], [144.70929509, -37.87995282], [144.7100636, -37.87963842], [144.71073283, -37.87938011], [144.71138721, -37.87914936], [144.7120337, -37.87894187], [144.71255129, -37.87880001], [144.71523624, -37.8781173], [144.71866902, -37.87726033], [144.7205966, -37.87677287], [144.7218511, -37.87646041], [144.7256633, -37.87549307], [144.72599888, -37.87541206], [144.72710234, -37.87512997], [144.72896052, -37.8746631], [144.72919582, -37.87460069], [144.72963957, -37.87448832], [144.73348386, -37.87352081], [144.73371696, -37.87345978], [144.74045967, -37.8717551], [144.7418236, -37.8714046], [144.74353896, -37.87097063], [144.74654713, -37.87021599], [144.74922489, -37.86953659], [144.75121545, -37.8690364], [144.75288102, -37.86860971], [144.75493828, -37.86808991], [144.75697123, -37.86758349], [144.75781697, -37.8673654], [144.75801007, -37.8673142], [144.75852765, -37.86717051], [144.7589872, -37.86703634], [144.75962411, -37.86684481], [144.76004781, -37.8667232], [144.76045349, -37.86661107], [144.76089862, -37.866495], [144.76127713, -37.86640172], [144.76168999, -37.8663036], [144.76227221, -37.86617608], [144.76315445, -37.86599442], [144.76355071, -37.8659076], [144.76401762, -37.86580041], [144.76573823, -37.86536792], [144.76684065, -37.86508417], [144.77051596, -37.86415872], [144.77204903, -37.86377665], [144.77225127, -37.86372669], [144.77309735, -37.8635057], [144.77495089, -37.86303801], [144.77610503, -37.86274046], [144.77732112, -37.86243857], [144.77752254, -37.8623929], [144.77794937, -37.86231283], [144.77815845, -37.86226586], [144.77932487, -37.86196707], [144.77998412, -37.86180451], [144.78111919, -37.86157657], [144.78164228, -37.86147387], [144.78191801, -37.86142518], [144.78226053, -37.86137433], [144.78255928, -37.86134256], [144.78280676, -37.86132244], [144.7829444, -37.86131494], [144.78321887, -37.86130452], [144.78348601, -37.8613036], [144.78360915, -37.86130601], [144.78376424, -37.86131164], [144.78400561, -37.86132483], [144.78427228, -37.86134734], [144.78445379, -37.86136661], [144.78466839, -37.86139291], [144.78524946, -37.86146819], [144.78562016, -37.86152383], [144.78590123, -37.8615739], [144.78603954, -37.86160128], [144.78645558, -37.8616685], [144.78659491, -37.86168842], [144.78704504, -37.86174473], [144.78876155, -37.86197822], [144.79042016, -37.8621987], [144.7947678, -37.8627839], [144.79846365, -37.86327672], [144.80543481, -37.86421318], [144.80730172, -37.864462], [144.80841785, -37.86461498], [144.80990511, -37.86481037], [144.81038878, -37.86487137], [144.81077285, -37.86491447], [144.81343204, -37.86518766], [144.8136601, -37.8652092], [144.81388037, -37.86523303], [144.81423275, -37.86525994], [144.81535205, -37.8653183], [144.81558789, -37.86533448], [144.81597196, -37.86537], [144.81666671, -37.86544318], [144.81686042, -37.86546966], [144.81707645, -37.86550638], [144.81723839, -37.86553858], [144.81739806, -37.86557822], [144.81757481, -37.86562871], [144.81801836, -37.86578265], [144.81825675, -37.86586268], [144.8184046, -37.86590651], [144.81868138, -37.86597626], [144.81885873, -37.86601], [144.8189734, -37.86602646], [144.81938089, -37.86607726], [144.82352875, -37.86650306], [144.8285623, -37.86702526], [144.82947929, -37.86712229], [144.83010676, -37.86718477], [144.83123454, -37.8673], [144.83268614, -37.867452], [144.83683126, -37.86787602], [144.83811869, -37.86800592], [144.83848309, -37.86803469], [144.83882111, -37.86804811], [144.83910842, -37.86804636], [144.8394553, -37.86803272], [144.83980863, -37.86800812], [144.84004239, -37.86798357], [144.84039121, -37.86793464], [144.84060889, -37.86789574], [144.84089036, -37.86783702], [144.84096262, -37.86781897], [144.84113702, -37.86777531], [144.84133906, -37.86771918], [144.84150936, -37.86766832], [144.84172563, -37.86759587], [144.84190865, -37.86752957], [144.84209639, -37.86745731], [144.84224869, -37.86739189], [144.84239068, -37.86732537], [144.84255787, -37.86724409], [144.84271995, -37.86715929], [144.84299197, -37.8670072], [144.84314455, -37.86691268], [144.84327339, -37.86682916], [144.84401994, -37.86632008], [144.84439631, -37.86603932], [144.84492776, -37.86562461], [144.84560776, -37.86512476], [144.84689521, -37.86418679], [144.84718219, -37.86398883], [144.84745845, -37.86378022], [144.84821077, -37.86322328], [144.84860784, -37.86287071], [144.84879246, -37.86267844], [144.84899844, -37.86241601], [144.84918445, -37.86212112], [144.84932526, -37.86183632], [144.84944472, -37.86150814], [144.84953588, -37.86118719], [144.84959755, -37.86085273], [144.84967404, -37.86019196], [144.8498269, -37.85879643], [144.84987374, -37.85847143], [144.84993824, -37.85820767], [144.85000453, -37.85802676], [144.85009784, -37.85781588], [144.85029756, -37.85750989], [144.85049615, -37.85726642], [144.85154749, -37.85606879], [144.85167622, -37.85589037], [144.85178893, -37.85570769], [144.85201268, -37.85525876], [144.85212411, -37.85492818], [144.85225379, -37.85452881], [144.85236377, -37.85425984], [144.8523889, -37.85418487], [144.85243125, -37.854073], [144.85248964, -37.85394078], [144.85263135, -37.85356128], [144.85304952, -37.85225566], [144.85334519, -37.85131321], [144.85340887, -37.85106493], [144.85344735, -37.85089036], [144.85355511, -37.85029802], [144.85360726, -37.85003592], [144.85368266, -37.84979912], [144.85375238, -37.84964043], [144.85378534, -37.84957354], [144.85383075, -37.84948903], [144.85389408, -37.84938231], [144.8539545, -37.84928961], [144.85407648, -37.84912782], [144.8542519, -37.84892943], [144.8543382, -37.84884557], [144.85442622, -37.84876526], [144.85456357, -37.84865314], [144.85470307, -37.84854934], [144.85481452, -37.84847613], [144.85492674, -37.84840752], [144.85507361, -37.84832378], [144.85520777, -37.84825503], [144.85530255, -37.84821197], [144.85538905, -37.84817606], [144.85550356, -37.84813471], [144.85564419, -37.84808969], [144.85574808, -37.84806158], [144.85598824, -37.84800548], [144.85609739, -37.84798422], [144.85621235, -37.8479664], [144.85638136, -37.84794217], [144.85650467, -37.84793009], [144.85664802, -37.84792071], [144.85677712, -37.84791694], [144.85695718, -37.84791526], [144.85709655, -37.84791753], [144.85730303, -37.84792994], [144.85810198, -37.84799566], [144.85841184, -37.84801689], [144.85881339, -37.84803916], [144.85905717, -37.84805828], [144.86136789, -37.84832639], [144.86193171, -37.84840818], [144.86236327, -37.84847739], [144.86346612, -37.84866881], [144.86421175, -37.84878697], [144.86574527, -37.84900448], [144.86611348, -37.84905206], [144.86842347, -37.8493238], [144.86860817, -37.84934283], [144.86879147, -37.84935894], [144.8699037, -37.84944297], [144.87093145, -37.84951653], [144.87146432, -37.84954501], [144.87165611, -37.84955073], [144.87183109, -37.84955191], [144.87214052, -37.84954507], [144.87232637, -37.84953977], [144.87258974, -37.84952642], [144.8729175, -37.84949864], [144.87306139, -37.84948223], [144.87320054, -37.84946483], [144.87337253, -37.84943991], [144.8735524, -37.84940936], [144.8738753, -37.84934518], [144.87426343, -37.84924918], [144.87457403, -37.84916206], [144.87473792, -37.84911023], [144.87500286, -37.8490222], [144.87558822, -37.84879738], [144.87573179, -37.848745], [144.87592029, -37.84868289], [144.87606374, -37.84862636], [144.87633574, -37.84850997], [144.87644643, -37.84846646], [144.87665864, -37.84839784], [144.87786693, -37.8479932], [144.88034338, -37.84715549], [144.88100051, -37.8469278], [144.8813626, -37.84677634], [144.88168449, -37.84661956], [144.88202653, -37.84640989], [144.88230677, -37.84620343], [144.88265551, -37.84589844], [144.8828727, -37.84566751], [144.88309267, -37.84538273], [144.88325525, -37.84510999], [144.88333323, -37.84496216], [144.88338908, -37.84483727], [144.88346954, -37.84459054], [144.88350974, -37.84433741], [144.88354334, -37.84404829], [144.88356791, -37.84371386], [144.88358277, -37.84360734], [144.88358892, -37.84353536], [144.88359392, -37.84339631], [144.88359067, -37.8433666], [144.88356575, -37.84284339], [144.88355321, -37.84257029], [144.88354875, -37.84238466], [144.88354534, -37.84216201], [144.88354487, -37.8417372], [144.88355351, -37.84141519], [144.88355401, -37.84120676], [144.88357677, -37.84075244], [144.88366669, -37.8398967], [144.88372572, -37.83947727], [144.88377804, -37.83912992], [144.88385168, -37.83876771], [144.88388526, -37.83857493], [144.88398176, -37.83813644], [144.88416017, -37.83742052], [144.88463316, -37.83557651], [144.88483569, -37.83480334], [144.88509595, -37.83377484], [144.88535612, -37.8327612], [144.8855602, -37.83198851], [144.88559881, -37.8318142], [144.8859185, -37.83057778], [144.88612755, -37.82976976], [144.88634315, -37.82890338], [144.88658449, -37.82796699], [144.88693988, -37.82659306], [144.88741063, -37.8247944], [144.88785503, -37.82302267], [144.88836806, -37.82103868], [144.88855062, -37.82034093], [144.88866825, -37.81987282], [144.88926806, -37.81753261], [144.88934049, -37.81727068], [144.88938871, -37.81711348], [144.889465, -37.81687982], [144.88959125, -37.81653117], [144.88975878, -37.81613721], [144.88985161, -37.81593711], [144.88994076, -37.81575424], [144.89005626, -37.81553192], [144.89016826, -37.81532864], [144.8903143, -37.81507469], [144.8904635, -37.81482972], [144.89054362, -37.8147086], [144.89073615, -37.81442981], [144.89085875, -37.81425691], [144.89099735, -37.81407276], [144.89117179, -37.81384671], [144.89126432, -37.81375258], [144.89144164, -37.81352496], [144.89188875, -37.81302922], [144.89231617, -37.81256691], [144.8926904, -37.81216926], [144.89289719, -37.81195542], [144.89318066, -37.81163778], [144.8934268, -37.81137814], [144.89361691, -37.8111677], [144.89387045, -37.81090351], [144.89437746, -37.81035349], [144.89462039, -37.81009884], [144.89486544, -37.80983729], [144.8949807, -37.8097185], [144.89568096, -37.80896647], [144.89675281, -37.80781149], [144.89798285, -37.80649224], [144.8983037, -37.80615237], [144.89866995, -37.80575762], [144.89991336, -37.80445698], [144.90025042, -37.80407359], [144.90161952, -37.80259989], [144.90180842, -37.80238626], [144.90200287, -37.8021775], [144.90226172, -37.80191996], [144.90246289, -37.80174241], [144.9028106, -37.8014231], [144.90309928, -37.80120313], [144.90322285, -37.80111467], [144.90396138, -37.80060604], [144.90462479, -37.80018691], [144.90485974, -37.80004321], [144.90509851, -37.79991327], [144.90539629, -37.79976456], [144.90657563, -37.79925312], [144.90688975, -37.7991292], [144.90711707, -37.79905043], [144.90734508, -37.79897932], [144.90784785, -37.79883866], [144.90808233, -37.79877983], [144.90826075, -37.79873957], [144.90851307, -37.79868809], [144.90898371, -37.79860353], [144.91101583, -37.79826012], [144.912558, -37.79801756], [144.91289105, -37.79797498], [144.91321876, -37.79794447], [144.91334275, -37.7979373], [144.91360925, -37.79792679], [144.91377438, -37.79792674], [144.91399368, -37.79793081], [144.91419076, -37.7979416], [144.91443202, -37.79796038], [144.9148285, -37.79800867], [144.91985901, -37.79875847], [144.92136105, -37.79897072], [144.92538164, -37.79956457], [144.92670225, -37.79975941], [144.92732607, -37.79986213], [144.92829721, -37.80000494], [144.92855544, -37.80005463], [144.9288, -37.80011453], [144.93026007, -37.80032656], [144.93062031, -37.80039228], [144.93088935, -37.8004454], [144.93121967, -37.80051717], [144.93153475, -37.8005975], [144.93184978, -37.80068793], [144.93202808, -37.80074116], [144.93279365, -37.80097846], [144.93294531, -37.80102978], [144.93311563, -37.80108828], [144.93372632, -37.80130834], [144.93391019, -37.80137808], [144.93401591, -37.80141931], [144.93423765, -37.8015117], [144.93450589, -37.80163067], [144.93473305, -37.80174018], [144.93546897, -37.8021132], [144.93568717, -37.80221426], [144.93624375, -37.80249374], [144.93660761, -37.8026707], [144.93770805, -37.8032178], [144.93781203, -37.80327297], [144.93799465, -37.80337539], [144.9381989, -37.80350089], [144.9382779, -37.80355139], [144.93839245, -37.80363108], [144.93857722, -37.80377048], [144.93867634, -37.80384953], [144.93889488, -37.80403693], [144.9398842, -37.80491387], [144.94014491, -37.80514904], [144.94022423, -37.80522532], [144.94030056, -37.80530289], [144.94037524, -37.80538278], [144.94051502, -37.80554338], [144.94064061, -37.80570391], [144.94094366, -37.80601831], [144.94203994, -37.80740952], [144.94238334, -37.80784601], [144.94245887, -37.80794871], [144.94260026, -37.80814998], [144.94274763, -37.80834468], [144.94282403, -37.80843623], [144.94289753, -37.80851771], [144.94309658, -37.80872873], [144.94328275, -37.80894962], [144.94438044, -37.81034668], [144.94453608, -37.81052999], [144.94460304, -37.81060154], [144.94474941, -37.81075072], [144.94518045, -37.81116972], [144.94531514, -37.81129769], [144.94548524, -37.81144322], [144.94613565, -37.81193967], [144.94628186, -37.81205766], [144.9463828, -37.81214549], [144.94659968, -37.81234077], [144.94693735, -37.81265396], [144.94705218, -37.812765], [144.9472095, -37.812925], [144.9474467, -37.81317443], [144.94761212, -37.81334989], [144.94776206, -37.81351426], [144.94786829, -37.8136366], [144.94802285, -37.81382269], [144.94827066, -37.81412809], [144.94834642, -37.81423502], [144.94896445, -37.81502828], [144.94913075, -37.81523376], [144.94950493, -37.81572646], [144.94976511, -37.81604541], [144.95002126, -37.81638646], [144.9502694, -37.81670538], [144.95079908, -37.81737597], [144.95101895, -37.81763681], [144.95131062, -37.81799199], [144.95136035, -37.818059], [144.95170048, -37.81849], [144.9522561, -37.81919312], [144.95231635, -37.8192778], [144.95236508, -37.81935209], [144.95244248, -37.81947798], [144.95253644, -37.81964228], [144.95264596, -37.81979396], [144.95271239, -37.81987306], [144.95278369, -37.81994874], [144.95288234, -37.8200458], [144.9529821, -37.82012738], [144.95337415, -37.82041112], [144.95363198, -37.82054862], [144.95394468, -37.82077664], [144.95415443, -37.82091537], [144.95422763, -37.82095909], [144.95429126, -37.82099579], [144.95441085, -37.82105879], [144.95455065, -37.82112223], [144.95464445, -37.82116071], [144.95476986, -37.82120633], [144.95491366, -37.82125271], [144.95508621, -37.82129852], [144.95523486, -37.82132949], [144.95539771, -37.82135638], [144.95560568, -37.82137846], [144.95569559, -37.8213848], [144.95586553, -37.82138946], [144.95597995, -37.82138892], [144.95611248, -37.82138212], [144.95628547, -37.8213671], [144.95642447, -37.82134816], [144.95659975, -37.82131587], [144.95673535, -37.82128452], [144.95684465, -37.82125533], [144.95700911, -37.8212033], [144.95713711, -37.82115488], [144.95721445, -37.82112296], [144.95729944, -37.82108533], [144.95742604, -37.82102183], [144.95756734, -37.82094462], [144.95763386, -37.82090513], [144.95811704, -37.82059936], [144.95826108, -37.82051318], [144.95847099, -37.82039877], [144.9586361, -37.82031908], [144.95881908, -37.82023781], [144.95903887, -37.8201525], [144.95928805, -37.82006841], [144.96020059, -37.81980144], [144.96042305, -37.8197386], [144.96056715, -37.8197037], [144.96075515, -37.8196628], [144.96094274, -37.81962892], [144.96110071, -37.81960597], [144.96125831, -37.81958824], [144.96141056, -37.81957484], [144.96165206, -37.8195591], [144.96178355, -37.81955327], [144.96191745, -37.81954216], [144.96207065, -37.81952751], [144.96231167, -37.81949176], [144.96241885, -37.81946946], [144.9636657, -37.81918598], [144.96396723, -37.81914794], [144.96427374, -37.81907727], [144.96452797, -37.81902796], [144.9648754, -37.81896457], [144.96525231, -37.81889097], [144.96582767, -37.8187597], [144.96671057, -37.81856579]]}}, {"type": "Feature", "properties": {"route_short_name": "Williamstown", "route_long_name": "Williamstown - City", "route_type": "train", "color": "#4d7cff"}, "geometry": {"type": "LineString", "coordinates": [[144.9051729, -37.86770536], [144.90401678, -37.86731755], [144.90384008, -37.86727106], [144.90344975, -37.86718192], [144.90326835, -37.86713291], [144.90319012, -37.86710944], [144.90089055, -37.86633788], [144.89958147, -37.86590594], [144.89896761, -37.8656988], [144.89765568, -37.86526426], [144.89686849, -37.86500066], [144.89639368, -37.86484502], [144.89588276, -37.86466403], [144.89534773, -37.86444378], [144.89502768, -37.86429432], [144.89467381, -37.86411506], [144.89436653, -37.86395213], [144.89432241, -37.86392872], [144.89394047, -37.86370579], [144.89329543, -37.86328521], [144.89280626, -37.86293194], [144.89236098, -37.86254647], [144.89203517, -37.86224469], [144.89170655, -37.86191006], [144.89143571, -37.86160197], [144.89122243, -37.86133627], [144.89101591, -37.86107259], [144.8908215, -37.860791], [144.89060552, -37.86044478], [144.89047138, -37.86022241], [144.89015627, -37.85961361], [144.88995721, -37.85920849], [144.88944246, -37.8581358], [144.88894299, -37.85711331], [144.88864872, -37.85649227], [144.88808621, -37.85538186], [144.88781413, -37.85482799], [144.88771678, -37.85465493], [144.88738295, -37.85398677], [144.88647628, -37.85214213], [144.88616918, -37.85150986], [144.88555364, -37.85027728], [144.88529738, -37.84972765], [144.88510575, -37.849283], [144.88492729, -37.8488467], [144.88471675, -37.84830024], [144.88456645, -37.84789679], [144.88432918, -37.84720837], [144.88422457, -37.8468526], [144.88412673, -37.84649038], [144.88401131, -37.84604773], [144.88390543, -37.84557749], [144.88384096, -37.84524479], [144.88371125, -37.84459867], [144.8836734, -37.84435648], [144.88364251, -37.84404187], [144.88360824, -37.84378569], [144.88359392, -37.84339631], [144.88359067, -37.8433666], [144.88356575, -37.84284339], [144.88355321, -37.84257029], [144.88354875, -37.84238466], [144.88354534, -37.84216201], [144.88354487, -37.8417372], [144.88355351, -37.84141519], [144.88355401, -37.84120676], [144.88357677, -37.84075244], [144.88366669, -37.8398967], [144.88372572, -37.83947727], [144.88377804, -37.83912992], [144.88385168, -37.83876771], [144.88388526, -37.83857493], [144.88398176, -37.83813644], [144.88416017, -37.83742052], [144.88463316, -37.83557651], [144.88483569, -37.83480334], [144.88509595, -37.83377484], [144.88535612, -37.8327612], [144.8855602, -37.83198851], [144.88559881, -37.8318142], [144.8859185, -37.83057778], [144.88612755, -37.82976976], [144.88634315, -37.82890338], [144.88658449, -37.82796699], [144.88693988, -37.82659306], [144.88741063, -37.8247944], [144.88785503, -37.82302267], [144.88836806, -37.82103868], [144.88855062, -37.82034093], [144.88866825, -37.81987282], [144.88926806, -37.81753261], [144.88934049, -37.81727068], [144.88938871, -37.81711348], [144.889465, -37.81687982], [144.88959125, -37.81653117], [144.88975878, -37.81613721], [144.88985161, -37.81593711], [144.88994076, -37.81575424], [144.89005626, -37.81553192], [144.89016826, -37.81532864], [144.8903143, -37.81507469], [144.8904635, -37.81482972], [144.89054362, -37.8147086], [144.89073615, -37.81442981], [144.89085875, -37.81425691], [144.89099735, -37.81407276], [144.89117179, -37.81384671], [144.89126432, -37.81375258], [144.89144164, -37.81352496], [144.89188875, -37.81302922], [144.89231617, -37.81256691], [144.8926904, -37.81216926], [144.89289719, -37.81195542], [144.89318066, -37.81163778], [144.8934268, -37.81137814], [144.89361691, -37.8111677], [144.89387045, -37.81090351], [144.89437746, -37.81035349], [144.89462039, -37.81009884], [144.89486544, -37.80983729], [144.8949807, -37.8097185], [144.89568096, -37.80896647], [144.89675281, -37.80781149], [144.89798285, -37.80649224], [144.8983037, -37.80615237], [144.89866995, -37.80575762], [144.89991336, -37.80445698], [144.90025042, -37.80407359], [144.90161952, -37.80259989], [144.90180842, -37.80238626], [144.90200287, -37.8021775], [144.90226172, -37.80191996], [144.90246289, -37.80174241], [144.9028106, -37.8014231], [144.90309928, -37.80120313], [144.90322285, -37.80111467], [144.90396138, -37.80060604], [144.90462479, -37.80018691], [144.90485974, -37.80004321], [144.90509851, -37.79991327], [144.90539629, -37.79976456], [144.90657563, -37.79925312], [144.90688975, -37.7991292], [144.90711707, -37.79905043], [144.90734508, -37.79897932], [144.90784785, -37.79883866], [144.90808233, -37.79877983], [144.90826075, -37.79873957], [144.90851307, -37.79868809], [144.90898371, -37.79860353], [144.91101583, -37.79826012], [144.912558, -37.79801756], [144.91289105, -37.79797498], [144.91321876, -37.79794447], [144.91334275, -37.7979373], [144.91360925, -37.79792679], [144.91377438, -37.79792674], [144.91399368, -37.79793081], [144.91419076, -37.7979416], [144.91443202, -37.79796038], [144.9148285, -37.79800867], [144.91985901, -37.79875847], [144.92136105, -37.79897072], [144.92538164, -37.79956457], [144.92670225, -37.79975941], [144.92732607, -37.79986213], [144.92829721, -37.80000494], [144.92855544, -37.80005463], [144.9288, -37.80011453], [144.93026007, -37.80032656], [144.93062031, -37.80039228], [144.93088935, -37.8004454], [144.93121967, -37.80051717], [144.93153475, -37.8005975], [144.93184978, -37.80068793], [144.93202808, -37.80074116], [144.93279365, -37.80097846], [144.93294531, -37.80102978], [144.93311563, -37.80108828], [144.93372632, -37.80130834], [144.93391019, -37.80137808], [144.93401591, -37.80141931], [144.93423765, -37.8015117], [144.93450589, -37.80163067], [144.93473305, -37.80174018], [144.93546897, -37.8021132], [144.93568717, -37.80221426], [144.93624375, -37.80249374], [144.93660761, -37.8026707], [144.93770805, -37.8032178], [144.93781203, -37.80327297], [144.93799465, -37.80337539], [144.9381989, -37.80350089], [144.9382779, -37.80355139], [144.93839245, -37.80363108], [144.93857722, -37.80377048], [144.93867634, -37.80384953], [144.93889488, -37.80403693], [144.9398842, -37.80491387], [144.94014491, -37.80514904], [144.94022423, -37.80522532], [144.94030056, -37.80530289], [144.94037524, -37.80538278], [144.94051502, -37.80554338], [144.94064061, -37.80570391], [144.94094366, -37.80601831], [144.94203994, -37.80740952], [144.94238334, -37.80784601], [144.94245887, -37.80794871], [144.94260026, -37.80814998], [144.94274763, -37.80834468], [144.94282403, -37.80843623], [144.94289753, -37.80851771], [144.94309658, -37.80872873], [144.94328275, -37.80894962], [144.94438044, -37.81034668], [144.94453608, -37.81052999], [144.94460304, -37.81060154], [144.94474941, -37.81075072], [144.94518045, -37.81116972], [144.94531514, -37.81129769], [144.94548524, -37.81144322], [144.94613565, -37.81193967], [144.94628186, -37.81205766], [144.9463828, -37.81214549], [144.94659968, -37.81234077], [144.94693735, -37.81265396], [144.94705218, -37.812765], [144.9472095, -37.812925], [144.9474467, -37.81317443], [144.94761212, -37.81334989], [144.94776206, -37.81351426], [144.94786829, -37.8136366], [144.94802285, -37.81382269], [144.94827066, -37.81412809], [144.94834642, -37.81423502], [144.94896445, -37.81502828], [144.94913075, -37.81523376], [144.94950493, -37.81572646], [144.94976511, -37.81604541], [144.95002126, -37.81638646], [144.9502694, -37.81670538], [144.95079908, -37.81737597], [144.95101895, -37.81763681], [144.95131062, -37.81799199], [144.95136035, -37.818059], [144.95170048, -37.81849], [144.9522561, -37.81919312], [144.95231635, -37.8192778], [144.95236508, -37.81935209], [144.95244248, -37.81947798], [144.95253644, -37.81964228], [144.95264596, -37.81979396], [144.95271239, -37.81987306], [144.95278369, -37.81994874], [144.95288234, -37.8200458], [144.9529821, -37.82012738], [144.95351485, -37.82051189], [144.95373081, -37.82068452], [144.95387703, -37.820787], [144.95399682, -37.82088398], [144.95410995, -37.82095858], [144.95421953, -37.82102627], [144.95436716, -37.82110669], [144.95452622, -37.8211802], [144.9546251, -37.82121959], [144.95479093, -37.82127861], [144.95487935, -37.82130601], [144.9550591, -37.82135446], [144.95515279, -37.82137636], [144.95537955, -37.82141752], [144.95553336, -37.82143839], [144.95562207, -37.82144723], [144.95576157, -37.82145587], [144.95594695, -37.82146062], [144.95609498, -37.82145653], [144.95630714, -37.82144201], [144.95642612, -37.82142857], [144.95651785, -37.8214143], [144.95671199, -37.82137766], [144.95678619, -37.82136047], [144.95690105, -37.82133156], [144.95699197, -37.82130574], [144.95709285, -37.82127252], [144.9573841, -37.82116682], [144.96043766, -37.81996721], [144.96062516, -37.81989909], [144.96081951, -37.81983396], [144.96091278, -37.81980503], [144.96110988, -37.8197514], [144.96124153, -37.81971889], [144.96147893, -37.81967074], [144.9615795, -37.81965283], [144.9618477, -37.81961224], [144.96209146, -37.81958023], [144.9627887, -37.81947893], [144.96292095, -37.81944967], [144.9638014, -37.81922519], [144.96388942, -37.81920544], [144.96400208, -37.81918603], [144.96414217, -37.81916863], [144.96442451, -37.81914269], [144.96471891, -37.81911137], [144.9648995, -37.81908413], [144.96570463, -37.81893808], [144.9660265, -37.81888696], [144.96673676, -37.81874548]]}}, {"type": "Feature", "properties": {"route_short_name": "Replacement Bus", "route_long_name": "Cranbourne - City", "route_type": "train", "color": "#4d7cff"}, "geometry": {"type": "LineString", "coordinates": [[145.13852716, -37.93782149], [145.13922635, -37.93835091], [145.13929761, -37.93839043], [145.13941225, -37.93843784], [145.13947825, -37.93845556], [145.13956352, -37.93847196], [145.13972135, -37.93850798], [145.13973635, -37.93847253], [145.1397651, -37.93844261], [145.13980432, -37.93842151], [145.13984998, -37.93841142], [145.13989738, -37.93841343], [145.13994152, -37.93842711], [145.13997756, -37.93845111], [145.14000213, -37.93848286], [145.1400126, -37.93851907], [145.14000802, -37.93855622], [145.13998873, -37.93859007], [145.13995675, -37.9386175], [145.13991545, -37.93863541], [145.13986587, -37.93864301], [145.13982829, -37.93873001], [145.13980205, -37.93885918], [145.13980605, -37.93894423], [145.13982841, -37.93899171], [145.13986534, -37.9390388], [145.13990556, -37.93908197], [145.1399531, -37.93912354], [145.14037804, -37.9394373], [145.14047095, -37.93947148], [145.14053616, -37.93947539], [145.14065484, -37.93942139], [145.14068818, -37.93932649], [145.14070574, -37.93917149], [145.14116662, -37.93693483], [145.14111088, -37.93690727], [145.14105784, -37.936894], [145.14099643, -37.93688366], [145.14093579, -37.93688351], [145.14088945, -37.93689359], [145.14084973, -37.93691207], [145.14080415, -37.9369419], [145.14071981, -37.93701942], [145.14043899, -37.93845939], [145.14031014, -37.93928699], [145.1402625, -37.9397462], [145.14025637, -37.93990804], [145.14025504, -37.94018631], [145.14026724, -37.94050597], [145.14032389, -37.94093997], [145.14035527, -37.94124804], [145.14037506, -37.94151934], [145.14038092, -37.94169318], [145.1403813, -37.94181367], [145.14037694, -37.94195058], [145.14036577, -37.94210478], [145.14035114, -37.94225604], [145.14033076, -37.94241468], [145.14024265, -37.94285829], [145.14017812, -37.94309302], [145.14016016, -37.94316916], [145.139726, -37.94530476], [145.13967687, -37.94551531], [145.13960213, -37.94586613], [145.14067737, -37.94598596], [145.14238462, -37.94619777], [145.14282074, -37.94625521], [145.14391907, -37.94638484], [145.14440282, -37.94645339], [145.14440854, -37.94643888], [145.14441932, -37.94642643], [145.14443435, -37.94641694], [145.14445224, -37.94641136], [145.14447139, -37.94641022], [145.14449133, -37.94641387], [145.14450875, -37.94642244], [145.14452187, -37.94643472], [145.14452958, -37.94644962], [145.14453099, -37.94646568], [145.1446408, -37.94647958], [145.14560497, -37.94658644], [145.14561106, -37.94657058], [145.1456229, -37.94655689], [145.14563921, -37.94654651], [145.1456586, -37.94654033], [145.14568857, -37.94653873], [145.145721, -37.94655222], [145.14573645, -37.94656706], [145.14574475, -37.94658522], [145.14574473, -37.94660441], [145.14681974, -37.94673842], [145.14682781, -37.94672061], [145.14684343, -37.94670617], [145.14686437, -37.94669712], [145.14688822, -37.94669453], [145.14691156, -37.94669859], [145.14692988, -37.94670771], [145.14694354, -37.94672099], [145.14695099, -37.94673697], [145.1469517, -37.94675401], [145.14722198, -37.94678594], [145.14811202, -37.94690846], [145.14860983, -37.94696559], [145.14937165, -37.94703724], [145.14973486, -37.94708449], [145.14981155, -37.94712112], [145.14986044, -37.94715469], [145.15048345, -37.94763364], [145.15057916, -37.94771499], [145.15059912, -37.94770413], [145.15062224, -37.94769891], [145.15064646, -37.94769974], [145.15066905, -37.94770658], [145.15068764, -37.94771877], [145.15070032, -37.9477351], [145.15070577, -37.94775357], [145.15070336, -37.94777264], [145.15069348, -37.94778997], [145.15131723, -37.94827578], [145.15169844, -37.94856789], [145.15212315, -37.94888178], [145.15228852, -37.94899468], [145.15247828, -37.94913852], [145.15263521, -37.9492612], [145.15270919, -37.94931544], [145.15282829, -37.94940869], [145.1530424, -37.94956147], [145.15351066, -37.94991353], [145.15400654, -37.95028539], [145.15431165, -37.95050853], [145.15540318, -37.9513323], [145.15588272, -37.95168921], [145.15594845, -37.95174585], [145.15596251, -37.95176166], [145.15598534, -37.95180924], [145.15599465, -37.95185102], [145.15600876, -37.95186476], [145.15603828, -37.95187639], [145.15610195, -37.95188379], [145.15614547, -37.95190024], [145.15618983, -37.95192824], [145.15713931, -37.95263568], [145.15804453, -37.95332521], [145.1581331, -37.95340599], [145.15822156, -37.95347352], [145.15824652, -37.95346292], [145.15827437, -37.95345966], [145.15830215, -37.95346406], [145.15832621, -37.95347579], [145.15834376, -37.95349319], [145.15835267, -37.95351442], [145.158352, -37.95353658], [145.1583417, -37.95355741], [145.15878183, -37.95390747], [145.16260606, -37.9567851], [145.16365344, -37.95757458], [145.16367732, -37.95756621], [145.16370342, -37.95756482], [145.16372855, -37.95757053], [145.16374964, -37.95758257], [145.16376435, -37.95759974], [145.16377057, -37.95761967], [145.1637679, -37.95764017], [145.16375815, -37.95765678], [145.1648407, -37.95848384], [145.16578347, -37.95919309], [145.16678477, -37.95993407], [145.16682992, -37.95997208], [145.16685865, -37.95996577], [145.16688843, -37.95996758], [145.1669155, -37.95997729], [145.16693695, -37.95999366], [145.16694997, -37.96001477], [145.16695326, -37.96003816], [145.16694597, -37.96006112], [145.16715697, -37.9602086], [145.16768263, -37.96060592], [145.1691112, -37.96167507], [145.17034795, -37.9626047], [145.17038954, -37.96263013], [145.17055996, -37.96275317], [145.17148371, -37.96345352], [145.17249761, -37.96420059], [145.1727872, -37.96444381], [145.17312443, -37.96468913], [145.1732439, -37.96476001], [145.17326829, -37.96477716], [145.17330449, -37.96480899], [145.17334322, -37.96485402], [145.1733678, -37.96487711], [145.17340245, -37.96490306], [145.17353518, -37.96498082], [145.17359675, -37.96500413], [145.17363374, -37.96501353], [145.173754, -37.96502991], [145.17401107, -37.96508806], [145.17499623, -37.96520943], [145.17497081, -37.96529347], [145.17496129, -37.96533307], [145.1749574, -37.96536148], [145.17495979, -37.9653845], [145.17496636, -37.96540434], [145.17498387, -37.96543246], [145.17499739, -37.96544727], [145.17501422, -37.96546177], [145.17505252, -37.9654875], [145.17524224, -37.96559922], [145.17538338, -37.96569171], [145.1756753, -37.96590531], [145.17582518, -37.96600821], [145.17606301, -37.96616303], [145.17624534, -37.96629788], [145.17658511, -37.96655151], [145.17667005, -37.96662889], [145.17623587, -37.96717737], [145.17617266, -37.9672475], [145.17655258, -37.96754447], [145.17676709, -37.96769451], [145.17716472, -37.96801176], [145.1771929, -37.96803229], [145.1772902, -37.96809319], [145.17739027, -37.96813448], [145.17765077, -37.9682153], [145.17781275, -37.96826179], [145.17792642, -37.96831429], [145.17842412, -37.968664], [145.17991924, -37.96978443], [145.1807733, -37.9704328], [145.18108272, -37.97067216], [145.18169648, -37.97113612], [145.18191764, -37.97131257], [145.18283736, -37.97201907], [145.18358372, -37.97262322], [145.1838946, -37.97285052], [145.18455838, -37.97336057], [145.18529627, -37.97405091], [145.18547101, -37.97411624], [145.18551528, -37.97413053], [145.18555485, -37.97413709], [145.18559208, -37.97413703], [145.18563331, -37.97413154], [145.18572309, -37.9741103], [145.18575887, -37.97409508], [145.18585113, -37.97360789], [145.18591761, -37.97361702], [145.18596281, -37.97362619], [145.18600614, -37.97364191], [145.1860311, -37.97365473], [145.18605747, -37.97367046], [145.18614, -37.97373049], [145.18616698, -37.97375397], [145.1862248, -37.97380984], [145.18630543, -37.9739012], [145.18635321, -37.97393961], [145.1869894, -37.97443813], [145.18768111, -37.97496634], [145.18893062, -37.97587209], [145.19185816, -37.97791551], [145.21027955, -37.99084041], [145.21029083, -37.99086834], [145.210297, -37.99089546], [145.2102994, -37.99099328], [145.21029633, -37.99100738], [145.21028972, -37.9910217], [145.21027166, -37.9910527], [145.21021558, -37.99138276], [145.21063406, -37.99143914], [145.21076338, -37.991464], [145.21085039, -37.99148704], [145.21094315, -37.99148881], [145.21099579, -37.99148736], [145.21104438, -37.99148432], [145.21114205, -37.99147138], [145.21118121, -37.9914627], [145.21124969, -37.9914422], [145.21133061, -37.99141117], [145.21139514, -37.99137944], [145.21148126, -37.99132181], [145.2116553, -37.99117964], [145.2117427, -37.99110184], [145.21195385, -37.99092257], [145.21243815, -37.9905234], [145.2124875, -37.99044197], [145.21251784, -37.99040242], [145.21265835, -37.99027568], [145.2127644, -37.99017114], [145.21280291, -37.99012333], [145.2128206, -37.99008872], [145.21296339, -37.99015469], [145.21299193, -37.99016549], [145.21304301, -37.99017249], [145.21313754, -37.99017609], [145.21360074, -37.99017736], [145.21474261, -37.99011233], [145.21503485, -37.99070209], [145.2155947, -37.99176164], [145.21566206, -37.99189991], [145.21589545, -37.99232493], [145.21604597, -37.99257018], [145.21609504, -37.99263644], [145.21611505, -37.99267072], [145.21617531, -37.99275463], [145.21642468, -37.99312186], [145.21702057, -37.99403019], [145.21708056, -37.99412987], [145.21746776, -37.9946559], [145.21768244, -37.99493258], [145.21792368, -37.99521263], [145.21880573, -37.99617972], [145.21922714, -37.99659632], [145.21957232, -37.996954], [145.21987633, -37.99724797], [145.21999902, -37.9973596], [145.22014202, -37.99748351], [145.22029945, -37.99760873], [145.22046335, -37.99772557], [145.2206119, -37.99782704], [145.22091684, -37.99801243], [145.22125873, -37.99820982], [145.22203021, -37.99863712], [145.22361604, -37.99951019], [145.22399038, -37.99970833], [145.22409846, -37.9997698], [145.22438294, -37.99992108], [145.22509192, -38.00027316], [145.22527209, -38.00034887], [145.225454, -38.00041362], [145.22568305, -38.00047872], [145.22580202, -38.00050881], [145.22593525, -38.00053759], [145.22603187, -38.000555], [145.22615422, -38.00057216], [145.22632288, -38.00059129], [145.22686881, -38.00063548], [145.22704272, -38.00064477], [145.22706367, -38.00072998], [145.22706682, -38.00076022], [145.22706454, -38.00081714], [145.22701025, -38.0011466], [145.22684825, -38.00205201], [145.22678198, -38.00245303], [145.22676614, -38.0026379], [145.22676201, -38.0027904], [145.22676364, -38.00289758], [145.22676932, -38.00298337], [145.22678953, -38.00311849], [145.2268243, -38.00328709], [145.22683377, -38.00334779], [145.22686291, -38.00345249], [145.22690836, -38.00357547], [145.22701749, -38.00383431], [145.22722164, -38.00427636], [145.22728892, -38.0044103], [145.22744926, -38.00476093], [145.22761035, -38.00509518], [145.22790018, -38.00571109], [145.22800083, -38.00591601], [145.22801422, -38.00595126], [145.22805048, -38.00602039], [145.22815443, -38.00623473], [145.22835613, -38.0066561], [145.22870374, -38.00739454], [145.22941644, -38.00887898], [145.23008936, -38.01030424], [145.23059231, -38.01133862], [145.23069459, -38.01155689], [145.23078224, -38.01172493], [145.23170107, -38.01365999], [145.2320519, -38.01438062], [145.23211951, -38.01453448], [145.23230302, -38.01491853], [145.23242314, -38.0151624], [145.23250985, -38.01531789], [145.23287142, -38.01608546], [145.23309214, -38.01644294], [145.23323014, -38.01663039], [145.23334743, -38.01675994], [145.23353326, -38.01698136], [145.23371352, -38.01717377], [145.23386025, -38.0173107], [145.23406116, -38.01747359], [145.23422549, -38.0175942], [145.23449913, -38.01777368], [145.23603113, -38.01880997], [145.23751002, -38.01979209], [145.23828546, -38.02030072], [145.23921653, -38.02093703], [145.2399262, -38.02141474], [145.24030703, -38.02166754], [145.24061655, -38.02188152], [145.24076765, -38.02198949], [145.2410825, -38.02222842], [145.24119981, -38.02232967], [145.24163914, -38.022747], [145.24173988, -38.02285494], [145.24201463, -38.02317581], [145.24222618, -38.02347132], [145.24226513, -38.02351948], [145.24236474, -38.02366534], [145.24260385, -38.02399992], [145.2427996, -38.0243179], [145.24293927, -38.02455159], [145.24314091, -38.02492851], [145.24326036, -38.02520299], [145.24354147, -38.02598311], [145.24367186, -38.02638104], [145.24371497, -38.0265512], [145.24381443, -38.02697092], [145.24390846, -38.02758486], [145.24402731, -38.02856172], [145.24409256, -38.02925507], [145.24416397, -38.02989084], [145.24427671, -38.0309524], [145.24430206, -38.03121232], [145.24433701, -38.03152393], [145.24438395, -38.03199613], [145.2444349, -38.03240594], [145.24448339, -38.0326991], [145.24452749, -38.03287504], [145.24464059, -38.03322512], [145.24475059, -38.03350478], [145.24483768, -38.03368902], [145.24495925, -38.03391856], [145.24529293, -38.03448381], [145.24554, -38.03482067], [145.24572809, -38.03503192], [145.24585559, -38.03517008], [145.2460286, -38.03534019], [145.24620964, -38.03550276], [145.24629383, -38.0355753], [145.24669055, -38.0358915], [145.24741212, -38.03643702], [145.247829, -38.03673972], [145.24811383, -38.03696566], [145.24840705, -38.03722209], [145.24896939, -38.03778064], [145.24914288, -38.03800726], [145.24924717, -38.03814976], [145.24939206, -38.0383336], [145.24959855, -38.03861991], [145.25036758, -38.03974928], [145.25081836, -38.04040511], [145.25098544, -38.04064326], [145.25145214, -38.0413488], [145.25159869, -38.04158321], [145.25193315, -38.04209023], [145.25220692, -38.04249056], [145.25227362, -38.0425704], [145.25231935, -38.04263092], [145.25242921, -38.04278873], [145.25297716, -38.04360091], [145.25367315, -38.04461931], [145.25469989, -38.04613557], [145.2552461, -38.04695096], [145.25575399, -38.04770117], [145.25637813, -38.04860972], [145.25641768, -38.04867176], [145.25688275, -38.04934977], [145.25738002, -38.05008287], [145.25758188, -38.05036973], [145.25765643, -38.05048934], [145.25748355, -38.05058014], [145.25739307, -38.05060394], [145.2572187, -38.05067652], [145.256611, -38.0509037], [145.25621834, -38.05105504], [145.25621222, -38.05108712], [145.25619522, -38.0511167], [145.25616865, -38.05114163], [145.25613471, -38.05115987], [145.25609045, -38.05117102], [145.25604396, -38.05117096], [145.25599977, -38.05115976], [145.25509387, -38.0517547], [145.25450605, -38.05215213], [145.2544634, -38.0521871], [145.25446696, -38.05220968], [145.25446255, -38.05223223], [145.25445032, -38.05225278], [145.25443435, -38.05226786], [145.25441414, -38.05227937], [145.25439105, -38.05228686], [145.25436705, -38.05228966], [145.25434304, -38.05228813], [145.25432005, -38.05228211], [145.25427182, -38.05231186], [145.25198886, -38.05388698], [145.25213137, -38.0540861], [145.25224471, -38.05436643], [145.25226521, -38.05457779], [145.25226316, -38.05469266], [145.25220929, -38.05494031], [145.25209411, -38.05515389], [145.25182879, -38.05556566], [145.25179012, -38.05565358], [145.25175718, -38.05574438], [145.25172058, -38.05586504], [145.25166618, -38.0560725], [145.25163666, -38.05625419], [145.25158572, -38.05651288], [145.25155625, -38.05660661], [145.25153202, -38.05666177], [145.25147574, -38.05677583], [145.25142344, -38.05687094], [145.25136712, -38.05695319], [145.25121689, -38.05714543], [145.25115125, -38.05724051], [145.25110025, -38.05732924], [145.25105727, -38.05742521], [145.25102376, -38.05752132], [145.2509996, -38.05761216], [145.25098218, -38.0577167], [145.25097676, -38.05781494], [145.25100556, -38.05792667], [145.25102095, -38.05797439], [145.25104553, -38.0580236], [145.25105565, -38.05803438], [145.2510671, -38.05805609], [145.25106973, -38.05807956], [145.25106315, -38.05810253], [145.2510483, -38.05812286], [145.25103089, -38.05813621], [145.25100498, -38.05814718], [145.25097615, -38.0581517], [145.25094703, -38.05814929], [145.25091989, -38.05814014], [145.25089757, -38.05812512], [145.25088845, -38.05811543], [145.25079762, -38.05808641], [145.25068177, -38.05806477], [145.25057125, -38.05806818], [145.25062553, -38.05829185], [145.25073075, -38.05867371], [145.25084757, -38.05909062], [145.25125109, -38.05902688], [145.25134971, -38.05939882], [145.25139926, -38.05956781], [145.25144224, -38.05967758], [145.2515039, -38.05981169], [145.25163134, -38.0600651], [145.25177221, -38.06019481], [145.25179659, -38.0602095], [145.25181309, -38.06022993], [145.25181982, -38.06025346], [145.25181152, -38.06028596], [145.25183649, -38.06046774], [145.25192609, -38.06058226], [145.25200815, -38.06066369], [145.2520697, -38.06071191], [145.25213686, -38.0607586], [145.25220569, -38.06080207], [145.25228508, -38.06084272], [145.25243967, -38.0609036], [145.25250588, -38.06092351], [145.25256526, -38.06093791], [145.25265035, -38.06095441], [145.25269315, -38.0609618], [145.2527567, -38.0609686], [145.25282351, -38.06097293], [145.25294134, -38.06097387], [145.25309242, -38.06096666], [145.25322438, -38.0609679], [145.25333098, -38.06097642], [145.25346676, -38.06099917], [145.25359055, -38.06103237], [145.25369519, -38.06107024], [145.25380535, -38.06112063], [145.25389754, -38.06117427], [145.25402666, -38.06127117], [145.25420678, -38.06143291], [145.25436257, -38.06156832], [145.2546466, -38.06179874], [145.2549569, -38.06202278], [145.25512605, -38.06213758], [145.25525854, -38.06222219], [145.25542235, -38.06232249], [145.25553151, -38.06238629], [145.25578843, -38.06253006], [145.25610052, -38.06268843], [145.25638545, -38.06282387], [145.256705, -38.06296109], [145.25681228, -38.06301783], [145.25691731, -38.06308256], [145.25698982, -38.063135], [145.25710155, -38.06323002], [145.25717978, -38.06331004], [145.25725337, -38.06339809], [145.25731786, -38.06349061], [145.25736505, -38.06357232], [145.25740654, -38.06365882], [145.25744526, -38.06376123], [145.25747097, -38.06385948], [145.25748718, -38.06396389], [145.25766245, -38.06396073], [145.25837645, -38.06396113], [145.25846565, -38.0639583], [145.25847355, -38.06398573], [145.25848698, -38.0640153], [145.25849775, -38.06405124], [145.25849765, -38.06408918], [145.2584816, -38.06419897], [145.25943924, -38.06433626], [145.25967517, -38.06436589], [145.25989255, -38.06438488], [145.26062466, -38.06442916], [145.26108901, -38.06448307], [145.26112517, -38.06446774], [145.26125844, -38.06448116], [145.26121485, -38.06469049], [145.26106548, -38.06533253], [145.26053033, -38.0678827], [145.26033436, -38.06882658], [145.26022124, -38.0693046], [145.25996422, -38.0705683], [145.25977691, -38.0715552], [145.25938152, -38.07344696], [145.259322, -38.0737504], [145.2591665, -38.07455384], [145.25884362, -38.07637656], [145.25879063, -38.07664513], [145.25875665, -38.07684253], [145.25871841, -38.0770368], [145.25863768, -38.07740734], [145.25862871, -38.07745884], [145.25864967, -38.07756991], [145.25864915, -38.07760153], [145.25862776, -38.07774883], [145.25861696, -38.07784834], [145.25861393, -38.07790416], [145.25861552, -38.07826934], [145.25860118, -38.0785375], [145.25858307, -38.07872891], [145.25856805, -38.07884332], [145.25849844, -38.07921123], [145.25854627, -38.0794731], [145.25857132, -38.0795754], [145.25863145, -38.07979446], [145.2586568, -38.07985026], [145.25869482, -38.07991066], [145.26005707, -38.08006656], [145.26148612, -38.08024281], [145.26186074, -38.08028224], [145.26308806, -38.08044106], [145.26420373, -38.0805729], [145.26509548, -38.08066636], [145.26560701, -38.08072583], [145.26681481, -38.08087729], [145.26796355, -38.08102869], [145.26799065, -38.08089463], [145.26807586, -38.08043881], [145.26808852, -38.08031292], [145.26808381, -38.08020336], [145.26807192, -38.08010811], [145.26802205, -38.07984414], [145.26797109, -38.07972813], [145.26796235, -38.07967826], [145.26791924, -38.07967384], [145.26787043, -38.07965996], [145.26778631, -38.07965421], [145.26771271, -38.07965718], [145.26760831, -38.07965591], [145.26745831, -38.07968299], [145.26726847, -38.07972237], [145.26708899, -38.07976721], [145.2668758, -38.07982481], [145.26651459, -38.07992708], [145.26636655, -38.07995851], [145.26618926, -38.07998266], [145.2660497, -38.07999781], [145.2658909, -38.08000186], [145.26573039, -38.07999643], [145.2655895, -38.07998579], [145.26543247, -38.07996319], [145.26528095, -38.07993419], [145.26510417, -38.07988887], [145.26492613, -38.07982442], [145.26479099, -38.07976808], [145.26465577, -38.07970084], [145.26458524, -38.07966492], [145.2644993, -38.07961093], [145.26438731, -38.07953051], [145.2644993, -38.07961093], [145.26458524, -38.07966492], [145.26465577, -38.07970084], [145.26479099, -38.07976808], [145.26492613, -38.07982442], [145.26510417, -38.07988887], [145.26528095, -38.07993419], [145.26543247, -38.07996319], [145.2655895, -38.07998579], [145.26573039, -38.07999643], [145.2658909, -38.08000186], [145.2660497, -38.07999781], [145.26618926, -38.07998266], [145.26636655, -38.07995851], [145.26651459, -38.07992708], [145.2668758, -38.07982481], [145.26708899, -38.07976721], [145.26726847, -38.07972237], [145.26745831, -38.07968299], [145.26760831, -38.07965591], [145.26770352, -38.07962641], [145.2677791, -38.07961698], [145.26783338, -38.07961652], [145.26793373, -38.07962989], [145.26798129, -38.07962933], [145.26801605, -38.07967337], [145.26802332, -38.07972286], [145.26802205, -38.07984414], [145.26807192, -38.08010811], [145.26808381, -38.08020336], [145.26808852, -38.08031292], [145.26807586, -38.08043881], [145.26799065, -38.08089463], [145.26796355, -38.08102869], [145.26817661, -38.08105896], [145.27185642, -38.08153967], [145.27227168, -38.08159651], [145.27356377, -38.08176222], [145.27437694, -38.08185292], [145.27525236, -38.08194409], [145.27563431, -38.08199223], [145.27609594, -38.08204587], [145.27649644, -38.08209572], [145.276607, -38.08228182], [145.27666908, -38.08239123], [145.27691763, -38.08287682], [145.27694635, -38.08293564], [145.27702919, -38.08312214], [145.27752024, -38.08427897], [145.27769649, -38.08470727], [145.27779567, -38.08493646], [145.27806967, -38.08561122], [145.27850102, -38.08665083], [145.27863203, -38.08699601], [145.2786854, -38.0871171], [145.27872378, -38.08718732], [145.27878776, -38.08734236], [145.27904095, -38.08797636], [145.27921182, -38.08837258], [145.27972785, -38.08962899], [145.28059579, -38.09135754], [145.28125654, -38.09279053], [145.28138974, -38.09306743], [145.28158302, -38.09355924], [145.28180147, -38.09409169], [145.28263882, -38.09608373], [145.28277981, -38.09641283], [145.28284148, -38.09657], [145.28305174, -38.0971847], [145.28311462, -38.09740713], [145.28313138, -38.09748019], [145.28315873, -38.09762712], [145.28319415, -38.09793115], [145.28320816, -38.09810258], [145.28321043, -38.09816642], [145.28320635, -38.09835552], [145.28319441, -38.0985682], [145.28318176, -38.09869941], [145.28315541, -38.09888971], [145.2831332, -38.098996], [145.28308796, -38.09916998], [145.28294911, -38.099918], [145.28273552, -38.10101837], [145.28259898, -38.10177003], [145.28244326, -38.10175261], [145.28228369, -38.10172928], [145.28229811, -38.10159053], [145.28235338, -38.10127593], [145.28188244, -38.10123426], [145.28183895, -38.10122623], [145.28176069, -38.10120319], [145.2817226, -38.10118839], [145.28168383, -38.10116899], [145.28047047, -38.100422], [145.27947345, -38.09979271], [145.27952815, -38.09974079], [145.27975008, -38.09951677], [145.27979613, -38.09946923], [145.27982745, -38.09943193], [145.28002589, -38.09956316], [145.28045142, -38.09982884], [145.28076488, -38.10001988], [145.28123052, -38.10029732]]}}, {"type": "Feature", "properties": {"route_short_name": "Alamein", "route_long_name": "Alamein - City", "route_type": "train", "color": "#4d7cff"}, "geometry": {"type": "LineString", "coordinates": [[145.07969648, -37.86818462], [145.07974521, -37.86791019], [145.07986577, -37.86726871], [145.0799194, -37.8669585], [145.08002133, -37.86633393], [145.0800473, -37.86619178], [145.08038046, -37.86442306], [145.08041541, -37.86425033], [145.08045223, -37.8640971], [145.08048303, -37.86398369], [145.08052449, -37.86385766], [145.08057095, -37.86372297], [145.08060959, -37.86362258], [145.0813247, -37.86198344], [145.08170536, -37.86111658], [145.08178108, -37.86094902], [145.08180495, -37.86088777], [145.08183307, -37.86079829], [145.08187506, -37.86064775], [145.08191221, -37.86054319], [145.0819571, -37.86043371], [145.08264638, -37.8588548], [145.08272265, -37.85867508], [145.08279915, -37.858486], [145.08285321, -37.8583389], [145.0828963, -37.85821118], [145.08293234, -37.85809651], [145.08296675, -37.85797072], [145.08301166, -37.85776833], [145.08305277, -37.85752387], [145.08306813, -37.85741382], [145.08308758, -37.85717613], [145.08309462, -37.85697042], [145.08309175, -37.85676526], [145.08308656, -37.85664514], [145.08307881, -37.8565494], [145.08306904, -37.85643983], [145.08305562, -37.8563349], [145.08302573, -37.85614606], [145.08298652, -37.85595266], [145.0829192, -37.85569499], [145.08288588, -37.85558613], [145.08284664, -37.85546897], [145.08277935, -37.85529349], [145.08269462, -37.855098], [145.08258143, -37.85486518], [145.08240485, -37.85455193], [145.08221551, -37.85425317], [145.08047019, -37.85154892], [145.07913299, -37.84948429], [145.07748945, -37.84693874], [145.07690396, -37.84603718], [145.07669231, -37.8457238], [145.07643665, -37.84536771], [145.07588738, -37.84464734], [145.07572861, -37.84443351], [145.07566166, -37.84433788], [145.07547677, -37.84405792], [145.07529155, -37.84375579], [145.07520493, -37.8436082], [145.07514315, -37.84349724], [145.07505489, -37.84332953], [145.07492722, -37.84307376], [145.07478701, -37.84280174], [145.07465251, -37.84256406], [145.07452914, -37.84236126], [145.07410987, -37.84170807], [145.07354272, -37.84083374], [145.07320311, -37.84030333], [145.07232893, -37.83895373], [145.07194273, -37.83834118], [145.07089502, -37.83666223], [145.07056982, -37.83615151], [145.07029346, -37.8357246], [145.07014302, -37.83549341], [145.06982105, -37.83498968], [145.06974608, -37.83486247], [145.06968204, -37.83474733], [145.06957188, -37.83453572], [145.06952614, -37.83443792], [145.06948097, -37.83433129], [145.0694458, -37.83424212], [145.06941578, -37.83415557], [145.06938765, -37.83406228], [145.06935906, -37.8339516], [145.06933826, -37.83385591], [145.06932245, -37.83376067], [145.06931263, -37.83367544], [145.06930521, -37.8335806], [145.06930166, -37.83343347], [145.06930333, -37.83334356], [145.06931091, -37.83324022], [145.06932489, -37.83313078], [145.06939964, -37.83270872], [145.06964677, -37.83139244], [145.06971187, -37.83102186], [145.06975655, -37.83071591], [145.0697802, -37.83054093], [145.06984701, -37.82996536], [145.06989034, -37.82963218], [145.06993184, -37.82934772], [145.07002053, -37.82882198], [145.07005763, -37.82856692], [145.07006715, -37.82846749], [145.07007132, -37.82839024], [145.07007353, -37.82832728], [145.07007212, -37.82825913], [145.07006415, -37.82815086], [145.07005586, -37.82808106], [145.07003387, -37.82795246], [145.07001676, -37.82787233], [145.06999041, -37.82777602], [145.06996696, -37.82770354], [145.06994689, -37.82764517], [145.06991853, -37.8275736], [145.06987755, -37.82748506], [145.06983944, -37.82740847], [145.06980249, -37.82734406], [145.06975961, -37.82727613], [145.06971441, -37.82720996], [145.06963635, -37.8271054], [145.06953272, -37.82698826], [145.06944808, -37.8269055], [145.06931057, -37.82678447], [145.06917562, -37.82668321], [145.06909991, -37.8266325], [145.06890757, -37.82651904], [145.0688088, -37.82646812], [145.06868934, -37.82641353], [145.06853528, -37.82635243], [145.06842494, -37.82631367], [145.06829011, -37.82627352], [145.06808392, -37.82622471], [145.06797145, -37.82620241], [145.06783926, -37.82618312], [145.0676753, -37.82616619], [145.06756357, -37.82615922], [145.06747207, -37.82615628], [145.06730104, -37.82615797], [145.06716252, -37.82616751], [145.06705443, -37.82617772], [145.06690985, -37.82619742], [145.06669535, -37.82623229], [145.06549983, -37.82644336], [145.0653909, -37.82645986], [145.06524682, -37.82647777], [145.06500958, -37.82649586], [145.06484445, -37.82650189], [145.0646539, -37.82650254], [145.064323, -37.82648728], [145.06418795, -37.8264856], [145.06266488, -37.8265358], [145.06069079, -37.8265972], [145.06038353, -37.82661648], [145.05966859, -37.82669292], [145.05936059, -37.82671849], [145.05923021, -37.82672526], [145.05885997, -37.82673276], [145.05870248, -37.82673341], [145.05848969, -37.82672846], [145.05823977, -37.82671416]]}}, {"type": "Feature", "properties": {"route_short_name": "Mernda", "route_long_name": "Mernda - City", "route_type": "train", "color": "#4d7cff"}, "geometry": {"type": "LineString", "coordinates": [[145.10102558, -37.60232015], [145.10046305, -37.60484993], [145.10040853, -37.60510527], [145.0987884, -37.61236258], [145.09862695, -37.61311908], [145.09814135, -37.61525976], [145.09795521, -37.61612211], [145.09786289, -37.61665514], [145.0978061, -37.61709618], [145.0977701, -37.61745528], [145.09771268, -37.6182723], [145.09764472, -37.61931167], [145.0976185, -37.6199494], [145.09761818, -37.62015748], [145.09760706, -37.62086494], [145.09747369, -37.62289631], [145.09740264, -37.62397212], [145.09736921, -37.62442552], [145.09733335, -37.62483671], [145.09729284, -37.62521682], [145.09721781, -37.62582186], [145.09715998, -37.62635238], [145.09689001, -37.63014423], [145.09685291, -37.63051016], [145.09663425, -37.63192974], [145.09632827, -37.63385792], [145.09603951, -37.63562568], [145.09597634, -37.63593811], [145.09585506, -37.63640541], [145.09580076, -37.63662777], [145.09555986, -37.63735026], [145.09537375, -37.63775506], [145.09530341, -37.63791767], [145.09502928, -37.63867613], [145.09471332, -37.63984729], [145.09443479, -37.64096354], [145.09438089, -37.64118816], [145.09428575, -37.64146492], [145.09418367, -37.64171209], [145.0940625, -37.6419522], [145.09395275, -37.64214897], [145.09384264, -37.64232887], [145.09363582, -37.64261194], [145.09338152, -37.64289937], [145.09317536, -37.64312116], [145.09243329, -37.64381463], [145.09098654, -37.64516504], [145.09088106, -37.64525678], [145.09063052, -37.6454583], [145.09045188, -37.64558707], [145.09022396, -37.64573767], [145.09002777, -37.64585264], [145.08973119, -37.64601492], [145.08944756, -37.6461456], [145.0891574, -37.64626536], [145.08883357, -37.64637646], [145.0885208, -37.64646746], [145.08823428, -37.64653806], [145.08802553, -37.64658127], [145.08777223, -37.64662457], [145.08753074, -37.64665859], [145.08104941, -37.64744452], [145.0740194, -37.64833027], [145.07241596, -37.64853523], [145.07178026, -37.6486127], [145.07115855, -37.6486923], [145.06950343, -37.64888781], [145.06842644, -37.64901879], [145.06789843, -37.64908647], [145.06768358, -37.64911107], [145.06594117, -37.64932809], [145.06393855, -37.64957469], [145.06331094, -37.64964973], [145.06265797, -37.64973201], [145.06054141, -37.64999191], [145.06012484, -37.65004517], [145.05057765, -37.65121936], [145.04861844, -37.65146237], [145.04800195, -37.65153129], [145.04755511, -37.65157526], [145.04722712, -37.65160426], [145.04677585, -37.65164022], [145.04628278, -37.65167081], [145.04573152, -37.65169862], [145.03724744, -37.65208186], [145.03680475, -37.65209747], [145.03642582, -37.6521063], [145.03468016, -37.652123], [145.03442504, -37.65212623], [145.03405163, -37.65213632], [145.03344747, -37.65215851], [145.03147499, -37.65224419], [145.0309572, -37.65226619], [145.03083021, -37.65227606], [145.03071873, -37.65228699], [145.03063888, -37.65229764], [145.03033395, -37.65234554], [145.03023815, -37.65236359], [145.03014397, -37.65238454], [145.03005561, -37.65240821], [145.02996856, -37.65243406], [145.02983681, -37.65247828], [145.0296568, -37.65254304], [145.02957742, -37.65257434], [145.02945894, -37.65262688], [145.02930251, -37.65270024], [145.02724454, -37.653737], [145.0270925, -37.65381547], [145.02688485, -37.65393087], [145.02675094, -37.65400956], [145.02663166, -37.65408371], [145.02644128, -37.65421021], [145.02619849, -37.65438972], [145.02609566, -37.65447181], [145.02591694, -37.65462861], [145.02580805, -37.65472997], [145.02571725, -37.65481974], [145.02561675, -37.65492512], [145.02538447, -37.65519123], [145.02499293, -37.65568413], [145.02479962, -37.65590808], [145.02461976, -37.65610342], [145.02442936, -37.65628183], [145.02418529, -37.65648781], [145.02389033, -37.65671502], [145.02320903, -37.65722044], [145.02269401, -37.65759833], [145.02237483, -37.65785325], [145.02212537, -37.65806553], [145.02193502, -37.65824168], [145.02128082, -37.65892526], [145.02088562, -37.6593193], [145.02042732, -37.65979682], [145.02034386, -37.65988734], [145.02015065, -37.66008552], [145.01984094, -37.66043557], [145.01959098, -37.66072976], [145.01928124, -37.66113226], [145.01900348, -37.66152133], [145.01874075, -37.66192039], [145.01850348, -37.66234663], [145.0182856, -37.66277276], [145.01815595, -37.66306563], [145.01801264, -37.66341541], [145.01792802, -37.66363073], [145.01783625, -37.66388828], [145.01777755, -37.66407087], [145.01772135, -37.66426999], [145.01767254, -37.66446401], [145.01764195, -37.66461661], [145.01755124, -37.66513301], [145.01749903, -37.66540799], [145.01744793, -37.66563667], [145.01739917, -37.66581627], [145.01737741, -37.66588413], [145.01730115, -37.66611283], [145.01719435, -37.66638554], [145.01701572, -37.66680169], [145.01686268, -37.66718032], [145.01675648, -37.66749017], [145.01661056, -37.66797608], [145.01643564, -37.66854179], [145.01634456, -37.66886262], [145.016246, -37.66918341], [145.01615405, -37.66955424], [145.01609267, -37.66981537], [145.01605055, -37.67001779], [145.01601487, -37.67020383], [145.01561056, -37.67262604], [145.01557105, -37.67283644], [145.01540095, -37.67389303], [145.01508314, -37.6758121], [145.01487019, -37.6770802], [145.0147443, -37.67781292], [145.0143311, -37.68031842], [145.0139788, -37.68243554], [145.01394755, -37.68259542], [145.01390286, -37.68279122], [145.01385214, -37.68297538], [145.01379158, -37.68317137], [145.01369264, -37.68347512], [145.01361787, -37.68368933], [145.01349694, -37.68408653], [145.01345285, -37.68426413], [145.0134022, -37.68450516], [145.0132987, -37.68511173], [145.01311297, -37.68624122], [145.01286051, -37.68774639], [145.01274199, -37.68849464], [145.01260203, -37.68931976], [145.01255322, -37.68959326], [145.01246972, -37.69012978], [145.01239802, -37.69053006], [145.01231647, -37.69108697], [145.0122908, -37.69132608], [145.01225697, -37.69178593], [145.01223589, -37.6924822], [145.01220469, -37.69309828], [145.01215005, -37.69357301], [145.01212635, -37.69375132], [145.01179678, -37.69575516], [145.01162509, -37.69679856], [145.01143549, -37.6978376], [145.0113358, -37.69825758], [145.01122727, -37.69865588], [145.01103709, -37.69926189], [145.01098408, -37.69944592], [145.01088215, -37.69983081], [145.01081542, -37.70011239], [145.01068969, -37.70081032], [145.01043139, -37.70236034], [145.01026274, -37.70329709], [145.00972202, -37.7063422], [145.00968096, -37.70658411], [145.00964585, -37.70681531], [145.00961511, -37.7070993], [145.00959586, -37.70735653], [145.00956836, -37.70763841], [145.00954529, -37.7078179], [145.00952737, -37.70791944], [145.00947654, -37.70817452], [145.00935603, -37.70871879], [145.00905935, -37.71008954], [145.00894888, -37.71065678], [145.00881425, -37.71140196], [145.00862135, -37.71249708], [145.00858385, -37.71275392], [145.00845561, -37.7138659], [145.00841622, -37.71409963], [145.00838773, -37.71424848], [145.00833456, -37.71445071], [145.00825853, -37.71468896], [145.00817238, -37.7149065], [145.00808381, -37.71510038], [145.0079499, -37.71535189], [145.00788808, -37.7154616], [145.00774223, -37.71571436], [145.0075351, -37.71606521], [145.00735386, -37.71638964], [145.00715225, -37.71672886], [145.00679084, -37.71733718], [145.00648736, -37.71787097], [145.00586057, -37.71891954], [145.00522838, -37.71989438], [145.00502296, -37.72023543], [145.0048868, -37.72048132], [145.00474964, -37.72074304], [145.00457311, -37.72111937], [145.00449255, -37.72130581], [145.00440007, -37.72153054], [145.00428281, -37.72184974], [145.00418037, -37.72215801], [145.00410071, -37.72243324], [145.00403596, -37.72267294], [145.00385096, -37.72348277], [145.00351032, -37.72505166], [145.00293656, -37.7277676], [145.00285046, -37.72813418], [145.00277469, -37.72847968], [145.00260443, -37.72925488], [145.00232082, -37.73059988], [145.00205922, -37.73179674], [145.00165401, -37.73368796], [145.00150872, -37.73434778], [145.00142924, -37.73472529], [145.00111015, -37.73650568], [145.00096062, -37.73742822], [145.00087978, -37.73782247], [145.00064099, -37.73887362], [145.00049192, -37.73953013], [145.00019215, -37.74090288], [145.00009507, -37.74139391], [145.0000611, -37.74168198], [145.00004208, -37.7420808], [145.00008018, -37.74241939], [145.00012464, -37.74270718], [145.00041019, -37.74401776], [145.00045617, -37.74436712], [145.00046933, -37.7444981], [145.00047144, -37.74477778], [145.00042887, -37.74505237], [145.00039639, -37.7453019], [145.00027243, -37.74599867], [145.0001911, -37.74644851], [144.99987491, -37.74843388], [144.99970565, -37.74937112], [144.99962844, -37.74973461], [144.99957027, -37.74996857], [144.99936272, -37.75074277], [144.99932064, -37.75092283], [144.99927896, -37.75108812], [144.99922525, -37.75135874], [144.99898015, -37.75275106], [144.99860577, -37.75505688], [144.99847083, -37.75587341], [144.99818471, -37.75751862], [144.9976365, -37.76076278], [144.99756461, -37.76117268], [144.99719858, -37.76337148], [144.99706487, -37.76413666], [144.99692178, -37.76494673], [144.9969042, -37.76507251], [144.99679157, -37.76554426], [144.99660218, -37.76641213], [144.99645357, -37.76706458], [144.99639465, -37.76730843], [144.99629891, -37.7676169], [144.99601097, -37.76833782], [144.99571173, -37.76904349], [144.99567038, -37.76912867], [144.99527348, -37.76988568], [144.9945734, -37.77122446], [144.99440308, -37.77158284], [144.99427091, -37.77190268], [144.99415359, -37.77229522], [144.99384387, -37.77381998], [144.99342935, -37.77576047], [144.99327327, -37.77656527], [144.9930448, -37.77764947], [144.99298956, -37.77793312], [144.99282988, -37.77874047], [144.99276267, -37.7789794], [144.99264954, -37.77923702], [144.99247915, -37.77950861], [144.99229006, -37.77973664], [144.99215333, -37.77986786], [144.99160114, -37.78028849], [144.99114838, -37.78064296], [144.99108751, -37.78069383], [144.99098763, -37.78079324], [144.9909286, -37.78086378], [144.99088545, -37.7809228], [144.99083389, -37.78100699], [144.99078315, -37.78111976], [144.99075921, -37.7811901], [144.99074499, -37.78125402], [144.99073524, -37.78132504], [144.99072892, -37.78138649], [144.99072909, -37.78145967], [144.99073485, -37.78151546], [144.99074576, -37.78159053], [144.99075692, -37.78163948], [144.99077482, -37.78169971], [144.99080181, -37.78177236], [144.99084777, -37.78186542], [144.99089797, -37.78194459], [144.99092688, -37.7819842], [144.99099106, -37.78206261], [144.99104683, -37.78212079], [144.99112898, -37.78219834], [144.99148862, -37.78252809], [144.99155005, -37.78258258], [144.99161471, -37.78263541], [144.99241961, -37.78319462], [144.99318948, -37.783727], [144.99445202, -37.78459273], [144.99489057, -37.78491967], [144.99503803, -37.78504708], [144.99512184, -37.78513079], [144.99520042, -37.78521458], [144.99531074, -37.78534677], [144.99543472, -37.78551993], [144.99553091, -37.78568756], [144.99559577, -37.78582132], [144.99565314, -37.78597559], [144.99569423, -37.7861148], [144.99572276, -37.78624857], [144.99574221, -37.78640688], [144.99574591, -37.78658934], [144.99573476, -37.78680859], [144.9956513, -37.78730453], [144.99560557, -37.78755149], [144.9955864, -37.78768093], [144.99556404, -37.78802913], [144.99546495, -37.78862863], [144.99527692, -37.78967386], [144.99518443, -37.78999969], [144.99513696, -37.79022643], [144.99510534, -37.79042181], [144.9950655, -37.79077394], [144.99506402, -37.79092523], [144.99505906, -37.79103319], [144.99506078, -37.79110397], [144.99503915, -37.79137053], [144.99504537, -37.79163198], [144.99508267, -37.79184827], [144.99515609, -37.79222432], [144.99518722, -37.79236246], [144.99523559, -37.79260633], [144.9952667, -37.79277899], [144.99528814, -37.79297698], [144.99530822, -37.7931964], [144.99531356, -37.79341052], [144.99530145, -37.7937451], [144.99528144, -37.7939478], [144.99516995, -37.79464378], [144.99493083, -37.79609539], [144.99467784, -37.7975637], [144.99466125, -37.79792128], [144.99464331, -37.79796703], [144.99443131, -37.79923796], [144.99419975, -37.80061057], [144.9941952, -37.80071584], [144.99420746, -37.80126577], [144.99421612, -37.8013865], [144.99422119, -37.80151419], [144.99421366, -37.80171259], [144.99419529, -37.80193829], [144.99418374, -37.80203759], [144.99410892, -37.80252773], [144.99407632, -37.80272507], [144.99375448, -37.80458747], [144.99364545, -37.80522896], [144.99346517, -37.80632101], [144.99328021, -37.80739702], [144.99323792, -37.80762078], [144.99320877, -37.80774483], [144.9931756, -37.80787097], [144.9931231, -37.80802706], [144.9929942, -37.80834938], [144.99290053, -37.80859534], [144.99281145, -37.80886508], [144.99277976, -37.80899908], [144.99273695, -37.80920409], [144.99262815, -37.80984117], [144.99253971, -37.81038894], [144.99250988, -37.81055064], [144.99239913, -37.81116309], [144.99198053, -37.81360797], [144.99194655, -37.81377618], [144.99190573, -37.81396221], [144.99186225, -37.81411196], [144.99179523, -37.81429637], [144.99173033, -37.81445721], [144.99160723, -37.81470284], [144.99145895, -37.81493913], [144.99139264, -37.81503424], [144.9913696, -37.81506719], [144.99126897, -37.81519633], [144.99114683, -37.81533978], [144.99101006, -37.815482], [144.99058781, -37.81588051], [144.99022352, -37.81613518], [144.98996688, -37.81624498], [144.98977427, -37.8163437], [144.98956102, -37.81643658], [144.98945344, -37.81647872], [144.98930312, -37.81653428], [144.98902305, -37.81663223], [144.9888576, -37.81668411], [144.98856375, -37.81676272], [144.98821449, -37.81682326], [144.98802762, -37.81684413], [144.98782868, -37.81686217], [144.98732292, -37.81686272], [144.98720812, -37.81686067], [144.98706619, -37.81685401], [144.98694532, -37.81684581], [144.98676162, -37.81682952], [144.98392456, -37.81651332], [144.9827568, -37.81638284], [144.98154906, -37.81625229], [144.98105878, -37.81621027], [144.98075431, -37.81619027], [144.98037003, -37.81616043], [144.97985566, -37.81611024], [144.97609503, -37.81568906], [144.97579197, -37.81566358], [144.97553919, -37.81565229], [144.97537421, -37.81565342], [144.9752646, -37.8156573], [144.97516539, -37.81566272], [144.97503604, -37.81567383], [144.97491175, -37.81568701], [144.97478414, -37.81570491], [144.97461935, -37.81573254], [144.97455341, -37.81574708], [144.9740338, -37.81588062], [144.97387326, -37.81592742], [144.97363385, -37.81599197], [144.97289613, -37.81617537], [144.97231884, -37.8163326], [144.97099466, -37.81672127], [144.97021405, -37.81696852], [144.96961529, -37.8171834], [144.96931902, -37.81728301], [144.96789512, -37.81767821], [144.96728535, -37.81785513], [144.96709669, -37.81789108], [144.96681723, -37.81795339], [144.9662735, -37.81811612]]}}, {"type": "Feature", "properties": {"route_short_name": "Lilydale", "route_long_name": "Lilydale - City", "route_type": "train", "color": "#4d7cff"}, "geometry": {"type": "LineString", "coordinates": [[145.34570363, -37.757208], [145.34527898, -37.75761047], [145.3448142, -37.75805591], [145.34464833, -37.75822022], [145.34448326, -37.75837363], [145.34431348, -37.758545], [145.34408566, -37.75879964], [145.34381986, -37.75911278], [145.34043373, -37.76233516], [145.33956768, -37.76314263], [145.33913595, -37.76352317], [145.33868932, -37.76383907], [145.33813951, -37.76421019], [145.33778413, -37.76446572], [145.33747701, -37.76472121], [145.33718334, -37.76502439], [145.33693915, -37.76534358], [145.33673401, -37.76566801], [145.33658785, -37.76596912], [145.33647523, -37.76629351], [145.33638126, -37.76672279], [145.33574927, -37.77005923], [145.335595, -37.7708586], [145.33550247, -37.77126348], [145.33538171, -37.77159577], [145.33526113, -37.77186461], [145.33503292, -37.772239], [145.33471258, -37.77261624], [145.3343585, -37.77295334], [145.33404344, -37.77319068], [145.33371753, -37.77340056], [145.33339034, -37.77357132], [145.33236828, -37.77408119], [145.33094942, -37.77480659], [145.3302897, -37.775127], [145.32975318, -37.77540094], [145.32865618, -37.77593414], [145.32771196, -37.77640271], [145.32734458, -37.77661262], [145.32686177, -37.7769157], [145.32651035, -37.77716801], [145.32611338, -37.777486], [145.32577283, -37.7777892], [145.32541069, -37.7781686], [145.3246677, -37.77899122], [145.32405084, -37.77964837], [145.32383087, -37.77988577], [145.32355465, -37.78012544], [145.32333474, -37.78032464], [145.32278284, -37.7806989], [145.32228681, -37.78100258], [145.32165432, -37.78136974], [145.32093892, -37.78181809], [145.31951976, -37.78268538], [145.31882846, -37.78309639], [145.31855798, -37.78327124], [145.31818026, -37.78348872], [145.31777477, -37.78374366], [145.31757214, -37.78386604], [145.3173546, -37.78399027], [145.31712514, -37.78410379], [145.31688937, -37.7842101], [145.31657453, -37.78432348], [145.31634245, -37.78439227], [145.31603036, -37.78447441], [145.31578361, -37.78451901], [145.31556865, -37.78454919], [145.31536726, -37.78457164], [145.313077, -37.78479012], [145.31277223, -37.78481937], [145.31234465, -37.78485623], [145.31211985, -37.78486978], [145.31184939, -37.78487338], [145.31154701, -37.78486752], [145.3112382, -37.78484488], [145.31090181, -37.78480194], [145.31061765, -37.78474902], [145.3103147, -37.78467348], [145.31006842, -37.78459802], [145.30939186, -37.78437355], [145.30661361, -37.78342927], [145.30634137, -37.78334199], [145.30622685, -37.78330997], [145.30592974, -37.78323261], [145.3057157, -37.78318781], [145.30547212, -37.78314843], [145.30528587, -37.78312449], [145.3050296, -37.78309872], [145.30467075, -37.78309004], [145.30436186, -37.78309109], [145.30401888, -37.78312319], [145.30362845, -37.78318444], [145.30321405, -37.78327563], [145.30283312, -37.78339316], [145.30141691, -37.78387337], [145.29946686, -37.78454224], [145.29909496, -37.78468603], [145.29577801, -37.78581869], [145.29198046, -37.78712083], [145.29128257, -37.78736549], [145.29095085, -37.7874991], [145.29058265, -37.78767824], [145.29015832, -37.78794776], [145.2898217, -37.78820513], [145.28955754, -37.78845202], [145.28933076, -37.7887181], [145.28905777, -37.78909192], [145.2885821, -37.78978427], [145.28839496, -37.7900494], [145.28812521, -37.79039578], [145.2877296, -37.79086101], [145.28725749, -37.791339], [145.28692094, -37.79162196], [145.28662797, -37.79185174], [145.28632944, -37.79207126], [145.28589484, -37.79233603], [145.28421561, -37.79327534], [145.28372315, -37.79352718], [145.28328096, -37.79376073], [145.28244192, -37.79421172], [145.28198468, -37.79446226], [145.28119543, -37.79492533], [145.28086963, -37.79511001], [145.28073198, -37.79519317], [145.28043642, -37.79537171], [145.27968944, -37.79580844], [145.27921997, -37.796086], [145.27792521, -37.79692919], [145.27658897, -37.79770821], [145.27628465, -37.79790103], [145.27597206, -37.79813204], [145.27567092, -37.79836411], [145.27556801, -37.79844759], [145.27546132, -37.79853723], [145.27521035, -37.79876039], [145.27502263, -37.79893527], [145.27489245, -37.79907314], [145.27471554, -37.79928612], [145.27444214, -37.79962864], [145.27398859, -37.80022067], [145.27362985, -37.80075488], [145.27231422, -37.80264788], [145.27203566, -37.80299653], [145.27181681, -37.80323431], [145.2714961, -37.80353917], [145.27134645, -37.80366377], [145.27098605, -37.80394588], [145.27057524, -37.8042423], [145.26926989, -37.80516354], [145.26798641, -37.80606617], [145.26725283, -37.80657799], [145.26695784, -37.80674326], [145.26667348, -37.80689589], [145.26633957, -37.80705914], [145.26600036, -37.80719681], [145.26510976, -37.80747118], [145.26393974, -37.80780793], [145.26309343, -37.80805798], [145.26058565, -37.80878159], [145.25904642, -37.80924406], [145.25805628, -37.80952763], [145.25729752, -37.80975298], [145.25481725, -37.81047579], [145.25338656, -37.81089879], [145.2525769, -37.81109946], [145.25193025, -37.8112328], [145.2514653, -37.81134387], [145.25115298, -37.81142259], [145.25091462, -37.81149178], [145.25057583, -37.81159489], [145.24994767, -37.81178148], [145.24866238, -37.81215467], [145.24738211, -37.81252153], [145.24686799, -37.8126888], [145.24653054, -37.81281184], [145.24596803, -37.81303606], [145.24546755, -37.81322219], [145.24497541, -37.81337716], [145.24415772, -37.81361731], [145.24365484, -37.81376023], [145.24320903, -37.81386803], [145.24278742, -37.81395601], [145.24236851, -37.814026], [145.24166524, -37.81411112], [145.24125862, -37.81414191], [145.24105728, -37.81415341], [145.24064588, -37.81416069], [145.24044255, -37.81416009], [145.24023827, -37.8141564], [145.23986646, -37.81414219], [145.23950578, -37.8141186], [145.23922901, -37.81409644], [145.23842087, -37.81401973], [145.23761686, -37.81393678], [145.23577823, -37.81377578], [145.23531452, -37.81374269], [145.23518583, -37.81373716], [145.23503956, -37.81373524], [145.2348739, -37.81373636], [145.23461966, -37.81375111], [145.23435979, -37.81377777], [145.23413251, -37.81381483], [145.23397296, -37.81384569], [145.23372655, -37.81390354], [145.2335802, -37.81394326], [145.23325726, -37.81404259], [145.23295797, -37.81415012], [145.23258971, -37.8143015], [145.23211974, -37.81450677], [145.23176551, -37.81466511], [145.23110124, -37.81495722], [145.23063406, -37.81515982], [145.23033122, -37.81529694], [145.23027133, -37.81532641], [145.23003584, -37.81545463], [145.22997926, -37.81548316], [145.22888483, -37.81596354], [145.22821337, -37.81625634], [145.22809422, -37.81630312], [145.22789316, -37.81637381], [145.22769028, -37.81645367], [145.22709172, -37.8167143], [145.22545038, -37.81743596], [145.22526424, -37.81751426], [145.22491268, -37.81765442], [145.22471893, -37.81772774], [145.22439479, -37.81783794], [145.22423134, -37.8178891], [145.22402931, -37.81794769], [145.22381192, -37.81800732], [145.22366538, -37.81804467], [145.22345405, -37.8180933], [145.22309703, -37.81816722], [145.22292291, -37.81819911], [145.22276747, -37.81822389], [145.22257547, -37.81825272], [145.22232772, -37.81828484], [145.2219774, -37.81832092], [145.22152395, -37.81835643], [145.21635887, -37.81868277], [145.21537417, -37.81874716], [145.21432612, -37.81881021], [145.21405825, -37.81882823], [145.21360537, -37.81885876], [145.21284837, -37.81890279], [145.21253405, -37.81891568], [145.21219985, -37.81892422], [145.21183019, -37.81892329], [145.21143853, -37.81891662], [145.21104832, -37.81890132], [145.21077084, -37.81888467], [145.21024843, -37.81884438], [145.20201422, -37.8181774], [145.19844993, -37.81788077], [145.19677346, -37.81774597], [145.19639895, -37.81772077], [145.19618283, -37.81771314], [145.19599309, -37.81770933], [145.19586368, -37.81770996], [145.19563485, -37.81771592], [145.19538645, -37.81773257], [145.19519815, -37.81774897], [145.19500345, -37.81777167], [145.19465868, -37.81781739], [145.19418955, -37.81788509], [145.19323247, -37.81803767], [145.19190145, -37.8182484], [145.19166307, -37.81828259], [145.19106192, -37.81838312], [145.1903575, -37.81847441], [145.19019353, -37.81848982], [145.18991197, -37.81851009], [145.18970606, -37.81852207], [145.18881925, -37.81856431], [145.18852565, -37.81858917], [145.1882649, -37.81861796], [145.18809038, -37.8186424], [145.18563524, -37.81901429], [145.1853558, -37.81906414], [145.18396022, -37.81927902], [145.18295214, -37.81941541], [145.18230643, -37.81949772], [145.18171237, -37.81958183], [145.1800771, -37.81983666], [145.17935035, -37.81995258], [145.17864507, -37.82005009], [145.17838085, -37.82007656], [145.17647373, -37.82029316], [145.17608887, -37.82034226], [145.17536475, -37.82044324], [145.17487722, -37.82053716], [145.17480778, -37.82055167], [145.1740967, -37.82068142], [145.17310119, -37.82086866], [145.17141921, -37.82117726], [145.17092699, -37.8212536], [145.17015193, -37.82136476], [145.16795625, -37.82170308], [145.16765812, -37.82174512], [145.16734759, -37.82178337], [145.16706186, -37.82181118], [145.16667171, -37.821839], [145.16636867, -37.82184996], [145.16588601, -37.8218519], [145.1653579, -37.82183124], [145.16500843, -37.82180399], [145.1646211, -37.82176379], [145.16240393, -37.82148751], [145.16081637, -37.82129474], [145.15781588, -37.82092358], [145.15720027, -37.82084447], [145.15283862, -37.82030723], [145.15235602, -37.82026587], [145.15204552, -37.8202527], [145.15167686, -37.82024367], [145.15094404, -37.82023667], [145.15006843, -37.82022481], [145.14977486, -37.82022083], [145.14910353, -37.82021704], [145.14826246, -37.82018219], [145.14722314, -37.82007941], [145.14447768, -37.81978186], [145.14420586, -37.81976208], [145.14392757, -37.81975571], [145.14375455, -37.8197556], [145.14347378, -37.81977577], [145.14325296, -37.81980176], [145.14305575, -37.81983281], [145.14286095, -37.81987218], [145.14253277, -37.8199619], [145.14218869, -37.82007813], [145.14188425, -37.82020851], [145.14134465, -37.8204882], [145.14085858, -37.82073043], [145.14022595, -37.82104523], [145.13982877, -37.8212355], [145.13950579, -37.82136171], [145.1391723, -37.82146323], [145.13900289, -37.8215048], [145.13883891, -37.82153826], [145.13871634, -37.82156011], [145.13856887, -37.82158301], [145.13835889, -37.82160673], [145.13820535, -37.821618], [145.13796902, -37.82162355], [145.1378157, -37.82162139], [145.13763589, -37.82161557], [145.13745272, -37.8216033], [145.13700041, -37.82154577], [145.13203136, -37.82081251], [145.13145259, -37.8207242], [145.13076168, -37.82061446], [145.13015293, -37.82051251], [145.12955199, -37.82041618], [145.12835209, -37.82024932], [145.12766093, -37.82016281], [145.12603456, -37.81994652], [145.12553567, -37.81987648], [145.12482949, -37.8197689], [145.12369968, -37.81960284], [145.12183413, -37.81934392], [145.12069901, -37.81918649], [145.1178993, -37.81873118], [145.11644421, -37.81848271], [145.11616946, -37.81844019], [145.11595326, -37.8184097], [145.11571947, -37.81838253], [145.11535204, -37.81834799], [145.11516461, -37.81833426], [145.11489115, -37.81831709], [145.11461598, -37.8183043], [145.11381709, -37.81826997], [145.11353536, -37.81826077], [145.11332133, -37.81825626], [145.11312676, -37.81825503], [145.11269714, -37.81825842], [145.11099888, -37.81830302], [145.10904651, -37.8183691], [145.10858883, -37.81840807], [145.10829604, -37.81844473], [145.10810121, -37.81847594], [145.10799004, -37.81849641], [145.10782145, -37.818532], [145.10760751, -37.81858624], [145.10746036, -37.81862758], [145.10726555, -37.81868916], [145.10706381, -37.81875954], [145.10682325, -37.81885526], [145.10666222, -37.81892828], [145.10649467, -37.81900786], [145.10636076, -37.8190778], [145.10603287, -37.81926989], [145.10548357, -37.81963496], [145.1050245, -37.81995471], [145.10434796, -37.82041694], [145.10362421, -37.82091717], [145.1032265, -37.82119986], [145.10295058, -37.8214072], [145.10252685, -37.82171678], [145.10158886, -37.82236116], [145.10020691, -37.82331396], [145.09958113, -37.82368642], [145.09929876, -37.82383858], [145.09894073, -37.82401276], [145.09864338, -37.82414206], [145.09833687, -37.82427013], [145.09790728, -37.82442576], [145.09757105, -37.82453388], [145.09718091, -37.82464879], [145.09685452, -37.82473642], [145.09639862, -37.82483666], [145.09616048, -37.8248812], [145.0959466, -37.82491451], [145.09576977, -37.82493842], [145.095486, -37.8249724], [145.09490956, -37.82501516], [145.09448845, -37.82503529], [145.09405132, -37.82503741], [145.09351084, -37.82502046], [145.09295031, -37.82497074], [145.09256128, -37.8249228], [145.09053803, -37.82459306], [145.08995221, -37.82449317], [145.08951451, -37.82442957], [145.08872135, -37.8243072], [145.08827037, -37.82423004], [145.08725254, -37.82400046], [145.08696942, -37.82394341], [145.08668279, -37.82388982], [145.08584666, -37.82374727], [145.08556618, -37.82370666], [145.08527776, -37.82367458], [145.08504003, -37.82365909], [145.08492243, -37.82365501], [145.08460649, -37.82365438], [145.0844777, -37.82365724], [145.08422704, -37.82367155], [145.08398945, -37.82369462], [145.08383294, -37.82371479], [145.08370699, -37.823735], [145.08346464, -37.82377954], [145.08316884, -37.82384808], [145.08301565, -37.82388938], [145.08278205, -37.82396029], [145.08264245, -37.82400731], [145.08249472, -37.82406132], [145.08223429, -37.82416801], [145.08155776, -37.82446502], [145.08135638, -37.8245551], [145.08001453, -37.82513703], [145.07970009, -37.82527996], [145.07948982, -37.82537107], [145.07938207, -37.82541644], [145.07913278, -37.82551367], [145.07897833, -37.8255682], [145.07880895, -37.82562428], [145.07866056, -37.82566854], [145.07832222, -37.8257517], [145.0781561, -37.82578728], [145.07789577, -37.8258326], [145.07763477, -37.82586421], [145.07753021, -37.8258744], [145.07737815, -37.82588507], [145.07709764, -37.8258977], [145.0769355, -37.8258983], [145.07676503, -37.82589578], [145.0766243, -37.82588997], [145.07636687, -37.82587171], [145.07595505, -37.82582659], [145.0752498, -37.8257673], [145.07291741, -37.8256274], [145.07122075, -37.8255296], [145.07068586, -37.82551633], [145.07015891, -37.82553851], [145.06998632, -37.825552], [145.06966267, -37.82558959], [145.06937989, -37.82562866], [145.06909758, -37.82568017], [145.06896905, -37.8257078], [145.06826289, -37.82587493], [145.06800164, -37.82592949], [145.06774238, -37.82597263], [145.06748227, -37.82600928], [145.06710412, -37.82605011], [145.06692039, -37.82607242], [145.06672608, -37.82610384], [145.06650335, -37.82614929], [145.06591072, -37.82629339], [145.06568546, -37.82634421], [145.06552794, -37.8263765], [145.06527446, -37.82642019], [145.06514461, -37.82643707], [145.06501087, -37.82645074], [145.06484728, -37.82646301], [145.06207905, -37.82655419], [145.0617921, -37.82653937], [145.06158161, -37.82653383], [145.06075344, -37.82656066], [145.06040676, -37.82656666], [145.05870282, -37.82657282], [145.05824781, -37.82657659], [145.05773522, -37.82657931], [145.05750224, -37.82657745], [145.05735705, -37.82657271], [145.05717271, -37.82656201], [145.05689784, -37.8265417], [145.0567562, -37.82652728], [145.05664006, -37.82651086], [145.05648657, -37.8264848], [145.0563644, -37.82646017], [145.05626976, -37.82643833], [145.05611045, -37.82639569], [145.05597587, -37.82635066], [145.05572804, -37.82626077], [145.05549755, -37.82616432], [145.05536905, -37.82610398], [145.05520246, -37.8260185], [145.05511156, -37.82596708], [145.05497323, -37.82588269], [145.05489011, -37.82582887], [145.0547559, -37.825735], [145.05468114, -37.82567898], [145.05454825, -37.82557369], [145.05448877, -37.82552386], [145.05435614, -37.82540442], [145.05422771, -37.82528082], [145.05410286, -37.82515088], [145.05380359, -37.82482682], [145.05372181, -37.82473508], [145.05360234, -37.8246164], [145.05351583, -37.82453621], [145.05339029, -37.82442833], [145.05330486, -37.8243587], [145.05319659, -37.82427652], [145.05310503, -37.82421121], [145.05291127, -37.82408382], [145.05280343, -37.82401967], [145.05271277, -37.82396789], [145.05255465, -37.82388471], [145.05243473, -37.82382631], [145.05231033, -37.82376991], [145.05221483, -37.82372958], [145.05212443, -37.82369339], [145.05190261, -37.82361339], [145.05172063, -37.82355631], [145.0515247, -37.82350269], [145.05142085, -37.82347709], [145.05122183, -37.82343306], [145.05085347, -37.82336514], [145.04907995, -37.82306568], [145.04737385, -37.82276497], [145.04693336, -37.82269702], [145.04631803, -37.82261579], [145.04590467, -37.82256622], [145.04517352, -37.82247847], [145.0446645, -37.82242046], [145.04434488, -37.82238739], [145.04404294, -37.82236021], [145.04372909, -37.82233679], [145.04300988, -37.82229212], [145.04257485, -37.82225876], [145.04233145, -37.82223912], [145.04199895, -37.8222034], [145.04004585, -37.82196517], [145.03908889, -37.82183361], [145.03860824, -37.82177694], [145.03841202, -37.82175637], [145.03814846, -37.82173873], [145.03756848, -37.82170924], [145.03726557, -37.82169752], [145.03693075, -37.8216768], [145.03661395, -37.82164511], [145.03645373, -37.82162487], [145.03596956, -37.82155957], [145.03569965, -37.82153317], [145.03502105, -37.8214484], [145.03475324, -37.82141987], [145.03446887, -37.82139457], [145.0342354, -37.82137797], [145.03378264, -37.8213577], [145.03308139, -37.82133896], [145.03276205, -37.8213256], [145.03246174, -37.82131049], [145.03201347, -37.82127119], [145.03151862, -37.82121479], [145.03007988, -37.82103636], [145.02955237, -37.82096499], [145.02879784, -37.82084377], [145.028463, -37.82079427], [145.02778045, -37.82070913], [145.02749826, -37.82067917], [145.02717227, -37.82065127], [145.02701136, -37.82064433], [145.02684957, -37.82064063], [145.02669062, -37.8206413], [145.02637493, -37.82065764], [145.02619805, -37.8206745], [145.02599439, -37.82069866], [145.02580115, -37.82072841], [145.02556864, -37.82076966], [145.02535168, -37.82081549], [145.02514559, -37.82086701], [145.02492439, -37.82093548], [145.0247278, -37.82100554], [145.02458152, -37.82106347], [145.02425196, -37.82121231], [145.02391048, -37.82139871], [145.02372714, -37.82150873], [145.0235895, -37.82160051], [145.02336055, -37.82175942], [145.0228138, -37.82216208], [145.02264161, -37.82228418], [145.02180396, -37.82292734], [145.0212564, -37.82331727], [145.02071, -37.82369767], [145.02029326, -37.82399166], [145.01976122, -37.82434427], [145.0192033, -37.82468319], [145.01864538, -37.82498831], [145.01763255, -37.8255646], [145.01656135, -37.82618208], [145.01613205, -37.82643907], [145.01573832, -37.82668314], [145.01553505, -37.82680633], [145.01526989, -37.82695002], [145.01507885, -37.82704097], [145.01476905, -37.8271757], [145.01461207, -37.82723767], [145.01428833, -37.82735423], [145.01411875, -37.82741157], [145.01381814, -37.82750833], [145.01351967, -37.82759747], [145.01334035, -37.82764527], [145.01304405, -37.82771696], [145.01279521, -37.82776836], [145.01266862, -37.82779056], [145.01250155, -37.82781784], [145.01227085, -37.82784981], [145.01202779, -37.82787644], [145.01179575, -37.82789442], [145.01157885, -37.82790734], [145.01135516, -37.82791509], [145.01104085, -37.82791708], [145.01073405, -37.82790983], [145.01050689, -37.8278986], [145.00976126, -37.82782544], [145.00928652, -37.82776821], [145.00769617, -37.82759324], [145.00706666, -37.82752419], [145.00621995, -37.82743731], [145.00554986, -37.82737748], [145.00469004, -37.82730487], [145.00415066, -37.82725202], [145.00373992, -37.82720631], [145.00315226, -37.82713633], [145.00286511, -37.82710839], [145.00246724, -37.82706568], [144.99932033, -37.82671684], [144.99824925, -37.82659608], [144.99791636, -37.8265623], [144.99678878, -37.82643498], [144.99500446, -37.82624231], [144.99461846, -37.8261941], [144.99444504, -37.82616627], [144.99432164, -37.82614173], [144.9941788, -37.82610893], [144.99404277, -37.82607264], [144.99391839, -37.82603393], [144.99373678, -37.82596892], [144.99355795, -37.82589351], [144.9934355, -37.82583393], [144.99338171, -37.82580634], [144.99324139, -37.82572699], [144.99311547, -37.82564869], [144.99301015, -37.82557723], [144.99285505, -37.82546483], [144.99248725, -37.82518099], [144.99200696, -37.82480593], [144.99185836, -37.82468408], [144.99157732, -37.82448589], [144.9912251, -37.82428172], [144.99100201, -37.8241713], [144.99077659, -37.82407968], [144.99063284, -37.82402649], [144.9901828, -37.82388913], [144.98969571, -37.82375708], [144.98815786, -37.82333952], [144.98787912, -37.82327051], [144.98702771, -37.82307914], [144.98682686, -37.82302858], [144.98660767, -37.82296742], [144.98650661, -37.82293632], [144.98632589, -37.82287636], [144.98613559, -37.82280561], [144.9859528, -37.8227303], [144.98522051, -37.82241993], [144.98475245, -37.82221546], [144.98442053, -37.82206757], [144.98416111, -37.8219485], [144.98367217, -37.82171394], [144.98344719, -37.8215987], [144.98302856, -37.8213729], [144.98275558, -37.82122223], [144.98253264, -37.82109459], [144.98215411, -37.8208647], [144.98196874, -37.82074681], [144.98172255, -37.82058028], [144.98126799, -37.8202852], [144.98079623, -37.8199963], [144.98042921, -37.8197867], [144.98006215, -37.81956601], [144.97962014, -37.81934449], [144.97941762, -37.819239], [144.97922515, -37.81913612], [144.97889954, -37.81895372], [144.97785218, -37.81833979], [144.97773326, -37.81827241], [144.97744209, -37.81809808], [144.97728705, -37.81800142], [144.97713075, -37.81789672], [144.97651135, -37.81747019], [144.97634406, -37.81736034], [144.97623147, -37.8172901], [144.97608949, -37.81720637], [144.97596727, -37.81713929], [144.97580326, -37.81705501], [144.97552452, -37.8169291], [144.97538935, -37.81687469], [144.97524863, -37.8168236], [144.97511975, -37.81678011], [144.97487488, -37.81670759], [144.97470535, -37.81666358], [144.97456231, -37.81663102], [144.97433979, -37.81658862], [144.97421903, -37.81656816], [144.97405731, -37.81654582], [144.97390488, -37.81652851], [144.97369975, -37.81651074], [144.97357791, -37.8165045], [144.97338663, -37.81649968], [144.97308809, -37.81650391], [144.97296034, -37.81651063], [144.97278357, -37.81652354], [144.97261715, -37.81653996], [144.97247705, -37.81655782], [144.97221765, -37.81660121], [144.97208196, -37.81662834], [144.97194215, -37.81666018], [144.97176464, -37.81670452], [144.97156912, -37.81675892], [144.97102584, -37.81691439], [144.97068825, -37.81701689], [144.97030054, -37.81712889], [144.96814105, -37.81776573], [144.96748553, -37.81795366], [144.96690013, -37.81811586], [144.96653518, -37.81822166]]}}, {"type": "Feature", "properties": {"route_short_name": "Replacement Bus", "route_long_name": "Williamstown - City", "route_type": "train", "color": "#4d7cff"}, "geometry": {"type": "LineString", "coordinates": [[144.90549719, -37.86752955], [144.90568907, -37.86759406], [144.90571613, -37.86760184], [144.90575734, -37.86760798], [144.90579214, -37.86760716], [144.90585258, -37.86759247], [144.90587695, -37.86758308], [144.90592411, -37.86755932], [144.90598181, -37.86752493], [144.90600973, -37.86750253], [144.90607001, -37.86744494], [144.90610132, -37.86740729], [144.9061466, -37.86734159], [144.90626803, -37.8671318], [144.90573869, -37.8669535], [144.90399841, -37.86637723], [144.90386211, -37.86633317], [144.90370046, -37.86628523], [144.90263335, -37.86592242], [144.90159594, -37.86557906], [144.90131355, -37.86548797], [144.90097359, -37.8661275], [144.90095467, -37.86614933], [144.90093657, -37.8661582], [144.90091725, -37.866162], [144.90088197, -37.86615542], [144.9002557, -37.86594086], [144.89963256, -37.86573608], [144.89905114, -37.86553943], [144.89914938, -37.86536239], [144.89896195, -37.86530579], [144.89706015, -37.86466868], [144.89630188, -37.8644238], [144.8956072, -37.86416122], [144.89507765, -37.86390816], [144.89501714, -37.86388167], [144.89495067, -37.86384479], [144.89427946, -37.86347304], [144.89409044, -37.86336098], [144.89340889, -37.86289748], [144.89294469, -37.86253772], [144.89258498, -37.8622166], [144.89234856, -37.86198509], [144.89203048, -37.86161947], [144.89134382, -37.86078604], [144.89123438, -37.86061799], [144.89094696, -37.86014226], [144.89064085, -37.85959643], [144.89039515, -37.85914073], [144.89016375, -37.85866573], [144.89003305, -37.85843034], [144.8899263, -37.85821972], [144.8898856, -37.85820007], [144.88982818, -37.85810937], [144.88982266, -37.85809576], [144.88981865, -37.85807288], [144.88982045, -37.85802164], [144.88979726, -37.85799798], [144.88978665, -37.85797949], [144.88978073, -37.85795974], [144.88977949, -37.85793944], [144.88978325, -37.85791932], [144.88979164, -37.8579001], [144.88980442, -37.85788249], [144.88983104, -37.8578616], [144.88987875, -37.85783849], [144.88991475, -37.8578358], [144.8899417, -37.85783908], [144.88997503, -37.85782237], [144.889997, -37.85780537], [144.8900169, -37.85778086], [144.89003663, -37.85773868], [144.89005133, -37.85771362], [144.89007445, -37.85768411], [144.89011296, -37.85765299], [144.89050596, -37.85744682], [144.89127301, -37.85700566], [144.89132352, -37.85705577], [144.89070598, -37.85741571], [144.89055732, -37.85749524], [144.89040866, -37.85757476], [144.89025751, -37.85766171], [144.89017721, -37.85771542], [144.89014389, -37.85774412], [144.89007445, -37.85768411], [144.89011296, -37.85765299], [144.89013479, -37.8576405], [144.89050596, -37.85744682], [144.89127301, -37.85700566], [144.89220297, -37.85648298], [144.89227673, -37.85643527], [144.8923669, -37.85636606], [144.89240277, -37.85634372], [144.89240594, -37.85633206], [144.89237593, -37.85625231], [144.89233725, -37.85617403], [144.89230585, -37.856123], [144.89226215, -37.85606121], [144.89183178, -37.85541323], [144.89173106, -37.85525444], [144.89166809, -37.8551468], [144.89157824, -37.85498136], [144.89147057, -37.85480316], [144.89122145, -37.85441589], [144.89062091, -37.85355434], [144.89022393, -37.85297193], [144.89004027, -37.85269666], [144.88983405, -37.8524474], [144.88977346, -37.85236422], [144.88960468, -37.85210941], [144.8895829, -37.85207198], [144.88954398, -37.85200207], [144.88940739, -37.85173432], [144.88909312, -37.8512891], [144.88840346, -37.85025842], [144.88813505, -37.84988719], [144.88781858, -37.84949546], [144.88774658, -37.84939414], [144.88749982, -37.84900104], [144.88745437, -37.84893308], [144.88674421, -37.84790157], [144.88656573, -37.84762901], [144.8849843, -37.84530058], [144.8849335, -37.84520522], [144.88484938, -37.84506304], [144.88482548, -37.84503233], [144.88480065, -37.84501062], [144.884778, -37.84499588], [144.88467661, -37.84494107], [144.884633, -37.84492019], [144.88460576, -37.84489916], [144.88458431, -37.84487426], [144.8844919, -37.84468408], [144.88443541, -37.84458907], [144.88438187, -37.84451403], [144.88434004, -37.84446282], [144.88430266, -37.8444188], [144.88422521, -37.84434144], [144.88413735, -37.84426254], [144.88402741, -37.84416891], [144.88386146, -37.84404698], [144.88352782, -37.84379217], [144.88348536, -37.84375527], [144.88339929, -37.84366532], [144.88336203, -37.84362121], [144.88333061, -37.84357541], [144.88328959, -37.84350772], [144.8832369, -37.84339124], [144.88321725, -37.84333123], [144.88319987, -37.84326351], [144.88318821, -37.84319824], [144.88309684, -37.84251874], [144.88255314, -37.84246147], [144.88230012, -37.84243214], [144.88223938, -37.84242212], [144.88218481, -37.84241898], [144.88212827, -37.84242508], [144.88202314, -37.8424495], [144.88199282, -37.84247671], [144.88195996, -37.84249324], [144.88194185, -37.84249868], [144.88189862, -37.84250412], [144.88187412, -37.84250269], [144.88185027, -37.84249812], [144.88182776, -37.84249059], [144.88180715, -37.84248022], [144.88178013, -37.84245928], [144.88176672, -37.84244354], [144.88175676, -37.84242623], [144.88175047, -37.84240792], [144.88174805, -37.84238913], [144.88174927, -37.84237014], [144.88175446, -37.84235158], [144.88176338, -37.84233399], [144.88177577, -37.84231772], [144.88179119, -37.84230322], [144.8818095, -37.84229093], [144.88183322, -37.84227982], [144.88185455, -37.84227327], [144.88189957, -37.8422684], [144.88192225, -37.84227007], [144.88196545, -37.84228148], [144.88200234, -37.8423026], [144.88201994, -37.84231914], [144.88210975, -37.84233364], [144.88266054, -37.84239347], [144.88298624, -37.84242474], [144.88308514, -37.84243914], [144.88307739, -37.84236844], [144.8828746, -37.84096024], [144.88281034, -37.84047723], [144.88263459, -37.83903771], [144.88246103, -37.83780748], [144.88241757, -37.83734071], [144.88241309, -37.83706821], [144.88244307, -37.83619462], [144.88243489, -37.8359918], [144.88242274, -37.83578891], [144.88240012, -37.83555501], [144.88236917, -37.83534602], [144.88232746, -37.83512764], [144.88227627, -37.83491521], [144.88210932, -37.83438791], [144.88202397, -37.83407088], [144.88198645, -37.83396838], [144.88188781, -37.83354774], [144.88173029, -37.83275071], [144.88166176, -37.83229457], [144.88160298, -37.83177958], [144.88159211, -37.8315559], [144.88163561, -37.83133797], [144.88161359, -37.83115842], [144.88159045, -37.83100616], [144.88157779, -37.83087671], [144.88134934, -37.8292469], [144.88146305, -37.82926372], [144.88332528, -37.8294643], [144.88594655, -37.82975399], [144.88632865, -37.82978996], [144.8868386, -37.82984831], [144.8892931, -37.83013052], [144.89280985, -37.83052389], [144.89300482, -37.82940164], [144.89315837, -37.82855324], [144.89449129, -37.82870163], [144.89461145, -37.82871117], [144.89468156, -37.82869863], [144.89490208, -37.8286112], [144.89494397, -37.8285923], [144.89497722, -37.82857388], [144.89499995, -37.82855762], [144.89502258, -37.82853676], [144.89503821, -37.82851856], [144.89507034, -37.82846353], [144.89508423, -37.82843449], [144.89509851, -37.82839564], [144.89510237, -37.82837561], [144.89510406, -37.82833626], [144.89493962, -37.82817778], [144.89487414, -37.82809929], [144.89481793, -37.82802232], [144.89477914, -37.82795584], [144.89474596, -37.82788018], [144.8947167, -37.82779413], [144.89470196, -37.82772133], [144.89469655, -37.82765184], [144.89469942, -37.82758692], [144.89470759, -37.82752714], [144.8947396, -37.82739217], [144.89475656, -37.82733543], [144.894783, -37.82727661], [144.89483777, -37.82713232], [144.89486205, -37.82705742], [144.89499839, -37.8266054], [144.89503699, -37.82644649], [144.89507535, -37.82624811], [144.89568085, -37.82280648], [144.89578076, -37.822249], [144.89573397, -37.82201639], [144.89570982, -37.82195071], [144.89567499, -37.82188917], [144.89563266, -37.82183552], [144.89555598, -37.8217634], [144.8942152, -37.82160786], [144.89354895, -37.82153466], [144.89326721, -37.82150646], [144.89139706, -37.82129464], [144.88952195, -37.82108577], [144.88787146, -37.82089667], [144.88741239, -37.82084076], [144.88660572, -37.82075617], [144.88696295, -37.81879823], [144.8870315, -37.81830643], [144.88705104, -37.81820287], [144.8871495, -37.81774964], [144.88720248, -37.81754513], [144.88733997, -37.81677476], [144.88739193, -37.81644667], [144.88738003, -37.8164096], [144.88737461, -37.81637274], [144.88737401, -37.81632596], [144.88736201, -37.81631646], [144.88735325, -37.81630513], [144.88734805, -37.81629242], [144.8873471, -37.8162778], [144.88735091, -37.81626354], [144.88735936, -37.81625036], [144.88738095, -37.81623416], [144.88739449, -37.81622918], [144.88741446, -37.81622611], [144.88743475, -37.81622774], [144.88745365, -37.81623394], [144.8874695, -37.81624404], [144.88748278, -37.81626023], [144.88767232, -37.81631392], [144.88919479, -37.81648369], [144.88934788, -37.81618176], [144.88943166, -37.81601636], [144.88879413, -37.81594564], [144.8875165, -37.81579484], [144.88787902, -37.8138487], [144.88797827, -37.81333159], [144.88908836, -37.81345261], [144.88922632, -37.81344256], [144.88924256, -37.81332696], [144.88926668, -37.81318618], [144.88932585, -37.81326636], [144.88936513, -37.81330717], [144.88937836, -37.81331714], [144.88940871, -37.81333246], [144.88948535, -37.81335735], [144.88953468, -37.81335653], [144.88971682, -37.81334249], [144.89021953, -37.81331626], [144.89041404, -37.81330686], [144.89047961, -37.81330596], [144.89057088, -37.81331201], [144.89111044, -37.81337196], [144.89131485, -37.81336986], [144.89132076, -37.81335383], [144.89133585, -37.81333437], [144.89142575, -37.81325307], [144.89156728, -37.81311331], [144.89171412, -37.81298689], [144.89178235, -37.81293224], [144.89218348, -37.81249974], [144.89230242, -37.8122837], [144.89231033, -37.81227312], [144.89232136, -37.81226448], [144.89233494, -37.81225851], [144.89234991, -37.81225544], [144.89236875, -37.81225596], [144.89255016, -37.81210772], [144.89329339, -37.81130826], [144.89379025, -37.81076798], [144.89402185, -37.81052015], [144.89410076, -37.81040568], [144.89414622, -37.81033286], [144.89421235, -37.81025997], [144.89453889, -37.80996094], [144.89475298, -37.80973362], [144.89485442, -37.80959368], [144.89488881, -37.80955041], [144.89490265, -37.80952696], [144.89490821, -37.80951129], [144.89493585, -37.80936994], [144.89494454, -37.80934387], [144.89498189, -37.80926857], [144.89502895, -37.80899131], [144.89517645, -37.80819722], [144.89589216, -37.80828058], [144.89593256, -37.80828202], [144.89597505, -37.80827773], [144.89601577, -37.80826774], [144.89605017, -37.80825204], [144.89607973, -37.80823121], [144.89618627, -37.80813516], [144.89643815, -37.8078566], [144.89674498, -37.80751117], [144.89677858, -37.80743571], [144.8967699, -37.80734949], [144.89674469, -37.80734111], [144.8967249, -37.80732607], [144.89671307, -37.80730657], [144.89671085, -37.807285], [144.89671848, -37.80726413], [144.89673499, -37.80724677], [144.89675837, -37.8072352], [144.89678541, -37.807231], [144.89684547, -37.80709996], [144.89693529, -37.80664043], [144.89700837, -37.80622216], [144.89709974, -37.80574022], [144.89707627, -37.80573448], [144.89705661, -37.80572296], [144.89704275, -37.80570712], [144.89703623, -37.80568853], [144.89703769, -37.80566918], [144.89704776, -37.80565062], [144.89706544, -37.80563579], [144.89708831, -37.80562656], [144.89711382, -37.80562422], [144.89717047, -37.80534073], [144.897196, -37.80513338], [144.89734876, -37.80437697], [144.89740936, -37.80406237], [144.89742385, -37.80397602], [144.89803583, -37.80404706], [144.89863905, -37.80413487], [144.89878478, -37.80415063], [144.899124, -37.80228838], [144.89919714, -37.80227662], [144.89927803, -37.80225553], [144.89944715, -37.80219114], [144.89954875, -37.80215682], [144.89972086, -37.80207923], [144.89990854, -37.80200526], [144.90050661, -37.80175315], [144.90079916, -37.80162526], [144.90089683, -37.80158537], [144.90137445, -37.80137913], [144.90211145, -37.80105748], [144.90242777, -37.80092839], [144.9029736, -37.80069551], [144.90301065, -37.80067842], [144.90312391, -37.80061339], [144.9032733, -37.80051954], [144.90330376, -37.80048673], [144.90331543, -37.80046766], [144.90332277, -37.80044904], [144.90333065, -37.80041521], [144.90335455, -37.80024892], [144.90337271, -37.80016084], [144.90373767, -37.80019906], [144.90592084, -37.80044138], [144.90646525, -37.80050784], [144.90790965, -37.8006694], [144.90861304, -37.80075669], [144.90947605, -37.80085871], [144.90981397, -37.80088931], [144.91167559, -37.80101714], [144.91195251, -37.80104431], [144.91224093, -37.8010825], [144.91242081, -37.80111164], [144.91279224, -37.80118239], [144.91328594, -37.80128378], [144.91370399, -37.80135688], [144.91403696, -37.80140631], [144.91437376, -37.80144868], [144.91494741, -37.80150164], [144.91496095, -37.80147683], [144.91498037, -37.80145248], [144.91499538, -37.80143968], [144.91505438, -37.80140143], [144.91521129, -37.80131428], [144.9194515, -37.79886437], [144.91973243, -37.79870829], [144.92003464, -37.79853393], [144.92040276, -37.79831406], [144.92057911, -37.79821363], [144.92040276, -37.79831406], [144.92003464, -37.79853393], [144.91973243, -37.79870829], [144.9194515, -37.79886437], [144.91521129, -37.80131428], [144.91505438, -37.80140143], [144.91499538, -37.80143968], [144.91498037, -37.80145248], [144.91496095, -37.80147683], [144.91494741, -37.80150164], [144.91600598, -37.80160068], [144.91644285, -37.80164716], [144.91698137, -37.80170958], [144.91700874, -37.80171746], [144.91709692, -37.80177678], [144.91786626, -37.80184581], [144.91830358, -37.80189247], [144.92072591, -37.80215551], [144.92095832, -37.8021826], [144.92112415, -37.80219859], [144.92390232, -37.80249876], [144.92481196, -37.80260807], [144.92837988, -37.8029927], [144.92857976, -37.80301369], [144.929173, -37.80306964], [144.92920219, -37.80296372], [144.92921951, -37.80293744], [144.9293957, -37.80282222], [144.92951276, -37.80275443], [144.92968495, -37.80268492], [144.92978835, -37.80260626], [144.93004342, -37.8023996], [144.93009864, -37.80235812], [144.93023045, -37.80227041], [144.93026928, -37.80221387], [144.93062537, -37.80197681], [144.93070818, -37.80195204], [144.93118226, -37.80169074], [144.93162864, -37.80142904], [144.93171912, -37.80137341], [144.93183638, -37.80131464], [144.9319672, -37.80125836], [144.93207776, -37.80122398], [144.93221734, -37.80119543], [144.93233065, -37.80118048], [144.93240574, -37.80118], [144.93244661, -37.80118477], [144.9325284, -37.80120036], [144.93259087, -37.80107394], [144.93269505, -37.80082821], [144.93273383, -37.80074499], [144.93279098, -37.80065867], [144.93282457, -37.80061502], [144.93284461, -37.80059266], [144.93286955, -37.80056994], [144.93291508, -37.80053352], [144.93296212, -37.80050028], [144.93310176, -37.80041667], [144.93321259, -37.80035634], [144.93325846, -37.80033651], [144.93330866, -37.80031991], [144.93341907, -37.80029481], [144.93408964, -37.79988194], [144.93466614, -37.7995433], [144.93470656, -37.79948652], [144.9349012, -37.79934871], [144.93493933, -37.79932532], [144.93503479, -37.799254], [144.93510677, -37.7992549], [144.93531453, -37.79926981], [144.93539346, -37.79930255], [144.93582546, -37.79933203], [144.93643006, -37.79940742], [144.93653347, -37.79942157], [144.93660625, -37.7994342], [144.9367965, -37.79947458], [144.93685159, -37.79947834], [144.93694427, -37.79949041], [144.93732548, -37.79954927], [144.9375407, -37.79957773], [144.93801656, -37.79965969], [144.93816357, -37.79967839], [144.94254691, -37.80016023], [144.94334285, -37.80024127], [144.94342306, -37.80021987], [144.94345069, -37.80021864], [144.94386181, -37.80026024], [144.94401395, -37.80027831], [144.94402304, -37.80038454], [144.9440215, -37.80044011], [144.94398542, -37.80063143], [144.94395893, -37.80070189], [144.94394861, -37.80074226], [144.94382594, -37.80140618], [144.94357156, -37.80280577], [144.94327762, -37.8044515], [144.94326186, -37.80454891], [144.94318676, -37.80495907], [144.94312448, -37.80528764], [144.9431215, -37.80529281], [144.94309055, -37.80557308], [144.94308368, -37.8056081], [144.94307439, -37.80563588], [144.94305378, -37.80567454], [144.94304591, -37.80569603], [144.94297085, -37.80610908], [144.9428973, -37.8065655], [144.94284334, -37.8068769], [144.94283475, -37.80691622], [144.94274952, -37.80690563], [144.94277002, -37.80678902]]}}, {"type": "Feature", "properties": {"route_short_name": "Flemington Racecourse", "route_long_name": "Flemington Racecourse - City", "route_type": "train", "color": "#4d7cff"}, "geometry": {"type": "LineString", "coordinates": [[144.96663863, -37.81841774], [144.96615592, -37.81854269], [144.96514948, -37.81881314], [144.96488028, -37.81887806], [144.96434392, -37.81899107], [144.96398352, -37.81907189], [144.96330732, -37.8192344], [144.96304402, -37.81929527], [144.96278988, -37.81934954], [144.9624108, -37.81943571], [144.96224691, -37.81946739], [144.96207731, -37.81949194], [144.96184544, -37.81951271], [144.96152024, -37.81953168], [144.96134892, -37.8195443], [144.96120609, -37.81955787], [144.96108411, -37.81957324], [144.96092623, -37.81959709], [144.96076937, -37.81962493], [144.96054826, -37.81967174], [144.96039395, -37.81971034], [144.95942274, -37.81999144], [144.95926727, -37.82003894], [144.95913764, -37.82008058], [144.95891334, -37.82016069], [144.95871444, -37.82024231], [144.95861691, -37.82028568], [144.95846789, -37.82035879], [144.95840614, -37.82039016], [144.95823541, -37.82048426], [144.95753403, -37.8209207], [144.95741312, -37.82098763], [144.95726889, -37.8210602], [144.95719955, -37.82109044], [144.95699354, -37.82117032], [144.95688659, -37.82120514], [144.9567026, -37.82125692], [144.95661709, -37.82127616], [144.95642246, -37.82131388], [144.95630515, -37.82132887], [144.95610923, -37.82134764], [144.95594684, -37.82135347], [144.95586787, -37.8213539], [144.95579109, -37.82135338], [144.95570985, -37.82134972], [144.95547134, -37.82133116], [144.95535444, -37.82131471], [144.95519581, -37.82128699], [144.95500361, -37.82124112], [144.95484855, -37.82119526], [144.95469666, -37.82114207], [144.95457914, -37.82109451], [144.95451055, -37.82106458], [144.95437881, -37.82100146], [144.95425212, -37.8209323], [144.9541807, -37.82088969], [144.95395235, -37.82073361], [144.95371472, -37.8205597], [144.95323193, -37.8202131], [144.95307765, -37.82006938], [144.95300143, -37.81999127], [144.95292904, -37.81990567], [144.95286708, -37.81982502], [144.95281801, -37.81975099], [144.95259342, -37.81936039], [144.95255027, -37.81928133], [144.9524982, -37.81920049], [144.95245426, -37.81913817], [144.95227773, -37.81891594], [144.95190548, -37.81843409], [144.95166445, -37.81812918], [144.95147757, -37.81788279], [144.95122529, -37.81756533], [144.95107145, -37.81738981], [144.95088088, -37.81714958], [144.95069232, -37.81689433], [144.9506048, -37.81679376], [144.95035438, -37.81654068], [144.95022483, -37.81639469], [144.94990686, -37.81599678], [144.94985155, -37.81593463], [144.94975908, -37.81581974], [144.94968876, -37.81573786], [144.94960816, -37.81565364], [144.94928632, -37.81533019], [144.94914572, -37.81517707], [144.94902902, -37.81503508], [144.94873506, -37.81466481], [144.94858018, -37.81446556], [144.94841495, -37.81425839], [144.94813725, -37.8139002], [144.94783608, -37.8135361], [144.94751657, -37.81318646], [144.94729115, -37.81295057], [144.94714068, -37.81279754], [144.94696034, -37.81263192], [144.94668955, -37.81236901], [144.9465072, -37.81220218], [144.94643671, -37.81213877], [144.94623505, -37.81196808], [144.94574928, -37.81160103], [144.9454764, -37.8113853], [144.94531575, -37.81124318], [144.94516073, -37.81109448], [144.94478303, -37.81072616], [144.94459241, -37.81053449], [144.94438365, -37.81029627], [144.94355203, -37.80922927], [144.94301666, -37.80855098], [144.94287104, -37.80836306], [144.94282724, -37.80830399], [144.94276724, -37.8082149], [144.94271395, -37.80813376], [144.9426272, -37.80799383], [144.94253569, -37.80786138], [144.94213799, -37.80735554], [144.94156558, -37.80662973], [144.94129845, -37.80631001], [144.94114555, -37.80611448], [144.94102617, -37.80596749], [144.94075634, -37.8056552], [144.94043056, -37.80530066], [144.9400237, -37.80494163], [144.93967766, -37.80458854], [144.93936243, -37.80425932], [144.93912091, -37.80403241], [144.93908003, -37.80399114], [144.93891906, -37.80380449], [144.93883039, -37.80372534], [144.93868058, -37.8035989], [144.93858095, -37.80352218], [144.93847607, -37.80344627], [144.93831898, -37.80334466], [144.93819908, -37.8032738], [144.93810722, -37.80322389], [144.93771169, -37.80302168], [144.93675624, -37.80254967], [144.93481207, -37.80158233], [144.93464379, -37.80149548], [144.9344188, -37.80137294], [144.93421284, -37.80124848], [144.93413354, -37.80119626], [144.93397915, -37.8010919], [144.93379036, -37.80095044], [144.93363374, -37.80081991], [144.93350321, -37.8007029], [144.93335424, -37.80055501], [144.93326834, -37.80046258], [144.93318375, -37.80036422], [144.93305767, -37.80020177], [144.93291607, -37.80000121], [144.93276088, -37.7997668], [144.93250291, -37.79936521], [144.93243046, -37.79924669], [144.93234342, -37.79908953], [144.93229498, -37.79898982], [144.93221672, -37.79880686], [144.93216743, -37.79867244], [144.93207912, -37.79841424], [144.93158416, -37.79693303], [144.93149346, -37.79665496], [144.93137369, -37.7963032], [144.93093136, -37.79498007], [144.93078975, -37.79467849], [144.9307327, -37.7945132], [144.93059525, -37.79408732], [144.93054245, -37.79390382], [144.93051307, -37.79379282], [144.93046642, -37.79361708], [144.93020307, -37.79251437], [144.92999961, -37.79168667], [144.92987138, -37.79110172], [144.92976555, -37.79067036], [144.9293574, -37.7889341], [144.92912715, -37.78797291], [144.92896801, -37.7872955], [144.92881018, -37.7866363], [144.92872715, -37.78640531], [144.92864921, -37.78621587], [144.92859764, -37.78610268], [144.92855541, -37.78601686], [144.92850159, -37.78591507], [144.92843451, -37.78580422], [144.92832375, -37.78564349], [144.92828288, -37.78559023], [144.92822318, -37.78551609], [144.92813836, -37.78541827], [144.92803822, -37.78530827], [144.92788736, -37.78515602], [144.92766885, -37.78495428], [144.92746203, -37.7847933], [144.92736116, -37.78472168], [144.92729483, -37.78467771], [144.92705704, -37.78453591], [144.92696519, -37.78448689], [144.92680032, -37.78440559], [144.92661448, -37.78432302], [144.92615835, -37.78413241], [144.92599185, -37.78406883], [144.92589808, -37.78403554], [144.92572983, -37.78398166], [144.92563733, -37.78395597], [144.92543321, -37.78390561], [144.92531581, -37.7838811], [144.92512131, -37.78384839], [144.92490835, -37.78382219], [144.92470725, -37.78380621], [144.92440582, -37.78379252], [144.92240324, -37.78373396], [144.92215076, -37.78372816], [144.92140196, -37.78371846], [144.92060134, -37.78369414], [144.91743934, -37.78362719], [144.91327697, -37.78350882], [144.91297043, -37.78350753], [144.91286405, -37.78351133], [144.91274973, -37.78351867], [144.91257569, -37.78353361], [144.91244437, -37.78354814], [144.91220663, -37.7835833], [144.91211545, -37.78359944], [144.91190606, -37.7836443], [144.91167491, -37.78370373], [144.91155767, -37.78373797], [144.91142699, -37.7837818], [144.91120817, -37.78386308], [144.91100017, -37.78395104], [144.91091283, -37.7839922], [144.9108199, -37.7840385], [144.91062078, -37.78414563], [144.91052598, -37.78420171], [144.91036804, -37.78430236], [144.91021806, -37.78441046], [144.91014356, -37.78446744], [144.90997629, -37.78460893], [144.9098593, -37.78471923], [144.90975312, -37.78483216], [144.90968835, -37.7849104], [144.90948317, -37.78520072], [144.90945019, -37.78524276], [144.90936273, -37.7853443], [144.90926352, -37.78547618], [144.90917722, -37.78560929], [144.90897268, -37.78593666], [144.90882869, -37.78614236], [144.90872169, -37.78627681], [144.90863502, -37.78637854], [144.90851023, -37.78651132], [144.90839046, -37.78662292], [144.90829216, -37.78670643], [144.90816711, -37.78680406], [144.90812173, -37.7868429], [144.90803085, -37.78692474], [144.90789913, -37.78704964], [144.9078057, -37.78712927], [144.90709188, -37.78767378]]}}, {"type": "Feature", "properties": {"route_short_name": "Sunbury", "route_long_name": "Sunbury - City", "route_type": "train", "color": "#4d7cff"}, "geometry": {"type": "LineString", "coordinates": [[144.96670228, -37.81608984], [144.96362462, -37.8094122], [144.96309392, -37.80824717], [144.96272567, -37.80744164], [144.96259785, -37.80714141], [144.96248742, -37.80684454], [144.96244143, -37.8066499], [144.96242165, -37.80650186], [144.96240418, -37.80631943], [144.96239686, -37.80611879], [144.96240025, -37.80594582], [144.9624167, -37.80576056], [144.96244286, -37.80560231], [144.9624925, -37.80544492], [144.96264409, -37.80510357], [144.96283532, -37.80478263], [144.96314029, -37.80441004], [144.96331154, -37.80422502], [144.96348041, -37.80402346], [144.96360486, -37.80383457], [144.96371751, -37.80357481], [144.96378238, -37.80338786], [144.96382483, -37.80322368], [144.96384841, -37.80305962], [144.96385294, -37.80296913], [144.96384933, -37.80276153], [144.96384302, -37.80266463], [144.96382807, -37.80255551], [144.96380403, -37.80240937], [144.9637672, -37.80224941], [144.96373642, -37.80214182], [144.96370108, -37.80204316], [144.96364995, -37.8019198], [144.96357367, -37.80177376], [144.96347415, -37.80160919], [144.96337673, -37.80147602], [144.96326504, -37.80133693], [144.96313844, -37.80119533], [144.96302237, -37.80107518], [144.96287006, -37.80093503], [144.96272104, -37.80082368], [144.96250762, -37.80068769], [144.96225467, -37.80055228], [144.96194285, -37.80040982], [144.96170719, -37.80031886], [144.9614571, -37.80024424], [144.96119619, -37.8001752], [144.96092714, -37.80012972], [144.96054069, -37.80008698], [144.95920027, -37.79994778], [144.95810629, -37.79983419], [144.95800091, -37.79982137], [144.95563315, -37.79960717], [144.95545195, -37.79959673], [144.95524666, -37.79959073], [144.95506103, -37.79959273], [144.9545803, -37.79960854], [144.95434146, -37.79962079], [144.95402372, -37.7996524], [144.9536907, -37.79969464], [144.95274631, -37.79982747], [144.95049533, -37.80013454], [144.94654158, -37.80061241], [144.94134642, -37.80131483], [144.93972897, -37.80153689], [144.93890058, -37.80165036], [144.93780025, -37.8017815], [144.93716724, -37.80184467], [144.93673796, -37.80188014], [144.9363828, -37.80189266], [144.93606735, -37.80189064], [144.93576695, -37.80186997], [144.93550627, -37.80183827], [144.9349343, -37.80173641], [144.9341991, -37.80157861], [144.93265323, -37.80119173], [144.9319221, -37.80097784], [144.93110745, -37.80071292], [144.93047957, -37.80047857], [144.92984211, -37.80024568], [144.92950316, -37.8001296], [144.92924526, -37.80005946], [144.92907947, -37.80002599], [144.92585546, -37.79947532], [144.9250212, -37.79933996], [144.92182861, -37.79888579], [144.92161286, -37.79886036], [144.92147123, -37.79884848], [144.92075891, -37.79880428], [144.92061452, -37.79879344], [144.92030132, -37.7987643], [144.92009908, -37.79873883], [144.91992757, -37.79871138], [144.91948636, -37.79864627], [144.91905805, -37.79857877], [144.91869055, -37.79851767], [144.91788179, -37.79837306], [144.9173683, -37.79828972], [144.91601835, -37.79808984], [144.91550477, -37.79801794], [144.91500144, -37.79795712], [144.91458344, -37.7979189], [144.91417813, -37.79789001], [144.91375642, -37.79787109], [144.91355807, -37.79786487], [144.91333265, -37.79786061], [144.91307534, -37.79785902], [144.91261421, -37.7978686], [144.9123777, -37.79787883], [144.91217387, -37.79788999], [144.91176509, -37.79792005], [144.91149695, -37.79794432], [144.91125557, -37.79796996], [144.91061114, -37.79805197], [144.91002886, -37.79814933], [144.90978668, -37.79819541], [144.90953374, -37.79824454], [144.9093322, -37.79828719], [144.90897115, -37.79836828], [144.90858485, -37.79846659], [144.90832645, -37.79853608], [144.90807134, -37.79860977], [144.90776729, -37.79870331], [144.90741511, -37.79881989], [144.90714964, -37.7989143], [144.90684206, -37.79902833], [144.90648825, -37.79917037], [144.9056537, -37.79952519], [144.90543747, -37.79962128], [144.90507108, -37.79979446], [144.9047637, -37.79995336], [144.9020613, -37.8014531], [144.90159062, -37.80171506], [144.9013912, -37.8018228], [144.90111718, -37.8019658], [144.90082067, -37.80210488], [144.90067001, -37.80216744], [144.90037117, -37.80227647], [144.90022203, -37.80232518], [144.89993277, -37.80240879], [144.89980976, -37.80244093], [144.89963204, -37.8024802], [144.89946236, -37.80251611], [144.89928953, -37.80254718], [144.89909196, -37.80257357], [144.89887559, -37.80259792], [144.89875759, -37.80260951], [144.89797365, -37.8026632], [144.89670009, -37.80274436], [144.89583448, -37.80278621], [144.89501275, -37.80283425], [144.89481896, -37.80284358], [144.89456949, -37.80284948], [144.89433549, -37.80284656], [144.89407685, -37.80283572], [144.89390432, -37.80282398], [144.89369108, -37.80280602], [144.89328495, -37.80276126], [144.89275757, -37.80270722], [144.89238769, -37.80267771], [144.89208466, -37.80266237], [144.89192119, -37.80265134], [144.89145746, -37.80261149], [144.8912595, -37.80259137], [144.89098529, -37.80255699], [144.89068895, -37.80251383], [144.89002851, -37.80241008], [144.88972929, -37.80236831], [144.88937182, -37.80232631], [144.88651205, -37.80201359], [144.88603345, -37.80197751], [144.88464566, -37.80191068], [144.8843351, -37.80189258], [144.88391306, -37.80185282], [144.88321806, -37.80177464], [144.88114177, -37.80153742], [144.88026288, -37.80141247], [144.87843963, -37.80114452], [144.8780253, -37.80108533], [144.87752937, -37.80102034], [144.87515829, -37.80075571], [144.87134465, -37.8003361], [144.86955078, -37.80012667], [144.86872987, -37.80001287], [144.8671698, -37.7997897], [144.86551298, -37.79958224], [144.86435255, -37.79945901], [144.86345833, -37.79935925], [144.86267155, -37.79927153], [144.86224315, -37.79922068], [144.86134955, -37.79912344], [144.85782271, -37.79873212], [144.85691771, -37.7986368], [144.8523142, -37.79821329], [144.85204335, -37.79818537], [144.85070479, -37.7980382], [144.84969386, -37.79791891], [144.84823302, -37.79774344], [144.84690048, -37.79756931], [144.84644714, -37.79750623], [144.84599358, -37.79743089], [144.84536304, -37.79730248], [144.84498884, -37.79721254], [144.84462552, -37.7971156], [144.84409059, -37.79696459], [144.84333433, -37.79672717], [144.84284613, -37.79655872], [144.84232838, -37.79636368], [144.84182874, -37.79616294], [144.84149555, -37.79601842], [144.84113914, -37.79585607], [144.84078805, -37.79568662], [144.84050955, -37.79554769], [144.84026651, -37.79541941], [144.83986087, -37.79519704], [144.8396639, -37.79507799], [144.83926596, -37.79482134], [144.83734685, -37.79345113], [144.83692509, -37.79313933], [144.83667787, -37.79294104], [144.83643015, -37.79272841], [144.83618819, -37.79250544], [144.8359707, -37.79229219], [144.83552102, -37.7918247], [144.83501938, -37.79124711], [144.83454195, -37.79063771], [144.83378556, -37.78963829], [144.83361392, -37.789403], [144.83339001, -37.78910312], [144.83282872, -37.78836438], [144.8326676, -37.78815802], [144.83241355, -37.78781334], [144.83208185, -37.78737116], [144.83146848, -37.78656216], [144.83130042, -37.78632927], [144.83095185, -37.78586633], [144.83032023, -37.78503752], [144.82899519, -37.78327801], [144.82825781, -37.78230918], [144.82808653, -37.7820783], [144.82779943, -37.78173147], [144.8273617, -37.78110411], [144.82677303, -37.7803197], [144.82628756, -37.77967947], [144.82558049, -37.7787631], [144.82544071, -37.77857776], [144.82514295, -37.77822748], [144.82491709, -37.77797693], [144.82457949, -37.77759158], [144.82449852, -37.7774915], [144.82442374, -37.77739342], [144.8242317, -37.77711646], [144.82418603, -37.77704758], [144.82369662, -37.77627589], [144.82360488, -37.7761446], [144.82340992, -37.77587813], [144.82303225, -37.77537326], [144.82240755, -37.77455049], [144.82192127, -37.77389789], [144.82179132, -37.77373021], [144.82069817, -37.77229093], [144.81888103, -37.76986544], [144.81730789, -37.76778219], [144.81592261, -37.76593752], [144.81521611, -37.7650065], [144.81397747, -37.76336269], [144.81371542, -37.76302178], [144.81344011, -37.76268387], [144.81304303, -37.76222583], [144.81259494, -37.76171538], [144.81243421, -37.7615264], [144.81223489, -37.76128371], [144.81209604, -37.76110739], [144.81184153, -37.76077283], [144.81166425, -37.76053731], [144.81152095, -37.76033874], [144.81120838, -37.75993308], [144.81106245, -37.75973924], [144.80839439, -37.75619907], [144.80807407, -37.75576876], [144.80790766, -37.75553496], [144.8077147, -37.75525039], [144.80704136, -37.75420684], [144.80693127, -37.75404141], [144.80673766, -37.75376403], [144.8066227, -37.75360599], [144.80631809, -37.75319786], [144.80382843, -37.74989197], [144.80361595, -37.74961262], [144.80329928, -37.74921426], [144.80307553, -37.7489437], [144.80255131, -37.74832618], [144.80233565, -37.74806632], [144.80216781, -37.7478588], [144.80198438, -37.74762577], [144.80162949, -37.74716207], [144.80091683, -37.74624049], [144.79980915, -37.7448432], [144.79949598, -37.74444318], [144.79928865, -37.74418987], [144.79903915, -37.74387413], [144.7985773, -37.74322991], [144.79844445, -37.74303305], [144.7982307, -37.74269454], [144.798146, -37.74255409], [144.79804599, -37.74237541], [144.79782693, -37.74195561], [144.79774521, -37.74178367], [144.79767421, -37.74162563], [144.79754784, -37.74132904], [144.79745872, -37.74109326], [144.79723335, -37.74046156], [144.79699763, -37.73977723], [144.79686769, -37.73939118], [144.79681181, -37.73921666], [144.79664525, -37.7386915], [144.79546994, -37.73492933], [144.79513035, -37.73384988], [144.7938055, -37.72960304], [144.79312215, -37.7274161], [144.79301513, -37.72708454], [144.79287555, -37.7266764], [144.79278436, -37.72642336], [144.7926328, -37.72602906], [144.79249481, -37.72568241], [144.7924557, -37.72557804], [144.79222495, -37.72506564], [144.79193534, -37.72446842], [144.79164031, -37.7238893], [144.79114813, -37.72303848], [144.79074436, -37.722401], [144.79044341, -37.72196442], [144.79028965, -37.72174814], [144.78977352, -37.72104736], [144.78828424, -37.71915329], [144.78659639, -37.71699603], [144.78557717, -37.71570282], [144.78367297, -37.71327371], [144.78336297, -37.71287326], [144.78269404, -37.71202494], [144.78078992, -37.70959939], [144.78043538, -37.70913781], [144.78000624, -37.70859561], [144.7794658, -37.70789847], [144.77864771, -37.70686302], [144.77847575, -37.70665783], [144.77807095, -37.70612563], [144.77768336, -37.70562476], [144.77718045, -37.70499032], [144.77679427, -37.70451488], [144.77617935, -37.70376937], [144.77595237, -37.7035006], [144.77581802, -37.7033318], [144.77545177, -37.70289999], [144.77518633, -37.7025711], [144.77445546, -37.70170633], [144.77408517, -37.70126173], [144.77390291, -37.70103048], [144.7731867, -37.70011254], [144.77002174, -37.69607704], [144.76978254, -37.6957635], [144.76943559, -37.69529527], [144.76896195, -37.69471046], [144.76867653, -37.69436902], [144.76789192, -37.69336514], [144.7677339, -37.69315857], [144.76763048, -37.69302991], [144.76718276, -37.69242864], [144.76690813, -37.69204558], [144.76675734, -37.69182509], [144.76653529, -37.69148538], [144.76639823, -37.69126461], [144.76626397, -37.69107913], [144.75892944, -37.68174129], [144.75863972, -37.68136126], [144.75750516, -37.67991566], [144.75713496, -37.6794338], [144.75642685, -37.6785316], [144.75566793, -37.67757003], [144.75504829, -37.67676538], [144.75426772, -37.67576338], [144.75382522, -37.67521777], [144.75296144, -37.67410747], [144.75219981, -37.67315223], [144.75156675, -37.67233272], [144.75078617, -37.6713306], [144.74993599, -37.67026479], [144.74910985, -37.66920331], [144.74812007, -37.66793792], [144.74657788, -37.66597609], [144.74576245, -37.66492723], [144.74505166, -37.66402491], [144.74430549, -37.66306378], [144.74377231, -37.6623878], [144.74343705, -37.66195567], [144.74313125, -37.6615725], [144.74284717, -37.66120227], [144.74246332, -37.66071668], [144.74227672, -37.6604742], [144.74187085, -37.6599561], [144.74164801, -37.65968266], [144.74153465, -37.65952558], [144.74079773, -37.65859119], [144.74051481, -37.65822449], [144.74004187, -37.65762021], [144.73981871, -37.6573427], [144.7389261, -37.65619507], [144.73836765, -37.65549948], [144.73765683, -37.6545927], [144.7371928, -37.65398749], [144.73562911, -37.65200204], [144.73481898, -37.6509678], [144.73319085, -37.64888024], [144.7323756, -37.64785238], [144.73169956, -37.64697309], [144.73087076, -37.64591134], [144.73020029, -37.64506603], [144.72706217, -37.64106489], [144.72301373, -37.63589476], [144.72272101, -37.63548358], [144.72244441, -37.63506028], [144.72215384, -37.63458994], [144.72192115, -37.63417244], [144.72168341, -37.63370177], [144.72145594, -37.63321372], [144.72126234, -37.6327037], [144.72109102, -37.63221394], [144.72095339, -37.6316896], [144.72018357, -37.62850452], [144.7198658, -37.62704209], [144.71908155, -37.62343498], [144.71835367, -37.620102], [144.71805546, -37.61870213], [144.71797555, -37.61823288], [144.71791386, -37.61773487], [144.71786547, -37.61724632], [144.71784185, -37.61678491], [144.71782931, -37.61636166], [144.71782017, -37.61588234], [144.71782505, -37.61553386], [144.71790074, -37.61176161], [144.71796691, -37.60867468], [144.7180047, -37.60662679], [144.71805172, -37.60500704], [144.71807778, -37.60344258], [144.71811188, -37.6016784], [144.71815925, -37.5998613], [144.71818123, -37.59840778], [144.71822054, -37.59670633], [144.71824008, -37.5959591], [144.71826024, -37.59564038], [144.71831116, -37.59511527], [144.71838799, -37.59451324], [144.71848779, -37.593986], [144.71860958, -37.59350632], [144.71869129, -37.59320043], [144.71876194, -37.5929564], [144.71887763, -37.5926098], [144.71898448, -37.59232241], [144.71929651, -37.59156137], [144.7195312, -37.59107414], [144.71974136, -37.59066709], [144.71982854, -37.59050827], [144.72009529, -37.59007609], [144.72023905, -37.58984808], [144.72041964, -37.58957104], [144.72062028, -37.58927546], [144.72123611, -37.58840673], [144.72188171, -37.58752344], [144.72270149, -37.58638991], [144.72455564, -37.58383834], [144.72473016, -37.58361803], [144.72491303, -37.58339906], [144.72502815, -37.58325169], [144.72527015, -37.58291652], [144.72577996, -37.58222416], [144.72633059, -37.58146607], [144.72640025, -37.58137604], [144.72720982, -37.58024625], [144.72733571, -37.58007213], [144.72742266, -37.57996089], [144.72796175, -37.57920897]]}}, {"type": "Feature", "properties": {"route_short_name": "Glen Waverley", "route_long_name": "Glen Waverley - City", "route_type": "train", "color": "#4d7cff"}, "geometry": {"type": "LineString", "coordinates": [[145.16288188, -37.87977324], [145.1620002, -37.87952886], [145.16171203, -37.87944433], [145.16144055, -37.87935619], [145.16099155, -37.87919633], [145.16088357, -37.87916292], [145.16073951, -37.87912228], [145.15891952, -37.87862557], [145.15756359, -37.87825982], [145.15654953, -37.87798151], [145.15606273, -37.87785232], [145.15470953, -37.87748298], [145.15412561, -37.8773272], [145.15194765, -37.87673689], [145.15170623, -37.87667506], [145.15133909, -37.87658954], [145.15090808, -37.87650311], [145.1505215, -37.87644026], [145.15036356, -37.87641849], [145.14993498, -37.87636642], [145.14962264, -37.87633132], [145.14335805, -37.87562391], [145.1426509, -37.87554669], [145.14136284, -37.87539893], [145.14086952, -37.87534518], [145.14053767, -37.87531308], [145.14036646, -37.8752992], [145.14009986, -37.87528048], [145.13981114, -37.87526492], [145.13960227, -37.87525639], [145.1392181, -37.87524761], [145.13864571, -37.87524577], [145.13657774, -37.8752564], [145.13631484, -37.87525359], [145.13483939, -37.87526572], [145.12754165, -37.87529764], [145.12637335, -37.87530229], [145.12321634, -37.87532129], [145.12279446, -37.87533367], [145.12239291, -37.87534249], [145.12201609, -37.8753309], [145.12074067, -37.87525151], [145.11816984, -37.87503019], [145.11695614, -37.87493814], [145.11614075, -37.87483119], [145.11545937, -37.87470313], [145.11475937, -37.87452952], [145.11389964, -37.87427117], [145.11328978, -37.87405853], [145.11195528, -37.87362286], [145.11166306, -37.87352661], [145.11114317, -37.87336137], [145.11086473, -37.87328228], [145.11061661, -37.87322189], [145.11052456, -37.87320283], [145.11022666, -37.87314632], [145.10999035, -37.87310882], [145.10985501, -37.87308863], [145.10962754, -37.87306136], [145.1093627, -37.87303701], [145.10906235, -37.87301876], [145.10879121, -37.87301404], [145.10856155, -37.8730145], [145.10819608, -37.87302656], [145.10771961, -37.87305783], [145.10667445, -37.87313438], [145.09862897, -37.87373293], [145.09208174, -37.87422311], [145.09192402, -37.87423749], [145.09159009, -37.87427804], [145.09134782, -37.87431782], [145.09115935, -37.87435216], [145.09093014, -37.8744008], [145.09038961, -37.87453072], [145.08675332, -37.87542882], [145.08641846, -37.87550943], [145.08243448, -37.8764924], [145.08188323, -37.87662643], [145.08141447, -37.87672738], [145.08111181, -37.87678463], [145.08086927, -37.87682528], [145.08064886, -37.87685909], [145.08045364, -37.87688537], [145.07981616, -37.87696014], [145.07787407, -37.8771084], [145.07736304, -37.87715097], [145.07663429, -37.87720719], [145.07622999, -37.87723348], [145.07602223, -37.87724396], [145.07505006, -37.87727772], [145.074522, -37.87730684], [145.07428252, -37.87732563], [145.07269843, -37.87747381], [145.07247558, -37.87749178], [145.07226021, -37.87750601], [145.07206405, -37.87751622], [145.07190387, -37.87752027], [145.07171371, -37.87751832], [145.071522, -37.87751023], [145.07134625, -37.87749662], [145.07116557, -37.87747546], [145.07093682, -37.87744071], [145.07066265, -37.87738593], [145.07043291, -37.87732809], [145.07022566, -37.87726675], [145.07008815, -37.87722078], [145.0698921, -37.87714836], [145.06934083, -37.87693376], [145.06893717, -37.87677907], [145.06850795, -37.87658431], [145.06828145, -37.87646344], [145.06803196, -37.87631326], [145.06763225, -37.87604662], [145.06715615, -37.87570572], [145.06705692, -37.87562668], [145.06683495, -37.87544127], [145.06668561, -37.8753003], [145.06645351, -37.8750547], [145.0663067, -37.874878], [145.06613351, -37.87465329], [145.06598847, -37.87444354], [145.0659031, -37.87431273], [145.06580432, -37.87414258], [145.06570353, -37.87395366], [145.06552778, -37.87357083], [145.06471845, -37.87165468], [145.06453095, -37.87125202], [145.06443879, -37.87106351], [145.06424797, -37.8707226], [145.06411517, -37.87049747], [145.06395077, -37.87024613], [145.06380621, -37.8700363], [145.06369024, -37.86987587], [145.06358667, -37.8697416], [145.0634256, -37.86954114], [145.06318379, -37.86925951], [145.06285137, -37.86888248], [145.0623965, -37.86836303], [145.06194945, -37.8678621], [145.06166371, -37.86753486], [145.06143171, -37.86724383], [145.06125594, -37.86699293], [145.06104415, -37.86665087], [145.0608604, -37.86629728], [145.06073155, -37.86599128], [145.06057466, -37.86551494], [145.06017512, -37.86420903], [145.06010395, -37.86398401], [145.06003017, -37.86373298], [145.0599612, -37.86353241], [145.05992496, -37.86340592], [145.05952865, -37.86210358], [145.05948373, -37.86196973], [145.05929597, -37.86134924], [145.05915125, -37.86093411], [145.05904559, -37.86070274], [145.05894665, -37.86050952], [145.05881024, -37.86027603], [145.05874622, -37.86017287], [145.05863409, -37.86000592], [145.05857764, -37.8599265], [145.05811017, -37.85929688], [145.05763162, -37.85865257], [145.05737507, -37.85829787], [145.05717447, -37.85803303], [145.05672619, -37.85746591], [145.05635459, -37.85698674], [145.05554471, -37.85591132], [145.05530939, -37.85559292], [145.0549628, -37.85516643], [145.05469231, -37.85488476], [145.05447465, -37.8546774], [145.05416798, -37.85441874], [145.05387452, -37.85419391], [145.05361876, -37.85402188], [145.05336214, -37.85386146], [145.05311717, -37.85372052], [145.05282673, -37.85356666], [145.05257811, -37.85346063], [145.05239768, -37.85338068], [145.05213781, -37.85327914], [145.05185076, -37.85317373], [145.05130284, -37.85298767], [145.04956553, -37.85240404], [145.04908175, -37.85223867], [145.04878203, -37.85214863], [145.04859761, -37.85209511], [145.04805055, -37.85196312], [145.04765984, -37.85187598], [145.04693877, -37.85169253], [145.04544328, -37.85120324], [145.04476465, -37.8509755], [145.04410889, -37.85074256], [145.04359933, -37.85052132], [145.04313935, -37.85028622], [145.04293868, -37.85017726], [145.04278777, -37.85009923], [145.04235072, -37.8498308], [145.04194698, -37.84954914], [145.04171388, -37.84936448], [145.04158309, -37.84926083], [145.04122445, -37.84894153], [145.04093759, -37.84865838], [145.04064892, -37.84834077], [145.04038064, -37.84800413], [145.04012848, -37.84765568], [145.03988254, -37.84718811], [145.03970645, -37.84679956], [145.03942256, -37.84615193], [145.03934277, -37.84598046], [145.03814948, -37.84368284], [145.03793193, -37.8433073], [145.03777521, -37.8430501], [145.03756366, -37.84273981], [145.03723445, -37.84228526], [145.03677444, -37.84174517], [145.03641356, -37.84140103], [145.03588662, -37.84099004], [145.03554999, -37.84076868], [145.03524917, -37.84059848], [145.03503525, -37.84048469], [145.03476608, -37.84035512], [145.03461075, -37.84028619], [145.03426804, -37.84014863], [145.03397751, -37.84004456], [145.03370942, -37.83995979], [145.03349566, -37.83990034], [145.03332273, -37.83985663], [145.03304979, -37.83979638], [145.03293134, -37.8397725], [145.03282187, -37.83975238], [145.03252319, -37.83970737], [145.03215999, -37.83966534], [145.03078861, -37.83952562], [145.02991349, -37.83944078], [145.0287354, -37.8393185], [145.02837665, -37.83927609], [145.02805615, -37.83921836], [145.0277469, -37.83913928], [145.02760775, -37.83909901], [145.02742844, -37.83904311], [145.02717571, -37.83894992], [145.02693902, -37.83885142], [145.02674185, -37.83875404], [145.02655139, -37.8386518], [145.026363, -37.83853212], [145.02622009, -37.83843682], [145.02605992, -37.83832401], [145.02592847, -37.83822069], [145.02582795, -37.83813393], [145.02570055, -37.83801518], [145.02559121, -37.83790557], [145.02547721, -37.83778281], [145.02536853, -37.83765248], [145.02525859, -37.83750996], [145.02517813, -37.83739506], [145.02510428, -37.83727973], [145.0248562, -37.83682903], [145.02472822, -37.83660871], [145.02458868, -37.83640847], [145.02448999, -37.83627876], [145.02439494, -37.83617019], [145.02427148, -37.83604042], [145.02411858, -37.83589376], [145.02393363, -37.83573493], [145.02370238, -37.8355482], [145.02338515, -37.83529613], [145.02307613, -37.83505618], [145.02288738, -37.8349035], [145.02275999, -37.83479331], [145.02269648, -37.83473322], [145.02263309, -37.83467331], [145.02248065, -37.83450962], [145.02235116, -37.83435496], [145.02225335, -37.83422202], [145.02212161, -37.8340238], [145.02185135, -37.83358371], [145.02175367, -37.83342067], [145.0216404, -37.83322429], [145.02155132, -37.83305004], [145.02146807, -37.83285732], [145.02138828, -37.83265817], [145.02047595, -37.83031752], [145.02039765, -37.83012677], [145.02033664, -37.82998228], [145.02024105, -37.82978791], [145.02018796, -37.82969122], [145.02013597, -37.82960473], [145.02006505, -37.82949477], [145.01998938, -37.82938878], [145.01991218, -37.82928853], [145.01984419, -37.8292052], [145.01970935, -37.8290555], [145.01960325, -37.82894854], [145.01952278, -37.82887311], [145.01941364, -37.82877782], [145.01923616, -37.82863813], [145.01913118, -37.82856156], [145.01903777, -37.82849844], [145.01896704, -37.82845373], [145.01873009, -37.82831159], [145.01848206, -37.8281844], [145.01814335, -37.82804487], [145.01805458, -37.8280122], [145.01782109, -37.82793617], [145.0177141, -37.82790481], [145.01754516, -37.82786241], [145.0172567, -37.82780231], [145.01712929, -37.82777844], [145.01704282, -37.82776626], [145.01695599, -37.82775444], [145.01674264, -37.82773246], [145.01650007, -37.82771972], [145.01598454, -37.8277132], [145.01434101, -37.82771983], [145.01390014, -37.82772582], [145.01364427, -37.82773421], [145.01343125, -37.82774683], [145.01307835, -37.82778504], [145.01224034, -37.82790283], [145.01193666, -37.82793591], [145.01166315, -37.82795832], [145.01141935, -37.82797052], [145.0111925, -37.82797723], [145.01099157, -37.82797492], [145.01074596, -37.82796563], [145.01046153, -37.82795037], [145.01026317, -37.82793702], [145.00830604, -37.82778821], [145.00766101, -37.8277217], [145.0072429, -37.82767551], [145.00673369, -37.82759867], [145.00608402, -37.82750647], [145.0055439, -37.82744271], [145.00110914, -37.82695008], [144.9970734, -37.82650561], [144.99493612, -37.82626953], [144.99461725, -37.82623013], [144.99441762, -37.8261969], [144.99431796, -37.82617681], [144.99416609, -37.82614223], [144.99407132, -37.82611737], [144.99392875, -37.8260752], [144.99378975, -37.82602642], [144.99364954, -37.8259723], [144.9934971, -37.82590446], [144.99343743, -37.8258756], [144.99326754, -37.82578484], [144.99310365, -37.82568634], [144.99298106, -37.82560287], [144.99277813, -37.82545234], [144.9919597, -37.82481828], [144.99179138, -37.82469483], [144.99154026, -37.82453275], [144.99136335, -37.82443304], [144.99109967, -37.82430283], [144.99084814, -37.82419364], [144.99068061, -37.82413328], [144.99038554, -37.82403777], [144.9896577, -37.82383889], [144.98796115, -37.823375], [144.98759275, -37.82328589], [144.98726327, -37.82321546], [144.98670276, -37.82308422], [144.98636791, -37.82298153], [144.98582739, -37.82278402], [144.98552505, -37.82265972], [144.98507361, -37.82248293], [144.98454264, -37.82226459], [144.98411214, -37.82206554], [144.98379137, -37.82190099], [144.98314379, -37.821547], [144.9827602, -37.82131928], [144.98162435, -37.82065286], [144.98073653, -37.82013586], [144.9794179, -37.81936229], [144.9778153, -37.81841729], [144.97745469, -37.81821896], [144.97693348, -37.81790748], [144.97652716, -37.8176607], [144.9760068, -37.81735554], [144.97566224, -37.81716911], [144.97547175, -37.81708121], [144.97511097, -37.8169392], [144.97478709, -37.81683558], [144.97451523, -37.81676151], [144.97420915, -37.81670101], [144.97404655, -37.81667334], [144.97391719, -37.8166557], [144.97374275, -37.81663711], [144.97360765, -37.81662586], [144.9733701, -37.81661402], [144.9732526, -37.81661146], [144.97305125, -37.81661313], [144.97286468, -37.81661884], [144.97270069, -37.81662962], [144.97248922, -37.81665266], [144.97218266, -37.81669676], [144.97197164, -37.81673657], [144.97180099, -37.81677499], [144.97160809, -37.8168252], [144.97127421, -37.81692524], [144.97075627, -37.81707601], [144.97032109, -37.81718332], [144.97013695, -37.81722466], [144.96969321, -37.81734534], [144.96952013, -37.81739786], [144.96870793, -37.81759951], [144.96814105, -37.81776573], [144.96748553, -37.81795366], [144.96690013, -37.81811586], [144.96653518, -37.81822166]]}}, {"type": "Feature", "properties": {"route_short_name": "Pakenham", "route_long_name": "Pakenham - City", "route_type": "train", "color": "#4d7cff"}, "geometry": {"type": "LineString", "coordinates": [[144.96692546, -37.81602935], [144.96731315, -37.81688297], [144.96752068, -37.81733083], [144.96808535, -37.8185997], [144.96878916, -37.81953042], [144.97039609, -37.82137526], [144.97081105, -37.82209848], [144.97154663, -37.82453902], [144.97167756, -37.82527159], [144.97170695, -37.82591589], [144.97166382, -37.8266697], [144.97160565, -37.82706774], [144.97151185, -37.82755573], [144.97143851, -37.82801821], [144.97124422, -37.82927534], [144.97121516, -37.82956916], [144.97118981, -37.82999246], [144.97122912, -37.83069767], [144.97128602, -37.83098478], [144.9715148, -37.83153844], [144.97174488, -37.83200344], [144.97190541, -37.83223646], [144.97205012, -37.83236647], [144.97227128, -37.83252257], [144.97247387, -37.83267602], [144.97285734, -37.83304147], [144.97390395, -37.83403753], [144.97433093, -37.83445807], [144.97523198, -37.83537222], [144.97559265, -37.83597851], [144.97592605, -37.83629389], [144.97635575, -37.83661579], [144.97710465, -37.8370742], [144.97743815, -37.83722412], [144.9777545, -37.83733661], [144.97807506, -37.83743179], [144.97840018, -37.83750189], [144.97879159, -37.83757836], [144.97933107, -37.83766729], [144.97980706, -37.83773854], [144.98064264, -37.83783669], [144.98250542, -37.83806517], [144.98291161, -37.83810863], [144.98320821, -37.83813263], [144.98355261, -37.83815403], [144.98431661, -37.83818983], [144.98505887, -37.83821858], [144.98625563, -37.8382523], [144.98647273, -37.83826674], [144.98671282, -37.83829229], [144.98732317, -37.83839573], [144.98761089, -37.83844976], [144.98874654, -37.83871294], [144.98975162, -37.8390311], [144.990821, -37.83944659], [144.99140565, -37.83966853], [144.99208116, -37.839976], [144.99226109, -37.84009171], [144.99260247, -37.84040114], [144.99289195, -37.84070923], [144.9930133, -37.84080637], [144.99322604, -37.84095671], [144.99330685, -37.84100666], [144.99351557, -37.84112503], [144.99381992, -37.84126639], [144.9940569, -37.84136126], [144.99432149, -37.84145589], [144.99480239, -37.84161989], [144.99603955, -37.84205271], [144.99664173, -37.84227933], [144.99700539, -37.84243394], [144.99885295, -37.84326128], [145.00002737, -37.8437932], [145.00025862, -37.84389013], [145.00051765, -37.84399799], [145.00077142, -37.84409449], [145.00108698, -37.84420042], [145.00134915, -37.8442803], [145.00162002, -37.84437087], [145.00188874, -37.84446924], [145.00205248, -37.84453294], [145.00225045, -37.84461686], [145.00244576, -37.84470687], [145.0027258, -37.84484482], [145.00314761, -37.84506087], [145.00331654, -37.84513871], [145.0036307, -37.84526326], [145.00551701, -37.84593589], [145.0070829, -37.84649798], [145.00730063, -37.84657412], [145.00917311, -37.84727781], [145.00945317, -37.84738618], [145.0096654, -37.84747304], [145.01001039, -37.84762657], [145.01017914, -37.84770756], [145.01034596, -37.84779256], [145.01067329, -37.84796923], [145.01083492, -37.84806127], [145.01099237, -37.84815693], [145.01143891, -37.84844808], [145.01163621, -37.84859163], [145.01183003, -37.84873801], [145.01201872, -37.84889341], [145.01220572, -37.84905229], [145.01262599, -37.8494459], [145.01272416, -37.8495402], [145.01386722, -37.85068443], [145.01442148, -37.85123584], [145.01503475, -37.85185466], [145.01738966, -37.85428067], [145.0183684, -37.855298], [145.01849318, -37.8554177], [145.01863698, -37.85554818], [145.01904775, -37.8558961], [145.01914061, -37.8559812], [145.01932528, -37.85615616], [145.01951177, -37.85635269], [145.01967036, -37.85653406], [145.01993026, -37.85686277], [145.02006968, -37.85703409], [145.02016588, -37.85714736], [145.02048955, -37.85749714], [145.02425515, -37.86142674], [145.02460261, -37.86178096], [145.0248471, -37.86202424], [145.02510819, -37.86226734], [145.02579093, -37.86289169], [145.02781774, -37.86473974], [145.02846163, -37.86533521], [145.02880973, -37.86564978], [145.02930575, -37.86610444], [145.02949053, -37.86626443], [145.03013778, -37.8668285], [145.03075527, -37.86736233], [145.0312545, -37.86779964], [145.03529382, -37.87142472], [145.03538213, -37.87150658], [145.03897122, -37.87473173], [145.03952009, -37.87521724], [145.0396858, -37.8753604], [145.03997528, -37.87560386], [145.04034398, -37.87590838], [145.04048913, -37.87602551], [145.04070322, -37.87618399], [145.04093133, -37.87634108], [145.04122879, -37.87652807], [145.04137434, -37.87660871], [145.04166733, -37.87675904], [145.04202165, -37.8769458], [145.04235216, -37.87714298], [145.04243469, -37.877195], [145.04307266, -37.87761429], [145.04349115, -37.87789422], [145.04366194, -37.87802241], [145.04468784, -37.87887657], [145.04480513, -37.87895998], [145.04606171, -37.87979813], [145.0464644, -37.88008292], [145.04720257, -37.88063227], [145.04755434, -37.88087386], [145.04787838, -37.88108479], [145.04824702, -37.88130358], [145.04914413, -37.88181113], [145.04970918, -37.88213573], [145.05008191, -37.88234611], [145.05026875, -37.88244852], [145.05064719, -37.88264088], [145.05104255, -37.88282559], [145.05123848, -37.88291103], [145.05244627, -37.88340991], [145.05284545, -37.88358377], [145.05640447, -37.88518353], [145.05856914, -37.88615964], [145.05965851, -37.88664704], [145.06480657, -37.8889944], [145.06560755, -37.88933316], [145.06738847, -37.89013492], [145.06862515, -37.89069422], [145.06928806, -37.89099194], [145.07006491, -37.89133353], [145.07263458, -37.89249148], [145.0738161, -37.89303243], [145.07581332, -37.89393204], [145.07803737, -37.89493617], [145.07831122, -37.89506681], [145.07927615, -37.89554361], [145.07982092, -37.89579555], [145.08460825, -37.89795539], [145.08551746, -37.89836887], [145.08582516, -37.89851986], [145.08603698, -37.89863578], [145.08624986, -37.89876387], [145.08653954, -37.89895648], [145.08701097, -37.89930218], [145.08739902, -37.89960038], [145.08834829, -37.90031774], [145.08884194, -37.90068893], [145.08960532, -37.90126826], [145.08986586, -37.90147129], [145.09064942, -37.90209789], [145.09097504, -37.90234857], [145.09356135, -37.9043084], [145.09432438, -37.90488246], [145.09579535, -37.90599797], [145.10055983, -37.90960284], [145.10089939, -37.90984947], [145.10141753, -37.91021083], [145.10162504, -37.91035972], [145.10248256, -37.91100609], [145.10353712, -37.9117936], [145.10483936, -37.91278399], [145.10769449, -37.91494448], [145.10999657, -37.91667913], [145.11132517, -37.91768618], [145.11343932, -37.91928067], [145.11481434, -37.9203224], [145.11505195, -37.92049761], [145.11534441, -37.92070317], [145.11555569, -37.92084489], [145.11636904, -37.92136816], [145.11659507, -37.92151606], [145.11680545, -37.92165758], [145.11703204, -37.92181882], [145.11717978, -37.92192744], [145.11794836, -37.92252109], [145.11831888, -37.92280287], [145.11859671, -37.92300737], [145.11944944, -37.92361651], [145.11973738, -37.9238264], [145.12095345, -37.9247417], [145.12385754, -37.92693691], [145.12431776, -37.92729463], [145.12468734, -37.9275926], [145.12661866, -37.92917322], [145.12699323, -37.92946793], [145.12756875, -37.92990109], [145.12897078, -37.93093894], [145.12960608, -37.93140243], [145.12987703, -37.93160734], [145.13013944, -37.93180779], [145.13218454, -37.93343348], [145.13254064, -37.93370886], [145.13649462, -37.93669329], [145.13811702, -37.9379226], [145.13890051, -37.93851563], [145.13916054, -37.93870863], [145.14302317, -37.94162264], [145.14595555, -37.9438448], [145.14721765, -37.94478371], [145.14913783, -37.94622366], [145.15051396, -37.94717939], [145.15077336, -37.94736379], [145.15138972, -37.94778559], [145.15244177, -37.94853334], [145.15303962, -37.94898629], [145.15330321, -37.94918112], [145.15394251, -37.94966536], [145.15474987, -37.95026956], [145.15540806, -37.95077779], [145.1555818, -37.95092948], [145.15587642, -37.95117643], [145.15656525, -37.95176173], [145.15796507, -37.95289311], [145.15860575, -37.95340681], [145.15948755, -37.95405018], [145.16066646, -37.9549389], [145.16130405, -37.95538594], [145.16169245, -37.95564362], [145.16223869, -37.95599839], [145.16276292, -37.95636426], [145.16336712, -37.95683682], [145.16377786, -37.95715801], [145.16544213, -37.95853396], [145.16602264, -37.95897198], [145.16649783, -37.95932048], [145.16687416, -37.95957544], [145.16732932, -37.95987379], [145.16812527, -37.96040059], [145.16843346, -37.96061789], [145.1687385, -37.9608382], [145.17070404, -37.96231393], [145.17207615, -37.96334927], [145.17288032, -37.96395204], [145.17406307, -37.9648314], [145.17432847, -37.96501747], [145.17544248, -37.96583808], [145.17596689, -37.96623859], [145.17670872, -37.96680513], [145.17685776, -37.9669099], [145.17816135, -37.96794258], [145.1795656, -37.96902619], [145.18340211, -37.97219974], [145.18407397, -37.97272307], [145.18514284, -37.97350864], [145.18648397, -37.97451496], [145.18742224, -37.97521117], [145.18833262, -37.97581052], [145.18875379, -37.97609096], [145.18990522, -37.97684739], [145.19149591, -37.97796086], [145.1931677, -37.9791307], [145.19811872, -37.98257403], [145.20002869, -37.98388333], [145.20059124, -37.98428531], [145.20138116, -37.98484216], [145.20314365, -37.98606407], [145.20407744, -37.98671773], [145.20436815, -37.98691367], [145.20511556, -37.98743686], [145.20605657, -37.9880853], [145.20635186, -37.98829437], [145.20665338, -37.98850038], [145.20675665, -37.98856612], [145.20694052, -37.98867473], [145.20703595, -37.98872584], [145.20737375, -37.9888914], [145.20979475, -37.99000844], [145.21002039, -37.99011389], [145.2110531, -37.99058624], [145.21116091, -37.99063862], [145.21175235, -37.99091112], [145.21240545, -37.99120898], [145.21283859, -37.99141662], [145.21304278, -37.99152849], [145.21314428, -37.99158798], [145.21325076, -37.99165809], [145.2134074, -37.99177249], [145.21355067, -37.99188921], [145.21363045, -37.99196161], [145.21370708, -37.99204136], [145.21385451, -37.99220239], [145.21392612, -37.99229251], [145.2140524, -37.99246629], [145.21445632, -37.99308099], [145.21451649, -37.99317806], [145.2148343, -37.99366214], [145.21579668, -37.99514207], [145.21639609, -37.99605082], [145.21655815, -37.99628551], [145.21674623, -37.9965415], [145.21691015, -37.99674658], [145.21706283, -37.99692643], [145.21728525, -37.99716582], [145.21757035, -37.99744581], [145.21771503, -37.99758003], [145.21796537, -37.99779533], [145.2181778, -37.9979632], [145.21841956, -37.99814268], [145.21870152, -37.99833593], [145.21886225, -37.99843768], [145.21908828, -37.99857538], [145.21929163, -37.99869057], [145.21950618, -37.99880854], [145.21985276, -37.99898141], [145.22059125, -37.99932233], [145.22101184, -37.9995101], [145.22210122, -38.000007], [145.22248413, -38.00017554], [145.22300509, -38.00040971], [145.2243396, -38.00101411], [145.22570429, -38.0016294], [145.22594668, -38.00173652], [145.22621634, -38.00186053], [145.22658095, -38.00202356], [145.22827885, -38.00279291], [145.2295034, -38.00335143], [145.22984073, -38.00349872], [145.23982582, -38.00800677], [145.24245965, -38.00919203], [145.24418996, -38.00997741], [145.24580556, -38.01070742], [145.24690197, -38.01119077], [145.25667682, -38.01558892], [145.25702335, -38.01574222], [145.2575713, -38.01596158], [145.25843585, -38.01624213], [145.25909806, -38.01642289], [145.25964324, -38.01654821], [145.26049014, -38.0166989], [145.26111144, -38.0167846], [145.26182988, -38.01687147], [145.26236272, -38.01692143], [145.2648575, -38.01720178], [145.26515029, -38.0172389], [145.26542536, -38.0172791], [145.26705055, -38.01753044], [145.26759075, -38.01761681], [145.26939874, -38.0178216], [145.27007729, -38.0179008], [145.27029597, -38.01792628], [145.27124456, -38.01802206], [145.27272269, -38.01817797], [145.27335512, -38.01824692], [145.27384019, -38.01829433], [145.27435264, -38.0183406], [145.27481183, -38.01837438], [145.27552127, -38.01841426], [145.27593893, -38.0184412], [145.27679548, -38.01850324], [145.27709308, -38.01853022], [145.27924296, -38.01875546], [145.28312714, -38.01917967], [145.28464692, -38.01933496], [145.2858479, -38.01946369], [145.28660625, -38.01955126], [145.28695005, -38.01960043], [145.28725539, -38.0196521], [145.28794148, -38.01979547], [145.28844145, -38.01992819], [145.28897979, -38.0200914], [145.28945017, -38.02025243], [145.28999953, -38.02047554], [145.29035542, -38.02063689], [145.29131657, -38.02112652], [145.2932121, -38.02211202], [145.29741039, -38.0243034], [145.29820991, -38.02470727], [145.29878097, -38.02498481], [145.30057313, -38.02581811], [145.30097042, -38.02602887], [145.30163889, -38.02637666], [145.3038183, -38.02753317], [145.3039169, -38.02758542], [145.30502333, -38.02815102], [145.3059521, -38.02864537], [145.30657923, -38.02895982], [145.30805753, -38.02973559], [145.30859808, -38.03000561], [145.30910115, -38.0302358], [145.30975728, -38.03049433], [145.31036448, -38.03069555], [145.31118531, -38.03091679], [145.31242316, -38.03119681], [145.31388354, -38.03153661], [145.31556097, -38.03192132], [145.31900635, -38.03272088], [145.32033997, -38.03304086], [145.32478704, -38.03405283], [145.3256441, -38.03422293], [145.32637874, -38.03434982], [145.32687646, -38.03442387], [145.3279347, -38.0345504], [145.32894991, -38.03465072], [145.33709441, -38.03541554], [145.33784415, -38.03549572], [145.33862459, -38.03562985], [145.33944541, -38.03582737], [145.34023387, -38.03608093], [145.34076768, -38.03629322], [145.341432, -38.03660026], [145.34185709, -38.03683903], [145.34215817, -38.03701928], [145.34242858, -38.03719531], [145.3425399, -38.0372715], [145.34274745, -38.03742042], [145.34298129, -38.03760152], [145.34333843, -38.037888], [145.34375443, -38.03825272], [145.34386162, -38.03835066], [145.34424082, -38.03871521], [145.34435827, -38.0388333], [145.34460042, -38.03909049], [145.34489743, -38.03942171], [145.34519382, -38.03977582], [145.34554601, -38.04023264], [145.34585093, -38.04066346], [145.3462096, -38.04118706], [145.34636575, -38.04139851], [145.34655095, -38.04165534], [145.34669897, -38.04184821], [145.34687604, -38.04206662], [145.34704883, -38.04226723], [145.34726463, -38.04250682], [145.34757334, -38.04283082], [145.34802843, -38.04329917], [145.34845025, -38.04371171], [145.34865467, -38.04389491], [145.34892492, -38.04412022], [145.34914142, -38.04429368], [145.34938855, -38.04447297], [145.34960088, -38.04461888], [145.34985184, -38.04478003], [145.35007831, -38.0449155], [145.35046721, -38.04513022], [145.3506302, -38.04521514], [145.35112235, -38.04544527], [145.35175003, -38.04570407], [145.35253462, -38.04601994], [145.35330167, -38.04632511], [145.35354225, -38.04641608], [145.35393108, -38.0465741], [145.35453987, -38.04680738], [145.35565141, -38.04721063], [145.35752455, -38.04786441], [145.35792784, -38.04800838], [145.36321631, -38.04986237], [145.36370328, -38.0500311], [145.3647342, -38.05039538], [145.3661225, -38.05087835], [145.36829792, -38.05164161], [145.36902619, -38.05190243], [145.36929733, -38.05200478], [145.36957465, -38.05211641], [145.36978659, -38.05220523], [145.37011133, -38.05235231], [145.37037866, -38.05248254], [145.37065574, -38.05262571], [145.37085855, -38.05273621], [145.37115972, -38.05290792], [145.37149987, -38.0531209], [145.37167914, -38.05323937], [145.37191986, -38.05340879], [145.3721643, -38.0535898], [145.37241703, -38.05378787], [145.37263174, -38.05396324], [145.37286641, -38.05416412], [145.37722164, -38.05800134], [145.37757134, -38.05830536], [145.3781186, -38.05875711], [145.37827378, -38.05887362], [145.37851679, -38.05904874], [145.37867422, -38.0591559], [145.37892896, -38.05932172], [145.37925109, -38.0595064], [145.37958595, -38.05968792], [145.37995088, -38.05986526], [145.38029911, -38.06001921], [145.38066765, -38.06016767], [145.38120491, -38.06035071], [145.38156463, -38.06045921], [145.38190247, -38.06054732], [145.38224802, -38.06062714], [145.38266784, -38.06071367], [145.38306709, -38.06079279], [145.39689125, -38.06343173], [145.40737749, -38.06543627], [145.41035622, -38.06600669], [145.41104546, -38.06614146], [145.41171439, -38.06627667], [145.41368471, -38.06664168], [145.43815935, -38.07131646], [145.45631639, -38.07478403], [145.46122386, -38.07570761], [145.4644211, -38.07632079], [145.46766466, -38.07694648], [145.47007517, -38.07746986], [145.47222283, -38.07788811], [145.47416812, -38.07824729], [145.47690914, -38.07877526], [145.48076981, -38.07951241], [145.48218747, -38.0797809], [145.4838937, -38.08009988], [145.48572689, -38.08044939], [145.48726873, -38.08074673], [145.49273897, -38.08178754], [145.49333698, -38.08189326], [145.49423046, -38.08202953], [145.49571163, -38.08222522], [145.49624395, -38.08229332], [145.49678505, -38.08237207], [145.49774578, -38.08252702], [145.49956006, -38.08286544], [145.50011765, -38.08300828], [145.50067164, -38.08311566], [145.50399237, -38.08374422], [145.5054158, -38.08401791], [145.50705239, -38.08432873]]}}, {"type": "Feature", "properties": {"route_short_name": "Upfield", "route_long_name": "Upfield - City", "route_type": "train", "color": "#4d7cff"}, "geometry": {"type": "LineString", "coordinates": [[144.96653746, -37.8182546], [144.96570892, -37.8184964], [144.96527207, -37.81862628], [144.96455538, -37.81883252], [144.9641491, -37.81895364], [144.96391265, -37.81901723], [144.96362235, -37.81907691], [144.96353875, -37.81909737], [144.96340717, -37.8191315], [144.96317673, -37.81919961], [144.96297097, -37.81925417], [144.96281064, -37.81929249], [144.96251225, -37.81935293], [144.96221558, -37.81943756], [144.96196395, -37.81948718], [144.96182137, -37.81950814], [144.96165174, -37.81952548], [144.96152024, -37.81953168], [144.96134892, -37.8195443], [144.96120609, -37.81955787], [144.96108411, -37.81957324], [144.96092623, -37.81959709], [144.96076937, -37.81962493], [144.96061457, -37.81965667], [144.96039395, -37.81971034], [144.95942274, -37.81999144], [144.95913764, -37.82008058], [144.95891334, -37.82016069], [144.95871444, -37.82024231], [144.95861691, -37.82028568], [144.95852456, -37.82033058], [144.95840614, -37.82039016], [144.95823541, -37.82048426], [144.95753403, -37.8209207], [144.95741312, -37.82098763], [144.95726889, -37.8210602], [144.95712832, -37.82111922], [144.95699354, -37.82117032], [144.95688659, -37.82120514], [144.9567026, -37.82125692], [144.95652159, -37.82129532], [144.95642246, -37.82131388], [144.95620796, -37.82133926], [144.95610923, -37.82134764], [144.95594684, -37.82135347], [144.95579109, -37.82135338], [144.95564294, -37.82134558], [144.95547134, -37.82133116], [144.95535444, -37.82131471], [144.95519581, -37.82128699], [144.95510855, -37.821267], [144.95500361, -37.82124112], [144.95484855, -37.82119526], [144.95475075, -37.82116202], [144.95463585, -37.8211183], [144.95451055, -37.82106458], [144.95437881, -37.82100146], [144.95425212, -37.8209323], [144.9541807, -37.82088969], [144.9540647, -37.82081189], [144.95388628, -37.82068641], [144.95371472, -37.8205597], [144.95323193, -37.8202131], [144.95307765, -37.82006938], [144.95300143, -37.81999127], [144.95292904, -37.81990567], [144.95286708, -37.81982502], [144.95281801, -37.81975099], [144.95259342, -37.81936039], [144.95255027, -37.81928133], [144.9524982, -37.81920049], [144.95245426, -37.81913817], [144.95227773, -37.81891594], [144.95190548, -37.81843409], [144.95166445, -37.81812918], [144.95147757, -37.81788279], [144.95122529, -37.81756533], [144.95107145, -37.81738981], [144.95088088, -37.81714958], [144.95063134, -37.81676638], [144.95054955, -37.81665123], [144.95043451, -37.81650648], [144.95025603, -37.81626889], [144.95013507, -37.8160997], [144.94990283, -37.81578503], [144.94975161, -37.81560531], [144.94966545, -37.81550883], [144.9491766, -37.81492338], [144.94898071, -37.81466674], [144.94878225, -37.81440032], [144.94851123, -37.81405072], [144.94827602, -37.81376636], [144.94803904, -37.81350449], [144.94783701, -37.81330172], [144.94774402, -37.81321386], [144.94762311, -37.81310478], [144.94723495, -37.81274034], [144.9470251, -37.81254924], [144.94674763, -37.81228982], [144.946526, -37.8120895], [144.94643366, -37.81201534], [144.94630568, -37.81191533], [144.9461128, -37.81177634], [144.94583783, -37.81157004], [144.945704, -37.81146029], [144.94561805, -37.81138498], [144.94545022, -37.8112275], [144.94503571, -37.81083087], [144.94493004, -37.81072539], [144.94483533, -37.810622], [144.94465072, -37.81040186], [144.94416965, -37.80978436], [144.94376162, -37.80926528], [144.94350704, -37.80893091], [144.94329666, -37.80862859], [144.9429295, -37.80812293], [144.94281802, -37.80797724], [144.94226448, -37.80727529], [144.94170765, -37.80656922], [144.94143877, -37.80624298], [144.94113446, -37.80586773], [144.94087306, -37.80559533], [144.94052576, -37.80527952], [144.94016376, -37.80495742], [144.94008383, -37.80489492], [144.93994693, -37.80475717], [144.9398132, -37.80460767], [144.93959898, -37.80437917], [144.93945865, -37.8042464], [144.93908133, -37.80389943], [144.93892172, -37.80372109], [144.9388528, -37.80365058], [144.93877432, -37.80357702], [144.93833084, -37.80318338], [144.9380369, -37.80291013], [144.93798402, -37.80285522], [144.93791581, -37.80277166], [144.93780365, -37.80261073], [144.93774283, -37.80251063], [144.93764995, -37.80234219], [144.93759881, -37.80223307], [144.93756467, -37.80214974], [144.9374676, -37.80185047], [144.93727456, -37.8011512], [144.93705359, -37.80039828], [144.93681409, -37.79952814], [144.93673004, -37.79928741], [144.93654345, -37.79863836], [144.93645097, -37.79828041], [144.9361397, -37.79712074], [144.93607389, -37.79681273], [144.93604805, -37.79667206], [144.93599761, -37.79630944], [144.93597025, -37.79597048], [144.93596812, -37.79554518], [144.93600524, -37.79510507], [144.93605454, -37.79478628], [144.9361762, -37.79410794], [144.93628825, -37.79350116], [144.93633266, -37.79321527], [144.93644087, -37.79259527], [144.93655702, -37.79199198], [144.9366359, -37.79163848], [144.9367442, -37.79122764], [144.93689073, -37.7907689], [144.93698904, -37.79053712], [144.937183, -37.79012084], [144.93724505, -37.79000874], [144.93730178, -37.78992881], [144.93741532, -37.78979049], [144.9377465, -37.78942113], [144.93803815, -37.78910542], [144.93842115, -37.78874264], [144.93853794, -37.78864267], [144.93872544, -37.7884905], [144.93892579, -37.78834612], [144.93903898, -37.78826952], [144.93922536, -37.78815347], [144.93938635, -37.7880567], [144.93957871, -37.78795022], [144.93990299, -37.78779611], [144.9408928, -37.78735148], [144.94126087, -37.78719029], [144.94149684, -37.78708357], [144.94168962, -37.78699502], [144.94188537, -37.78690139], [144.94218373, -37.78675187], [144.94236455, -37.78665599], [144.94252692, -37.78656618], [144.94264037, -37.78650049], [144.94278649, -37.78641121], [144.94322264, -37.78612838], [144.94358135, -37.785887], [144.94390241, -37.78566361], [144.94407828, -37.7855334], [144.94428237, -37.78537628], [144.94454253, -37.78516652], [144.94485464, -37.78490171], [144.944943, -37.78482304], [144.94523548, -37.78454914], [144.94604759, -37.78375333], [144.94635892, -37.78345443], [144.94658066, -37.78324994], [144.94678149, -37.7830706], [144.94702739, -37.78285887], [144.94721751, -37.7827052], [144.94731997, -37.78262597], [144.94744908, -37.78253107], [144.94755048, -37.7824612], [144.9478169, -37.78228731], [144.94795759, -37.78220082], [144.94807055, -37.78213592], [144.94822527, -37.78205111], [144.94835818, -37.78198313], [144.94862796, -37.78185194], [144.94881807, -37.78176864], [144.94899344, -37.78169663], [144.94916456, -37.78163067], [144.94946902, -37.78152603], [144.94980407, -37.78142426], [144.94995955, -37.78138172], [144.95023531, -37.78131731], [144.9504219, -37.78127893], [144.95064836, -37.78124006], [144.95079724, -37.7812185], [144.95094443, -37.78120087], [144.95109958, -37.78118681], [144.95136892, -37.78116978], [144.95189175, -37.78116697], [144.95326767, -37.78115881], [144.95349106, -37.78114908], [144.95382404, -37.78112576], [144.95409709, -37.78110176], [144.95426098, -37.78108361], [144.95456675, -37.78103863], [144.95477715, -37.78099732], [144.95493795, -37.78095947], [144.9551314, -37.78090263], [144.95547191, -37.78078751], [144.95563815, -37.78072136], [144.95582156, -37.78064164], [144.95601364, -37.78055206], [144.95622645, -37.78044374], [144.95637093, -37.7803636], [144.95659983, -37.78022771], [144.95666202, -37.78018743], [144.95679303, -37.78009318], [144.95694254, -37.77997466], [144.95707554, -37.77985368], [144.95718561, -37.77974051], [144.95729709, -37.77961322], [144.95740733, -37.77947328], [144.9575449, -37.77927254], [144.9576177, -37.77915224], [144.95765664, -37.77908253], [144.95776547, -37.77886976], [144.95784884, -37.77867087], [144.95790613, -37.77850749], [144.95796067, -37.77832459], [144.95803412, -37.77802379], [144.95808654, -37.77777741], [144.95811843, -37.77764153], [144.95831588, -37.77674584], [144.95845991, -37.77611616], [144.95849786, -37.77592974], [144.95871491, -37.77495644], [144.95880558, -37.77452878], [144.95887599, -37.77414447], [144.95892756, -37.77382977], [144.95897224, -37.77349296], [144.95900481, -37.77320461], [144.95909594, -37.77232628], [144.95916409, -37.77169771], [144.95927948, -37.77057711], [144.95930593, -37.77034191], [144.95941292, -37.769312], [144.95949388, -37.76855974], [144.95951307, -37.76835713], [144.95955961, -37.76793204], [144.95957265, -37.76778798], [144.95963144, -37.76723523], [144.95969174, -37.76674684], [144.95976166, -37.76629719], [144.9599101, -37.76545193], [144.96015144, -37.76412578], [144.96024888, -37.76357081], [144.96029741, -37.76332076], [144.96049665, -37.76221251], [144.96070739, -37.76101597], [144.96076185, -37.76072348], [144.96078661, -37.76060324], [144.96099945, -37.75940844], [144.96107192, -37.7590139], [144.96110864, -37.75878041], [144.96113952, -37.75860251], [144.9613266, -37.75756812], [144.96136054, -37.75735711], [144.96139204, -37.75718166], [144.96141328, -37.75707776], [144.96144165, -37.75691243], [144.96152119, -37.7562189], [144.96160351, -37.75559752], [144.96162768, -37.7553867], [144.96169374, -37.7549359], [144.96170689, -37.7548169], [144.96181282, -37.75400515], [144.96192861, -37.75316896], [144.96214957, -37.75149027], [144.96259339, -37.74788077], [144.96265966, -37.74732661], [144.96283281, -37.74593754], [144.96291252, -37.74526952], [144.96293541, -37.74502263], [144.96296897, -37.74451873], [144.96298672, -37.74427274], [144.96300135, -37.74411592], [144.96300768, -37.74400086], [144.96303505, -37.74375612], [144.96305178, -37.74362177], [144.96309138, -37.7433612], [144.96330228, -37.74201838], [144.96344002, -37.74113346], [144.96346324, -37.74096957], [144.96348463, -37.74078529], [144.96349397, -37.74063477], [144.9634973, -37.74052597], [144.96349815, -37.74031691], [144.96349247, -37.74020921], [144.96348508, -37.74009814], [144.96346224, -37.73985884], [144.96340469, -37.7394041], [144.96335622, -37.73897412], [144.96332598, -37.73873586], [144.96329596, -37.73847328], [144.96327715, -37.73833958], [144.96321018, -37.73776482], [144.96318087, -37.73747224], [144.96309395, -37.73675159], [144.9629169, -37.7351008], [144.96282166, -37.7340508], [144.96274097, -37.73336793], [144.96263526, -37.7324641], [144.96248095, -37.73120103], [144.96236173, -37.73015287], [144.96224496, -37.72923858], [144.96202377, -37.72733659], [144.96201231, -37.72726628], [144.96191513, -37.72640748], [144.96175548, -37.72508367], [144.96165085, -37.72418626], [144.9615985, -37.72376999], [144.96127192, -37.72103266], [144.96123728, -37.72074449], [144.96120433, -37.72042373], [144.96102272, -37.71893327], [144.96086221, -37.71749274], [144.96074956, -37.71659077], [144.96051888, -37.71465643], [144.96037954, -37.713516], [144.96037615, -37.71346151], [144.9601153, -37.71126719], [144.96003818, -37.7106417], [144.96000667, -37.7103388], [144.95982285, -37.70883117], [144.95936726, -37.70502018], [144.95933035, -37.7047654], [144.95928882, -37.70451379], [144.95918063, -37.70380187], [144.95908404, -37.70296047], [144.95894989, -37.70188456], [144.95874605, -37.70062819], [144.95874335, -37.70059426], [144.95871831, -37.70027904], [144.9586843, -37.69958409], [144.95864556, -37.6988667], [144.95859849, -37.6984699], [144.95848879, -37.69760286], [144.9582579, -37.69565886], [144.95816401, -37.6951167], [144.95811041, -37.69489588], [144.95796341, -37.69442526], [144.95780734, -37.69404171], [144.95744843, -37.69311448], [144.95715669, -37.69238919], [144.95681347, -37.69151107], [144.95666602, -37.69106981], [144.95655879, -37.69072072], [144.95648505, -37.69045323], [144.95644988, -37.69031312], [144.95638925, -37.69003928], [144.95632686, -37.6897134], [144.95617806, -37.68884226], [144.95601956, -37.68796562], [144.95565891, -37.68602559], [144.95537053, -37.68449406], [144.95528475, -37.68414913], [144.95518413, -37.68382863], [144.95499646, -37.68337847], [144.95482737, -37.68299118], [144.95458871, -37.6825688], [144.95428289, -37.68211884], [144.95398516, -37.6817377], [144.95360158, -37.68130793], [144.95315635, -37.68079842], [144.95279024, -37.68033137], [144.95244688, -37.67984102], [144.95217134, -37.67939996], [144.95180195, -37.67870639], [144.95154304, -37.67814757], [144.95145455, -37.67792253], [144.95120707, -37.67727397], [144.95048894, -37.67542648], [144.95035483, -37.67512081], [144.95001676, -37.67424618], [144.94967495, -37.6734087], [144.94950191, -37.67296069], [144.94875506, -37.67105969], [144.94871325, -37.67095984], [144.94795146, -37.66901397], [144.94772217, -37.66844394], [144.94674195, -37.66594724]]}}, {"type": "Feature", "properties": {"route_short_name": "Stony Point", "route_long_name": "Stony Point - Frankston", "route_type": "train", "color": "#4d7cff"}, "geometry": {"type": "LineString", "coordinates": [[145.22133577, -38.37402291], [145.22111969, -38.37401674], [145.22102497, -38.37400963], [145.22089264, -38.37399546], [145.22078917, -38.37398136], [145.22061759, -38.3739528], [145.22042969, -38.3739176], [145.22023457, -38.37386868], [145.22003805, -38.37380721], [145.21989751, -38.37375903], [145.21975061, -38.37370012], [145.21956139, -38.37361154], [145.21937435, -38.37351318], [145.21856154, -38.37304981], [145.218215, -38.3728463], [145.21804845, -38.37273887], [145.21485745, -38.37051174], [145.2144813, -38.37027036], [145.21399496, -38.36997666], [145.2136841, -38.36980342], [145.21334347, -38.36963548], [145.21294339, -38.36945528], [145.21252705, -38.36928943], [145.21209103, -38.36913716], [145.20889297, -38.36808321], [145.20768753, -38.36770983], [145.2072321, -38.36754724], [145.20681567, -38.36736731], [145.2060314, -38.36699206], [145.20398625, -38.36595039], [145.20240504, -38.36514956], [145.20181038, -38.36484252], [145.20147462, -38.36465976], [145.20120095, -38.364503], [145.20087068, -38.364284], [145.20045825, -38.36397651], [145.20020605, -38.36376619], [145.19918563, -38.36285029], [145.19594324, -38.35984796], [145.18940036, -38.35383242], [145.1891787, -38.35362561], [145.18905096, -38.35351622], [145.18672224, -38.35137121], [145.18578741, -38.35050076], [145.17943611, -38.34464614], [145.17869703, -38.34398026], [145.17750359, -38.3428581], [145.17735412, -38.3427088], [145.17720506, -38.34254797], [145.17704462, -38.34235273], [145.17690641, -38.34216089], [145.17677837, -38.34195119], [145.17666472, -38.34172873], [145.17659455, -38.34156138], [145.17650346, -38.3412972], [145.17645138, -38.34108327], [145.17641537, -38.34087698], [145.1763974, -38.34067196], [145.17639303, -38.34036704], [145.17640298, -38.34020734], [145.17641946, -38.34004773], [145.17645758, -38.33985981], [145.17652657, -38.33961352], [145.17661995, -38.33936176], [145.17673949, -38.33911166], [145.17692639, -38.33878511], [145.17760985, -38.33783747], [145.17811686, -38.3371276], [145.17859983, -38.33645908], [145.17903885, -38.33584078], [145.18098297, -38.33312467], [145.18241998, -38.3311113], [145.18257626, -38.33087294], [145.18275622, -38.33057024], [145.18288137, -38.33031869], [145.18297997, -38.33009007], [145.18307383, -38.32983623], [145.18315329, -38.32957722], [145.18322271, -38.3293075], [145.18327407, -38.32898696], [145.18330952, -38.32814017], [145.18329323, -38.32298786], [145.18329335, -38.32160859], [145.1832997, -38.32115731], [145.18332751, -38.32078557], [145.18336626, -38.32047969], [145.18342336, -38.32019897], [145.18349564, -38.31989254], [145.18358322, -38.31960526], [145.18369023, -38.31930522], [145.18383153, -38.31897353], [145.18397405, -38.31868467], [145.18417386, -38.31829127], [145.1847313, -38.31721574], [145.18528163, -38.31616336], [145.18550045, -38.31573158], [145.18561786, -38.31546766], [145.18571557, -38.31521397], [145.18577892, -38.31501724], [145.18583811, -38.31480368], [145.18588139, -38.31460466], [145.1859179, -38.31438787], [145.18594443, -38.31416327], [145.1859593, -38.31392461], [145.18596677, -38.31362014], [145.18595234, -38.30772342], [145.18594212, -38.307032], [145.18594694, -38.30560368], [145.18594325, -38.30494381], [145.18594334, -38.3030398], [145.18592695, -38.295921], [145.18593182, -38.2957258], [145.18595713, -38.2953615], [145.18600253, -38.29499832], [145.18608905, -38.2945408], [145.18620245, -38.29400953], [145.18633199, -38.29342219], [145.18682079, -38.29114419], [145.18775798, -38.28685726], [145.18785624, -38.28629458], [145.18791101, -38.28595407], [145.18795162, -38.28561767], [145.18800508, -38.28513224], [145.18834944, -38.28190418], [145.18841524, -38.28126701], [145.18843335, -38.28111788], [145.18882359, -38.2774769], [145.18918969, -38.27401919], [145.18926975, -38.27328564], [145.18930352, -38.27294318], [145.18932469, -38.27271228], [145.18934155, -38.27248896], [145.18935615, -38.27225561], [145.18936352, -38.27208298], [145.1893748, -38.27109982], [145.18937026, -38.26565334], [145.18936074, -38.26537843], [145.18935003, -38.26522084], [145.18933229, -38.26504691], [145.18930498, -38.26486689], [145.1892622, -38.26464753], [145.18921363, -38.26445357], [145.18915191, -38.26424671], [145.18908646, -38.26405637], [145.18898676, -38.26381386], [145.18886123, -38.26355284], [145.18876749, -38.26338297], [145.188633, -38.26316084], [145.18833987, -38.26273151], [145.18730552, -38.26129182], [145.18620974, -38.2597597], [145.18497541, -38.25803753], [145.18474531, -38.25772227], [145.18285927, -38.25509273], [145.1825297, -38.2546375], [145.18200306, -38.25390068], [145.18177591, -38.25356896], [145.18167296, -38.25341228], [145.18157235, -38.25324932], [145.18146915, -38.25306623], [145.18137437, -38.25288426], [145.18128336, -38.25269812], [145.18120445, -38.25252198], [145.18113542, -38.25235231], [145.18107219, -38.25217984], [145.18100545, -38.25198722], [145.18094575, -38.25178732], [145.18088722, -38.25156852], [145.18084868, -38.25140437], [145.18080326, -38.25116828], [145.18077385, -38.250973], [145.18074781, -38.25074298], [145.18073496, -38.25056661], [145.18072626, -38.25039291], [145.18072028, -38.25019286], [145.18071068, -38.24380909], [145.18070308, -38.23707336], [145.18070173, -38.23381776], [145.18069891, -38.2335736], [145.18068843, -38.233334], [145.1806751, -38.23314906], [145.18065436, -38.23294526], [145.18062598, -38.23273612], [145.18058909, -38.23252936], [145.18055044, -38.23234754], [145.18049418, -38.23212481], [145.18043744, -38.23192603], [145.18038309, -38.23175524], [145.18032674, -38.23159152], [145.18026002, -38.23141738], [145.18014323, -38.2311527], [145.18006368, -38.23099368], [145.17996171, -38.23080367], [145.17987255, -38.23064548], [145.17977425, -38.23047788], [145.17962183, -38.23024058], [145.1794074, -38.22992411], [145.17918554, -38.22960337], [145.17860135, -38.22876823], [145.17805876, -38.22798337], [145.17628383, -38.2254352], [145.16320974, -38.20665972], [145.16286717, -38.2061626], [145.16278049, -38.20603103], [145.1626732, -38.2058602], [145.16255239, -38.20565501], [145.1624457, -38.20545626], [145.16042928, -38.20142907], [145.16017581, -38.2009009], [145.16007307, -38.20065427], [145.16002834, -38.20053939], [145.15996311, -38.20035913], [145.15989694, -38.20014803], [145.15984536, -38.1999697], [145.15979909, -38.19978], [145.15976415, -38.19961662], [145.15970725, -38.19927752], [145.15968703, -38.19911888], [145.15967176, -38.19895436], [145.15965884, -38.19871949], [145.15965335, -38.19853837], [145.1596543, -38.19837338], [145.15966072, -38.19820488], [145.15967245, -38.19801997], [145.15968795, -38.197858], [145.15970891, -38.19768783], [145.15973779, -38.1975159], [145.15977671, -38.19731708], [145.1598332, -38.1970551], [145.15995318, -38.19656207], [145.16016785, -38.19570502], [145.16031634, -38.1950906], [145.16039044, -38.19481862], [145.16058562, -38.19400037], [145.16082829, -38.19305112], [145.16089156, -38.19276924], [145.16257846, -38.18595169], [145.1629003, -38.18466159], [145.16574254, -38.17316922], [145.16703957, -38.16794692], [145.16729983, -38.16688943], [145.16736046, -38.16658768], [145.16738812, -38.16639499], [145.16740007, -38.16623675], [145.16740541, -38.16607373], [145.16740469, -38.16589718], [145.16739115, -38.16572719], [145.16736935, -38.16553554], [145.16734266, -38.16539824], [145.16730864, -38.16524343], [145.16726218, -38.1650704], [145.1672136, -38.16492284], [145.16715886, -38.1647751], [145.16709502, -38.16463037], [145.1670375, -38.16450728], [145.16693743, -38.16431917], [145.1668353, -38.1641542], [145.16672586, -38.16398938], [145.16662587, -38.16385733], [145.16650474, -38.16370792], [145.16635921, -38.16354416], [145.16621546, -38.16340062], [145.16607808, -38.16327132], [145.1658567, -38.163087], [145.16570046, -38.16296831], [145.16554924, -38.16286294], [145.16540222, -38.16276756], [145.16527427, -38.16269022], [145.16512806, -38.16260836], [145.16485702, -38.16247049], [145.16472882, -38.16241207], [145.16457492, -38.16234568], [145.16442791, -38.16228643], [145.16427229, -38.16222957], [145.1640938, -38.16216946], [145.16391695, -38.16211714], [145.16374044, -38.16206923], [145.16349971, -38.16201076], [145.16325112, -38.16195614], [145.16290109, -38.16188226], [145.15888515, -38.16105482], [145.15546431, -38.16035238], [145.15520194, -38.16029284], [145.15497284, -38.16023526], [145.15471875, -38.16016413], [145.1545168, -38.16010256], [145.15429098, -38.16002367], [145.15407695, -38.15994326], [145.15388795, -38.15986621], [145.15369493, -38.15978117], [145.15350813, -38.15969398], [145.15334883, -38.15961118], [145.15314189, -38.15949907], [145.15295473, -38.1593897], [145.15278068, -38.15928098], [145.15246854, -38.1590725], [145.14592902, -38.15444553], [145.14552239, -38.15416228], [145.14533258, -38.15403681], [145.14516397, -38.15393052], [145.14484989, -38.15374649], [145.14457313, -38.15359821], [145.14430585, -38.15346332], [145.14416986, -38.15339863], [145.1439611, -38.15330521], [145.14383062, -38.15324818], [145.14351865, -38.15312537], [145.14333219, -38.15305718], [145.14310865, -38.15297957], [145.14291284, -38.15291583], [145.14273119, -38.15286069], [145.14240381, -38.15276918], [145.13957929, -38.15201976], [145.13415097, -38.15058532], [145.13235326, -38.15010697], [145.12899815, -38.14922521], [145.1279801, -38.14894477], [145.12752022, -38.14877072], [145.12717385, -38.14859344], [145.12682373, -38.1483887], [145.12639212, -38.1480556], [145.12599912, -38.14764957], [145.12576451, -38.14734593], [145.12558891, -38.14705998], [145.12553502, -38.14696729], [145.12547954, -38.14685674], [145.12540456, -38.14667441], [145.12534987, -38.14648826], [145.12530465, -38.14631118], [145.12524837, -38.14601804], [145.12521805, -38.14583399], [145.12521078, -38.14572574], [145.12520945, -38.14563524], [145.12521127, -38.14552371], [145.12521676, -38.14542521], [145.1252717, -38.14510221], [145.12536185, -38.14478131], [145.12550615, -38.14443108], [145.12559385, -38.14422783], [145.12567375, -38.1439593], [145.12574344, -38.14378216], [145.12584596, -38.14355716], [145.12624714, -38.14264358]]}}, {"type": "Feature", "properties": {"route_short_name": "Belgrave", "route_long_name": "Belgrave - City", "route_type": "train", "color": "#4d7cff"}, "geometry": {"type": "LineString", "coordinates": [[145.35509348, -37.90907662], [145.35469568, -37.90953726], [145.35456637, -37.9096791], [145.35451387, -37.90973334], [145.35442675, -37.90981431], [145.35431804, -37.90990463], [145.35422163, -37.90997898], [145.35413475, -37.91003914], [145.35399667, -37.91012553], [145.35387745, -37.91018757], [145.35379443, -37.91022751], [145.35371665, -37.9102622], [145.35353565, -37.91033483], [145.35335524, -37.9103962], [145.35319955, -37.91044088], [145.35296875, -37.9104919], [145.35276653, -37.91052152], [145.35268308, -37.91052954], [145.35250275, -37.91054144], [145.35227355, -37.91054129], [145.35217059, -37.91053723], [145.35201252, -37.9105252], [145.35188013, -37.91050901], [145.35178161, -37.91049421], [145.35156137, -37.91044957], [145.35140994, -37.91041023], [145.35123609, -37.91035598], [145.35102094, -37.9102714], [145.35087695, -37.91020486], [145.35074521, -37.91013939], [145.35027169, -37.90988933], [145.35008815, -37.90979519], [145.35000783, -37.90975514], [145.3499011, -37.90970579], [145.34968263, -37.90961756], [145.34949499, -37.90954941], [145.34928735, -37.90948539], [145.34913325, -37.90944349], [145.34897778, -37.90940697], [145.34868631, -37.90934313], [145.34774415, -37.90916976], [145.34695747, -37.90903272], [145.34669677, -37.90899202], [145.34642839, -37.90895869], [145.34617095, -37.90893461], [145.34583152, -37.90891479], [145.34547345, -37.90890444], [145.34526665, -37.90889486], [145.34513965, -37.9088874], [145.34498274, -37.90887447], [145.34483324, -37.90885578], [145.34462897, -37.9088247], [145.34451276, -37.90880243], [145.34427901, -37.90874678], [145.34417561, -37.90871639], [145.34399926, -37.90865777], [145.3438518, -37.90860387], [145.34367893, -37.90852682], [145.34358328, -37.9084805], [145.34349469, -37.9084341], [145.34297942, -37.90812999], [145.34278992, -37.9080135], [145.34239315, -37.90777116], [145.34219729, -37.90765449], [145.34202435, -37.90756013], [145.34185154, -37.90747046], [145.34171148, -37.90740648], [145.34156415, -37.90734709], [145.34137444, -37.90728034], [145.34110749, -37.90720916], [145.34094719, -37.9071704], [145.34078326, -37.90714105], [145.34063805, -37.90711891], [145.34037502, -37.90708591], [145.34001141, -37.90704437], [145.33982872, -37.90701963], [145.33967394, -37.90699338], [145.33949675, -37.90695699], [145.33928192, -37.90689989], [145.33910556, -37.90684207], [145.33896594, -37.90678864], [145.33873325, -37.90669163], [145.33859213, -37.90662411], [145.33811669, -37.90636596], [145.33750193, -37.90602681], [145.33722874, -37.90587947], [145.3370687, -37.90579872], [145.33688258, -37.90571462], [145.33661908, -37.90561194], [145.33647145, -37.90556596], [145.33634115, -37.90552879], [145.33617542, -37.90548887], [145.33601255, -37.90545313], [145.33587728, -37.90542923], [145.3356101, -37.90539922], [145.33494893, -37.90535833], [145.334784, -37.90534374], [145.33462869, -37.90532559], [145.33444143, -37.90529716], [145.33429877, -37.90526847], [145.33413556, -37.90522786], [145.33392218, -37.9051622], [145.33367137, -37.90506718], [145.33310195, -37.90484174], [145.33287682, -37.90474753], [145.33270223, -37.90466214], [145.33254215, -37.90457354], [145.33238936, -37.90447936], [145.33221357, -37.90436142], [145.33203782, -37.90423637], [145.3317127, -37.90399717], [145.33150345, -37.90383442], [145.33131639, -37.90368154], [145.33119027, -37.90357016], [145.33111734, -37.90350577], [145.33068905, -37.90311128], [145.33058848, -37.90302153], [145.33049788, -37.90294391], [145.33039295, -37.90286123], [145.33029011, -37.90278704], [145.33017055, -37.90271216], [145.33007337, -37.90265419], [145.3297628, -37.90247621], [145.32957093, -37.90235011], [145.32939986, -37.90224494], [145.32919088, -37.90213671], [145.32899832, -37.90204143], [145.32875347, -37.90192962], [145.32850754, -37.90183069], [145.32826866, -37.90174177], [145.3279345, -37.90162149], [145.32769983, -37.90152218], [145.32741845, -37.90139192], [145.32716519, -37.90126008], [145.32656101, -37.90093471], [145.32616556, -37.90071379], [145.32578615, -37.90049237], [145.32551026, -37.90034092], [145.32526003, -37.90021596], [145.32505349, -37.90012074], [145.32476773, -37.90000321], [145.3242305, -37.89979107], [145.32394677, -37.89966393], [145.32363006, -37.89950738], [145.32330949, -37.89932996], [145.32276126, -37.89902142], [145.32196487, -37.89858298], [145.32137156, -37.89824639], [145.32099116, -37.89802539], [145.3206276, -37.89781851], [145.3203109, -37.89764682], [145.3200561, -37.89749908], [145.3197663, -37.89730956], [145.31898097, -37.8967615], [145.31862245, -37.89653891], [145.31835117, -37.89639084], [145.31809458, -37.89625668], [145.31710478, -37.8957639], [145.31649042, -37.89544014], [145.3163263, -37.89534109], [145.31618695, -37.89524267], [145.31599213, -37.89508361], [145.31583291, -37.89493389], [145.31571402, -37.89480151], [145.31561258, -37.89468146], [145.31542565, -37.89443582], [145.31514929, -37.89404696], [145.31502747, -37.89389832], [145.31490988, -37.89376407], [145.31476415, -37.8936313], [145.31461059, -37.89350816], [145.31445897, -37.89339974], [145.3142378, -37.89326932], [145.31415285, -37.89322466], [145.31404815, -37.89317783], [145.31392823, -37.89313051], [145.31380375, -37.89308394], [145.31367525, -37.89304389], [145.31354545, -37.89301058], [145.31335588, -37.89297073], [145.31313673, -37.89293614], [145.31302621, -37.89292572], [145.31282335, -37.89291461], [145.31271014, -37.89291227], [145.31250344, -37.89291543], [145.3111392, -37.89297156], [145.31082721, -37.89297907], [145.31058611, -37.8929793], [145.31035926, -37.89297334], [145.31021637, -37.89296616], [145.30957751, -37.89293012], [145.30916623, -37.89290277], [145.30889155, -37.89287989], [145.30875009, -37.89286488], [145.30858397, -37.89284366], [145.30829005, -37.89279663], [145.30706612, -37.89259131], [145.30631174, -37.89246537], [145.30609701, -37.8924265], [145.30601555, -37.89240838], [145.30587075, -37.89237034], [145.30559586, -37.89228717], [145.30546458, -37.89223932], [145.30534586, -37.89218966], [145.30501072, -37.89203118], [145.30483209, -37.89195588], [145.3043873, -37.89178879], [145.30411928, -37.8916839], [145.30370148, -37.89151521], [145.30293798, -37.89119283], [145.30270928, -37.89108968], [145.30249464, -37.8909879], [145.30213506, -37.89080491], [145.30190182, -37.8906815], [145.30134018, -37.89037906], [145.30060381, -37.88997586], [145.3003777, -37.88984391], [145.30017253, -37.8897163], [145.29992855, -37.88955083], [145.29962824, -37.88932281], [145.29932075, -37.88905134], [145.29917604, -37.88891551], [145.29904543, -37.88877998], [145.29888755, -37.8886043], [145.29878162, -37.88847831], [145.29851765, -37.88812456], [145.29841922, -37.8879793], [145.29833295, -37.8878344], [145.29817315, -37.8875492], [145.29797542, -37.88716811], [145.29781905, -37.88685799], [145.29752836, -37.88629206], [145.29735982, -37.88595203], [145.29722238, -37.88569401], [145.29693867, -37.88513116], [145.29583405, -37.88296822], [145.29579847, -37.88290353], [145.29559416, -37.88249819], [145.29549705, -37.88231609], [145.29540667, -37.882133], [145.29532394, -37.88197788], [145.29516423, -37.88166519], [145.29465074, -37.88065479], [145.294465, -37.88029811], [145.29430084, -37.87997147], [145.29383335, -37.87906277], [145.29363886, -37.87867639], [145.29212815, -37.87571717], [145.29202562, -37.87550967], [145.29195358, -37.87537488], [145.29171761, -37.87491436], [145.29127774, -37.87404309], [145.29113562, -37.87378274], [145.29101354, -37.87358477], [145.29087411, -37.8733752], [145.29065679, -37.87308717], [145.29004514, -37.8723693], [145.28995564, -37.87226707], [145.2889281, -37.87104929], [145.28853517, -37.87052953], [145.28818651, -37.86998851], [145.28789676, -37.86943699], [145.28763259, -37.86884619], [145.28736979, -37.86809346], [145.28697816, -37.86685581], [145.28681316, -37.86631799], [145.28669916, -37.86591458], [145.28659233, -37.8654717], [145.28646353, -37.86496136], [145.28627166, -37.86434728], [145.28612321, -37.86382133], [145.28600619, -37.86338696], [145.2858275, -37.86286138], [145.28570543, -37.86255157], [145.28516764, -37.86142353], [145.28492429, -37.86099128], [145.28474311, -37.86062753], [145.28464395, -37.860438], [145.28458322, -37.86032194], [145.28427595, -37.85970013], [145.28407864, -37.85932181], [145.28386666, -37.8589586], [145.28362799, -37.85854029], [145.28335709, -37.85801733], [145.28311965, -37.8575419], [145.28284747, -37.85708868], [145.28252559, -37.8566323], [145.28219973, -37.85624471], [145.28111742, -37.85511916], [145.28010212, -37.85407542], [145.27838701, -37.85228551], [145.27531723, -37.84910967], [145.27374185, -37.84747351], [145.27299482, -37.84669409], [145.27245566, -37.84614869], [145.27183071, -37.84549642], [145.27111322, -37.84475293], [145.27036463, -37.84399924], [145.26994032, -37.84360837], [145.26970701, -37.84339884], [145.26949238, -37.84321256], [145.2692227, -37.84296941], [145.2690826, -37.84283722], [145.26888311, -37.84263962], [145.26849742, -37.84224553], [145.26771297, -37.84142839], [145.26736558, -37.84106866], [145.2672209, -37.840909], [145.26672573, -37.84030357], [145.26624285, -37.83977601], [145.26528535, -37.83878067], [145.26465579, -37.83811666], [145.26396374, -37.83739441], [145.26364324, -37.83707661], [145.26332279, -37.83678106], [145.26289977, -37.83644542], [145.26271516, -37.83630788], [145.26211979, -37.83588823], [145.26166248, -37.83561923], [145.26115684, -37.83537141], [145.26073307, -37.83517968], [145.26029861, -37.8350123], [145.25982966, -37.8348573], [145.25942945, -37.83473162], [145.25858063, -37.83454306], [145.25825297, -37.8344681], [145.25791004, -37.83440012], [145.25705092, -37.83424907], [145.2530932, -37.83349162], [145.25164985, -37.83320434], [145.25032773, -37.83296129], [145.24948724, -37.83279703], [145.24911168, -37.83271638], [145.24881239, -37.83263911], [145.24839485, -37.8324978], [145.24791081, -37.83229549], [145.24758888, -37.83213344], [145.24712296, -37.83185217], [145.24681054, -37.83162447], [145.2464605, -37.83132997], [145.24617355, -37.83104398], [145.24590659, -37.83071989], [145.24570405, -37.83042966], [145.24554316, -37.83016591], [145.24529513, -37.82971467], [145.2449758, -37.82914107], [145.24457261, -37.82840535], [145.24313484, -37.82577544], [145.24254391, -37.82466958], [145.2409888, -37.82181007], [145.2403866, -37.82072214], [145.23982335, -37.81968806], [145.23950937, -37.81911749], [145.23911452, -37.81838909], [145.23897388, -37.8181451], [145.23877181, -37.81781358], [145.2384587, -37.81732693], [145.2382812, -37.81706617], [145.23805007, -37.81670583], [145.23790795, -37.81647651], [145.23767335, -37.81611846], [145.23759042, -37.81599907], [145.23747817, -37.81586591], [145.23728548, -37.81566611], [145.23719436, -37.81558066], [145.23694765, -37.81536933], [145.23685447, -37.81529863], [145.23674046, -37.81522032], [145.23663865, -37.81515463], [145.23649663, -37.81506959], [145.23632674, -37.8149763], [145.23616928, -37.81490031], [145.23604591, -37.81484313], [145.23583833, -37.81475873], [145.23566794, -37.81469642], [145.23551803, -37.81464668], [145.23525493, -37.81457037], [145.23503482, -37.81451598], [145.23487051, -37.81448008], [145.23473854, -37.81445449], [145.23456419, -37.81442493], [145.23430686, -37.81439268], [145.23414329, -37.8143777], [145.23400015, -37.81436844], [145.23374452, -37.81436028], [145.23351537, -37.81436126], [145.23325129, -37.81437388], [145.23311912, -37.81438559], [145.23290767, -37.81441117], [145.23269578, -37.81444584], [145.23259942, -37.81446584], [145.2323681, -37.8145196], [145.23223715, -37.81455629], [145.23214427, -37.81458311], [145.23187942, -37.81467087], [145.23160285, -37.81477838], [145.2313691, -37.81487707], [145.23059129, -37.8152192], [145.22997926, -37.81548316], [145.22888483, -37.81596354], [145.22821337, -37.81625634], [145.22809422, -37.81630312], [145.22789316, -37.81637381], [145.22769028, -37.81645367], [145.22709172, -37.8167143], [145.22545038, -37.81743596], [145.22526424, -37.81751426], [145.22491268, -37.81765442], [145.22471893, -37.81772774], [145.22439479, -37.81783794], [145.22423134, -37.8178891], [145.22402931, -37.81794769], [145.22381192, -37.81800732], [145.22366538, -37.81804467], [145.22345405, -37.8180933], [145.22309703, -37.81816722], [145.22292291, -37.81819911], [145.22276747, -37.81822389], [145.22257547, -37.81825272], [145.22232772, -37.81828484], [145.2219774, -37.81832092], [145.22152395, -37.81835643], [145.21635887, -37.81868277], [145.21537417, -37.81874716], [145.21432612, -37.81881021], [145.21405825, -37.81882823], [145.21360537, -37.81885876], [145.21284837, -37.81890279], [145.21253405, -37.81891568], [145.21219985, -37.81892422], [145.21183019, -37.81892329], [145.21143853, -37.81891662], [145.21104832, -37.81890132], [145.21077084, -37.81888467], [145.21024843, -37.81884438], [145.20201422, -37.8181774], [145.19844993, -37.81788077], [145.19677346, -37.81774597], [145.19639895, -37.81772077], [145.19618283, -37.81771314], [145.19599309, -37.81770933], [145.19586368, -37.81770996], [145.19563485, -37.81771592], [145.19538645, -37.81773257], [145.19519815, -37.81774897], [145.19500345, -37.81777167], [145.19465868, -37.81781739], [145.19418955, -37.81788509], [145.19323247, -37.81803767], [145.19190145, -37.8182484], [145.19166307, -37.81828259], [145.19106192, -37.81838312], [145.1903575, -37.81847441], [145.19019353, -37.81848982], [145.18991197, -37.81851009], [145.18970606, -37.81852207], [145.18881925, -37.81856431], [145.18852565, -37.81858917], [145.1882649, -37.81861796], [145.18809038, -37.8186424], [145.18563524, -37.81901429], [145.1853558, -37.81906414], [145.18396022, -37.81927902], [145.18295214, -37.81941541], [145.18230643, -37.81949772], [145.18171237, -37.81958183], [145.1800771, -37.81983666], [145.17935035, -37.81995258], [145.17864507, -37.82005009], [145.17838085, -37.82007656], [145.17647373, -37.82029316], [145.17608887, -37.82034226], [145.17536475, -37.82044324], [145.17487722, -37.82053716], [145.17480778, -37.82055167], [145.1740967, -37.82068142], [145.17310119, -37.82086866], [145.17141921, -37.82117726], [145.17092699, -37.8212536], [145.17015193, -37.82136476], [145.16795625, -37.82170308], [145.16765812, -37.82174512], [145.16734759, -37.82178337], [145.16706186, -37.82181118], [145.16667171, -37.821839], [145.16636867, -37.82184996], [145.16588601, -37.8218519], [145.1653579, -37.82183124], [145.16500843, -37.82180399], [145.1646211, -37.82176379], [145.16240393, -37.82148751], [145.16081637, -37.82129474], [145.15781588, -37.82092358], [145.15720027, -37.82084447], [145.15283862, -37.82030723], [145.15235602, -37.82026587], [145.15204552, -37.8202527], [145.15167686, -37.82024367], [145.15094404, -37.82023667], [145.15006843, -37.82022481], [145.14977486, -37.82022083], [145.14910353, -37.82021704], [145.14826246, -37.82018219], [145.14722314, -37.82007941], [145.14447768, -37.81978186], [145.14420586, -37.81976208], [145.14392757, -37.81975571], [145.14375455, -37.8197556], [145.14347378, -37.81977577], [145.14325296, -37.81980176], [145.14305575, -37.81983281], [145.14286095, -37.81987218], [145.14253277, -37.8199619], [145.14218869, -37.82007813], [145.14188425, -37.82020851], [145.14134465, -37.8204882], [145.14085858, -37.82073043], [145.14022595, -37.82104523], [145.13982877, -37.8212355], [145.13950579, -37.82136171], [145.1391723, -37.82146323], [145.13900289, -37.8215048], [145.13883891, -37.82153826], [145.13871634, -37.82156011], [145.13856887, -37.82158301], [145.13835889, -37.82160673], [145.13820535, -37.821618], [145.13796902, -37.82162355], [145.1378157, -37.82162139], [145.13763589, -37.82161557], [145.13745272, -37.8216033], [145.13700041, -37.82154577], [145.13203136, -37.82081251], [145.13145259, -37.8207242], [145.13076168, -37.82061446], [145.13015293, -37.82051251], [145.12955199, -37.82041618], [145.12835209, -37.82024932], [145.12766093, -37.82016281], [145.12603456, -37.81994652], [145.12553567, -37.81987648], [145.12482949, -37.8197689], [145.12369968, -37.81960284], [145.12183413, -37.81934392], [145.12069901, -37.81918649], [145.1178993, -37.81873118], [145.11644421, -37.81848271], [145.11616946, -37.81844019], [145.11595326, -37.8184097], [145.11571947, -37.81838253], [145.11535204, -37.81834799], [145.11516461, -37.81833426], [145.11489115, -37.81831709], [145.11461598, -37.8183043], [145.11381709, -37.81826997], [145.11353536, -37.81826077], [145.11332133, -37.81825626], [145.11312676, -37.81825503], [145.11269714, -37.81825842], [145.11099888, -37.81830302], [145.10904651, -37.8183691], [145.10858883, -37.81840807], [145.10829604, -37.81844473], [145.10810121, -37.81847594], [145.10799004, -37.81849641], [145.10782145, -37.818532], [145.10760751, -37.81858624], [145.10746036, -37.81862758], [145.10726555, -37.81868916], [145.10706381, -37.81875954], [145.10682325, -37.81885526], [145.10666222, -37.81892828], [145.10649467, -37.81900786], [145.10636076, -37.8190778], [145.10603287, -37.81926989], [145.10548357, -37.81963496], [145.1050245, -37.81995471], [145.10434796, -37.82041694], [145.10362421, -37.82091717], [145.1032265, -37.82119986], [145.10295058, -37.8214072], [145.10252685, -37.82171678], [145.10158886, -37.82236116], [145.10020691, -37.82331396], [145.09958113, -37.82368642], [145.09929876, -37.82383858], [145.09894073, -37.82401276], [145.09864338, -37.82414206], [145.09833687, -37.82427013], [145.09790728, -37.82442576], [145.09757105, -37.82453388], [145.09718091, -37.82464879], [145.09685452, -37.82473642], [145.09639862, -37.82483666], [145.09616048, -37.8248812], [145.0959466, -37.82491451], [145.09576977, -37.82493842], [145.095486, -37.8249724], [145.09490956, -37.82501516], [145.09448845, -37.82503529], [145.09405132, -37.82503741], [145.09351084, -37.82502046], [145.09295031, -37.82497074], [145.09256128, -37.8249228], [145.09053803, -37.82459306], [145.08995221, -37.82449317], [145.08951451, -37.82442957], [145.08872135, -37.8243072], [145.08827037, -37.82423004], [145.08725254, -37.82400046], [145.08696942, -37.82394341], [145.08668279, -37.82388982], [145.08584666, -37.82374727], [145.08556618, -37.82370666], [145.08527776, -37.82367458], [145.08504003, -37.82365909], [145.08492243, -37.82365501], [145.08460649, -37.82365438], [145.0844777, -37.82365724], [145.08422704, -37.82367155], [145.08398945, -37.82369462], [145.08383294, -37.82371479], [145.08370699, -37.823735], [145.08346464, -37.82377954], [145.08316884, -37.82384808], [145.08301565, -37.82388938], [145.08278205, -37.82396029], [145.08264245, -37.82400731], [145.08249472, -37.82406132], [145.08223429, -37.82416801], [145.08155776, -37.82446502], [145.08135638, -37.8245551], [145.08001453, -37.82513703], [145.07970009, -37.82527996], [145.07948982, -37.82537107], [145.07938207, -37.82541644], [145.07913278, -37.82551367], [145.07897833, -37.8255682], [145.07880895, -37.82562428], [145.07866056, -37.82566854], [145.07832222, -37.8257517], [145.0781561, -37.82578728], [145.07789577, -37.8258326], [145.07763477, -37.82586421], [145.07753021, -37.8258744], [145.07737815, -37.82588507], [145.07709764, -37.8258977], [145.0769355, -37.8258983], [145.07676503, -37.82589578], [145.0766243, -37.82588997], [145.07636687, -37.82587171], [145.07595505, -37.82582659], [145.0752498, -37.8257673], [145.07291741, -37.8256274], [145.07122075, -37.8255296], [145.07068586, -37.82551633], [145.07015891, -37.82553851], [145.06998632, -37.825552], [145.06966267, -37.82558959], [145.06937989, -37.82562866], [145.06909758, -37.82568017], [145.06896905, -37.8257078], [145.06826289, -37.82587493], [145.06800164, -37.82592949], [145.06774238, -37.82597263], [145.06748227, -37.82600928], [145.06710412, -37.82605011], [145.06692039, -37.82607242], [145.06672608, -37.82610384], [145.06650335, -37.82614929], [145.06591072, -37.82629339], [145.06568546, -37.82634421], [145.06552794, -37.8263765], [145.06527446, -37.82642019], [145.06514461, -37.82643707], [145.06501087, -37.82645074], [145.06484728, -37.82646301], [145.06207905, -37.82655419], [145.0617921, -37.82653937], [145.06158161, -37.82653383], [145.06075344, -37.82656066], [145.06040676, -37.82656666], [145.05870282, -37.82657282], [145.05824781, -37.82657659], [145.05773522, -37.82657931], [145.05750224, -37.82657745], [145.05735705, -37.82657271], [145.05717271, -37.82656201], [145.05689784, -37.8265417], [145.0567562, -37.82652728], [145.05664006, -37.82651086], [145.05648657, -37.8264848], [145.0563644, -37.82646017], [145.05626976, -37.82643833], [145.05611045, -37.82639569], [145.05597587, -37.82635066], [145.05572804, -37.82626077], [145.05549755, -37.82616432], [145.05536905, -37.82610398], [145.05520246, -37.8260185], [145.05511156, -37.82596708], [145.05497323, -37.82588269], [145.05489011, -37.82582887], [145.0547559, -37.825735], [145.05468114, -37.82567898], [145.05454825, -37.82557369], [145.05448877, -37.82552386], [145.05435614, -37.82540442], [145.05422771, -37.82528082], [145.05410286, -37.82515088], [145.05380359, -37.82482682], [145.05372181, -37.82473508], [145.05360234, -37.8246164], [145.05351583, -37.82453621], [145.05339029, -37.82442833], [145.05330486, -37.8243587], [145.05319659, -37.82427652], [145.05310503, -37.82421121], [145.05291127, -37.82408382], [145.05280343, -37.82401967], [145.05271277, -37.82396789], [145.05255465, -37.82388471], [145.05243473, -37.82382631], [145.05231033, -37.82376991], [145.05221483, -37.82372958], [145.05212443, -37.82369339], [145.05190261, -37.82361339], [145.05172063, -37.82355631], [145.0515247, -37.82350269], [145.05142085, -37.82347709], [145.05122183, -37.82343306], [145.05085347, -37.82336514], [145.04907995, -37.82306568], [145.04737385, -37.82276497], [145.04693336, -37.82269702], [145.04631803, -37.82261579], [145.04590467, -37.82256622], [145.04517352, -37.82247847], [145.0446645, -37.82242046], [145.04434488, -37.82238739], [145.04404294, -37.82236021], [145.04372909, -37.82233679], [145.04300988, -37.82229212], [145.04257485, -37.82225876], [145.04233145, -37.82223912], [145.04199895, -37.8222034], [145.04004585, -37.82196517], [145.03908889, -37.82183361], [145.03860824, -37.82177694], [145.03841202, -37.82175637], [145.03814846, -37.82173873], [145.03756848, -37.82170924], [145.03726557, -37.82169752], [145.03693075, -37.8216768], [145.03661395, -37.82164511], [145.03645373, -37.82162487], [145.03596956, -37.82155957], [145.03569965, -37.82153317], [145.03502105, -37.8214484], [145.03475324, -37.82141987], [145.03446887, -37.82139457], [145.0342354, -37.82137797], [145.03378264, -37.8213577], [145.03308139, -37.82133896], [145.03276205, -37.8213256], [145.03246174, -37.82131049], [145.03201347, -37.82127119], [145.03151862, -37.82121479], [145.03007988, -37.82103636], [145.02955237, -37.82096499], [145.02879784, -37.82084377], [145.028463, -37.82079427], [145.02778045, -37.82070913], [145.02749826, -37.82067917], [145.02717227, -37.82065127], [145.02701136, -37.82064433], [145.02684957, -37.82064063], [145.02669062, -37.8206413], [145.02637493, -37.82065764], [145.02619805, -37.8206745], [145.02599439, -37.82069866], [145.02580115, -37.82072841], [145.02556864, -37.82076966], [145.02535168, -37.82081549], [145.02514559, -37.82086701], [145.02492439, -37.82093548], [145.0247278, -37.82100554], [145.02458152, -37.82106347], [145.02425196, -37.82121231], [145.02391048, -37.82139871], [145.02372714, -37.82150873], [145.0235895, -37.82160051], [145.02336055, -37.82175942], [145.0228138, -37.82216208], [145.02264161, -37.82228418], [145.02180396, -37.82292734], [145.0212564, -37.82331727], [145.02071, -37.82369767], [145.02029326, -37.82399166], [145.01976122, -37.82434427], [145.0192033, -37.82468319], [145.01864538, -37.82498831], [145.01763255, -37.8255646], [145.01656135, -37.82618208], [145.01613205, -37.82643907], [145.01573832, -37.82668314], [145.01553505, -37.82680633], [145.01526989, -37.82695002], [145.01507885, -37.82704097], [145.01476905, -37.8271757], [145.01461207, -37.82723767], [145.01428833, -37.82735423], [145.01411875, -37.82741157], [145.01381814, -37.82750833], [145.01351967, -37.82759747], [145.01334035, -37.82764527], [145.01304405, -37.82771696], [145.01279521, -37.82776836], [145.01266862, -37.82779056], [145.01250155, -37.82781784], [145.01227085, -37.82784981], [145.01202779, -37.82787644], [145.01179575, -37.82789442], [145.01157885, -37.82790734], [145.01135516, -37.82791509], [145.01104085, -37.82791708], [145.01073405, -37.82790983], [145.01050689, -37.8278986], [145.00976126, -37.82782544], [145.00928652, -37.82776821], [145.00769617, -37.82759324], [145.00706666, -37.82752419], [145.00621995, -37.82743731], [145.00554986, -37.82737748], [145.00469004, -37.82730487], [145.00415066, -37.82725202], [145.00373992, -37.82720631], [145.00315226, -37.82713633], [145.00286511, -37.82710839], [145.00246724, -37.82706568], [144.99932033, -37.82671684], [144.99824925, -37.82659608], [144.99791636, -37.8265623], [144.99678878, -37.82643498], [144.99500446, -37.82624231], [144.99461846, -37.8261941], [144.99444504, -37.82616627], [144.99432164, -37.82614173], [144.9941788, -37.82610893], [144.99404277, -37.82607264], [144.99391839, -37.82603393], [144.99373678, -37.82596892], [144.99355795, -37.82589351], [144.9934355, -37.82583393], [144.99338171, -37.82580634], [144.99324139, -37.82572699], [144.99311547, -37.82564869], [144.99301015, -37.82557723], [144.99285505, -37.82546483], [144.99248725, -37.82518099], [144.99200696, -37.82480593], [144.99185836, -37.82468408], [144.99157732, -37.82448589], [144.9912251, -37.82428172], [144.99100201, -37.8241713], [144.99077659, -37.82407968], [144.99063284, -37.82402649], [144.9901828, -37.82388913], [144.98969571, -37.82375708], [144.98815786, -37.82333952], [144.98787912, -37.82327051], [144.98702771, -37.82307914], [144.98682686, -37.82302858], [144.98660767, -37.82296742], [144.98650661, -37.82293632], [144.98632589, -37.82287636], [144.98613559, -37.82280561], [144.9859528, -37.8227303], [144.98522051, -37.82241993], [144.98475245, -37.82221546], [144.98442053, -37.82206757], [144.98416111, -37.8219485], [144.98367217, -37.82171394], [144.98344719, -37.8215987], [144.98302856, -37.8213729], [144.98275558, -37.82122223], [144.98253264, -37.82109459], [144.98215411, -37.8208647], [144.98196874, -37.82074681], [144.98172255, -37.82058028], [144.98126799, -37.8202852], [144.98079623, -37.8199963], [144.98042921, -37.8197867], [144.98006215, -37.81956601], [144.97962014, -37.81934449], [144.97941762, -37.819239], [144.97922515, -37.81913612], [144.97889954, -37.81895372], [144.97785218, -37.81833979], [144.97773326, -37.81827241], [144.97744209, -37.81809808], [144.97728705, -37.81800142], [144.97713075, -37.81789672], [144.97651135, -37.81747019], [144.97634406, -37.81736034], [144.97623147, -37.8172901], [144.97608949, -37.81720637], [144.97596727, -37.81713929], [144.97580326, -37.81705501], [144.97552452, -37.8169291], [144.97538935, -37.81687469], [144.97524863, -37.8168236], [144.97511975, -37.81678011], [144.97487488, -37.81670759], [144.97470535, -37.81666358], [144.97456231, -37.81663102], [144.97433979, -37.81658862], [144.97421903, -37.81656816], [144.97405731, -37.81654582], [144.97390488, -37.81652851], [144.97369975, -37.81651074], [144.97357791, -37.8165045], [144.97338663, -37.81649968], [144.97308809, -37.81650391], [144.97296034, -37.81651063], [144.97278357, -37.81652354], [144.97261715, -37.81653996], [144.97247705, -37.81655782], [144.97221765, -37.81660121], [144.97208196, -37.81662834], [144.97194215, -37.81666018], [144.97176464, -37.81670452], [144.97102584, -37.81691439], [144.97068825, -37.81701689], [144.97050974, -37.81706851], [144.97029404, -37.8171213], [144.96922686, -37.81735874], [144.96903875, -37.81741624], [144.96817998, -37.81766772], [144.9679899, -37.817714], [144.967829, -37.81774862], [144.96685319, -37.81801736], [144.9664867, -37.81812143]]}}]}